id_documento;tipo_documento;folio;id_cliente;id_vendedor;id_condicion;linea_negocio;fecha_emision;fecha_vencimiento;moneda;monto_neto;monto_iva;monto_total;estado_sii;centro_costo
DOC-2024-00015;FEX;50015;CL0018;V003;CP60;EXPORTACION;2024-01-02;2024-03-02;CLP;51527074;0;51527074;ACEPTADO;PLANTA_CORONEL
DOC-2024-00159;FEX;50159;CL0049;V003;CP60;EXPORTACION;2024-01-02;2024-03-02;USD;41229.66;0;41229.66;ACEPTADO;PLANTA_TALCAHUANO
DOC-2024-00258;FEX;50258;CL0032;V002;CP60;EXPORTACION;2024-01-02;2024-03-02;USD;68498.19;0;68498.19;ACEPTADO;PLANTA_CALDERA
DOC-2024-00316;FEX;50316;CL0010;V003;CP60;EXPORTACION;2024-01-02;2024-03-02;USD;24166.54;0;24166.54;ACEPTADO;PLANTA_CALDERA
DOC-2024-00472;FAC;100086;CL0114;V008;CP30;FOODSERVICE;2024-01-02;2024-02-01;CLP;4853925;922246;5776171;ACEPTADO;PLANTA_TALCAHUANO
DOC-2024-00759;FAC;100356;CL0073;V005;CP45;FOODSERVICE;2024-01-02;2024-02-16;CLP;7882270;1497631;9379901;ACEPTADO;PLANTA_TALCAHUANO
DOC-2024-00796;FAC;100390;CL0073;V005;CP45;FOODSERVICE;2024-01-02;2024-02-16;CLP;4015730;762989;4778719;ACEPTADO;PLANTA_TALCAHUANO
DOC-2024-00833;FAC;100426;CL0100;V008;CP45;FOODSERVICE;2024-01-02;2024-02-16;CLP;8599259;1633859;10233118;ACEPTADO;CD_SANTIAGO
DOC-2024-00885;FEE;8031;CL0074;V007;CP30;FOODSERVICE;2024-01-02;2024-02-01;CLP;20533174;0;20533174;ACEPTADO;PLANTA_TALCAHUANO
DOC-2024-00973;FAC;100551;CL0172;V005;CP30;FOODSERVICE;2024-01-02;2024-02-01;CLP;1491109;283311;1774420;RECLAMADO;CD_SANTIAGO
DOC-2024-01206;FAC;100760;CL0127;V008;CP30;FOODSERVICE;2024-01-02;2024-02-01;CLP;1413220;268512;1681732;ACEPTADO;CD_SANTIAGO
DOC-2024-01279;FAC;100828;CL0090;V007;CP30;FOODSERVICE;2024-01-02;2024-02-01;CLP;3335055;633660;3968715;ACEPTADO;CD_SANTIAGO
DOC-2024-01383;FAC;100922;CL0205;V007;CP30;FOODSERVICE;2024-01-02;2024-02-01;CLP;7022857;1334343;8357200;ACEPTADO;PLANTA_TALCAHUANO
DOC-2024-01391;FAC;100930;CL0221;V005;CP45;FOODSERVICE;2024-01-02;2024-02-16;CLP;2433296;462326;2895622;ACEPTADO;PLANTA_CORONEL
DOC-2024-01420;FAC;100958;CL0102;V008;CP60;FOODSERVICE;2024-01-02;2024-03-02;CLP;5183017;984773;6167790;ACEPTADO;CD_SANTIAGO
DOC-2024-01442;FAC;100978;CL0113;V005;CP60;FOODSERVICE;2024-01-02;2024-03-02;CLP;9443524;1794270;11237794;ACEPTADO;PLANTA_TALCAHUANO
DOC-2024-01547;FAC;101074;CL0168;V005;CP60;FOODSERVICE;2024-01-02;2024-03-02;CLP;3212670;610407;3823077;ACEPTADO;CD_SANTIAGO
DOC-2024-01566;FAC;101093;CL0211;V006;CP45;FOODSERVICE;2024-01-02;2024-02-16;CLP;2664935;506338;3171273;ACEPTADO;PLANTA_CORONEL
DOC-2024-01863;FAC;101369;CL0264;V010;CP60;RETAIL;2024-01-02;2024-03-02;CLP;2514935;477838;2992773;ACEPTADO;PLANTA_CORONEL
DOC-2024-01955;FEE;8121;CL0288;V010;CP45;RETAIL;2024-01-02;2024-02-16;CLP;11464347;0;11464347;ACEPTADO;PLANTA_TALCAHUANO
DOC-2024-00887;FAC;100473;CL0101;V008;CP45;FOODSERVICE;2024-01-03;2024-02-17;CLP;936003;177841;1113844;ACEPTADO;PLANTA_TALCAHUANO
DOC-2024-00896;FAC;100481;CL0149;V008;CP45;FOODSERVICE;2024-01-03;2024-02-17;CLP;2325266;441801;2767067;ACEPTADO;PLANTA_CORONEL
DOC-2024-00908;FAC;100491;CL0074;V007;CP30;FOODSERVICE;2024-01-03;2024-02-02;CLP;11071290;2103545;13174835;ACEPTADO;PLANTA_TALCAHUANO
DOC-2024-01640;FAC;101165;CL0102;V008;CP30;FOODSERVICE;2024-01-03;2024-02-02;CLP;11833614;2248387;14082001;ACEPTADO;PLANTA_CORONEL
DOC-2024-02005;FAC;101495;CL0286;V009;CP30;RETAIL;2024-01-03;2024-02-02;CLP;12563596;2387083;14950679;ACEPTADO;PLANTA_CORONEL
DOC-2024-00313;FEX;50313;CL0020;V004;CP60;EXPORTACION;2024-01-04;2024-03-04;USD;16491.82;0;16491.82;ACEPTADO;PLANTA_QUELLON
DOC-2024-00329;FEX;50329;CL0013;V003;CP60;EXPORTACION;2024-01-04;2024-03-04;USD;172180.02;0;172180.02;ACEPTADO;PLANTA_TALCAHUANO
DOC-2024-01491;FAC;101023;CL0095;V007;CP00;FOODSERVICE;2024-01-04;2024-01-04;CLP;12589219;2391952;14981171;ACEPTADO;CD_SANTIAGO
DOC-2024-00119;FEX;50119;CL0032;V002;CP90;EXPORTACION;2024-01-05;2024-04-04;USD;164590.42;0;164590.42;RECLAMADO;PLANTA_QUELLON
DOC-2024-00266;FEX;50266;CL0072;V004;CP90;EXPORTACION;2024-01-05;2024-04-04;USD;25807.79;0;25807.79;ACEPTADO;PLANTA_QUELLON
DOC-2024-00467;FAC;100081;CL0214;V008;CP45;FOODSERVICE;2024-01-05;2024-04-04;CLP;3600750;684142;4284892;ACEPTADO;PLANTA_TALCAHUANO
DOC-2024-00846;FAC;100438;CL0166;V008;CP45;FOODSERVICE;2024-01-05;2024-02-19;CLP;28186810;5355494;33542304;ACEPTADO;CD_SANTIAGO
DOC-2024-00856;FAC;100447;CL0217;V007;CP45;FOODSERVICE;2024-01-05;2024-02-19;CLP;5898884;1120788;7019672;ACEPTADO;PLANTA_CORONEL
DOC-2024-01376;FEE;8077;CL0193;V008;CP45;FOODSERVICE;2024-01-05;2024-02-19;CLP;2742764;0;2742764;ACEPTADO;PLANTA_TALCAHUANO
DOC-2024-01471;FAC;101006;CL0101;V008;CP30;FOODSERVICE;2024-01-05;2024-02-04;CLP;1838219;349262;2187481;ACEPTADO;CD_SANTIAGO
DOC-2024-01502;FAC;101032;CL0090;V007;CP30;FOODSERVICE;2024-01-05;2024-02-04;CLP;14459665;2747336;17207001;ACEPTADO;PLANTA_CORONEL
DOC-2024-01594;FAC;101121;CL0212;V005;CP30;FOODSERVICE;2024-01-05;2024-02-04;CLP;8213227;1560513;9773740;ACEPTADO;PLANTA_CORONEL
DOC-2024-01660;FAC;101185;CL0155;V005;CP60;FOODSERVICE;2024-01-05;2024-03-05;CLP;6179010;1174012;7353022;ACEPTADO;PLANTA_TALCAHUANO
DOC-2024-01976;FAC;101470;CL0311;V012;CP30;RETAIL;2024-01-05;2024-02-04;CLP;24334206;4623499;28957705;ACEPTADO;PLANTA_CORONEL
DOC-2024-01981;FAC;101474;CL0241;V011;CP60;RETAIL;2024-01-05;2024-03-05;CLP;10104023;1919764;12023787;ACEPTADO;CD_SANTIAGO
DOC-2024-00120;FEX;50120;CL0056;V002;CP90;EXPORTACION;2024-01-08;2024-04-07;USD;50595.73;0;50595.73;ACEPTADO;PLANTA_QUELLON
DOC-2024-01186;FAC;100740;CL0128;V005;CP60;FOODSERVICE;2024-01-08;2024-03-08;CLP;2327395;442205;2769600;ACEPTADO;CD_SANTIAGO
DOC-2024-01237;FAC;100789;CL0079;V008;CP60;FOODSERVICE;2024-01-08;2024-03-08;CLP;1357876;257996;1615872;ACEPTADO;PLANTA_CORONEL
DOC-2024-01448;FAC;100984;CL0196;V006;CP30;FOODSERVICE;2024-01-08;2024-02-07;CLP;4091463;777378;4868841;ACEPTADO;PLANTA_CORONEL
DOC-2024-01468;FAC;101003;CL0222;V005;CP60;FOODSERVICE;2024-01-08;2024-03-08;CLP;884695;168092;1052787;ACEPTADO;PLANTA_CORONEL
DOC-2024-01700;FAC;101220;CL0265;V009;CP60;RETAIL;2024-01-08;2024-03-08;CLP;26885504;5108246;31993750;ACEPTADO;PLANTA_TALCAHUANO
DOC-2024-01878;FAC;101383;CL0321;V010;CP60;RETAIL;2024-01-08;2024-03-08;CLP;22047877;4189097;26236974;ACEPTADO;PLANTA_TALCAHUANO
DOC-2024-00620;FAC;100225;CL0191;V006;CP45;FOODSERVICE;2024-01-09;2024-02-23;CLP;2433902;462441;2896343;ACEPTADO;PLANTA_TALCAHUANO
DOC-2024-00944;FEE;8038;CL0167;V008;CP00;FOODSERVICE;2024-01-09;2024-01-09;CLP;2010745;0;2010745;ACEPTADO;PLANTA_CORONEL
DOC-2024-00981;FAC;100558;CL0197;V008;CP30;FOODSERVICE;2024-01-09;2024-02-08;CLP;803815;152725;956540;ACEPTADO;PLANTA_CORONEL
DOC-2024-01067;FEE;8047;CL0220;V007;CP60;FOODSERVICE;2024-01-09;2024-03-09;CLP;4118358;0;4118358;ANULADO;PLANTA_TALCAHUANO
DOC-2024-01183;FAC;100737;CL0197;V008;CP45;FOODSERVICE;2024-01-09;2024-02-23;CLP;5422834;1030338;6453172;ACEPTADO;PLANTA_TALCAHUANO
DOC-2024-01269;FAC;100818;CL0177;V005;CP45;FOODSERVICE;2024-01-09;2024-02-23;CLP;1877046;356639;2233685;ACEPTADO;CD_SANTIAGO
DOC-2024-01318;FAC;100864;CL0097;V007;CP00;FOODSERVICE;2024-01-09;2024-01-09;CLP;4290520;815199;5105719;ACEPTADO;PLANTA_TALCAHUANO
DOC-2024-01772;FAC;101284;CL0239;V011;CP45;RETAIL;2024-01-09;2024-02-23;CLP;4980528;946300;5926828;ACEPTADO;CD_SANTIAGO
DOC-2024-00154;FEX;50154;CL0032;V002;CP90;EXPORTACION;2024-01-10;2024-04-09;USD;56255.98;0;56255.98;ACEPTADO;PLANTA_TALCAHUANO
DOC-2024-00315;FEX;50315;CL0049;V003;CP90;EXPORTACION;2024-01-10;2024-04-09;USD;23214.54;0;23214.54;ACEPTADO;PLANTA_TALCAHUANO
DOC-2024-00383;FEX;50383;CL0032;V002;CP90;EXPORTACION;2024-01-10;2024-04-09;USD;73979.44;0;73979.44;ACEPTADO;PLANTA_CORONEL
DOC-2024-00613;FAC;100218;CL0158;V007;CP45;FOODSERVICE;2024-01-10;2024-02-24;CLP;3840961;729783;4570744;ACEPTADO;PLANTA_TALCAHUANO
DOC-2024-00636;FAC;100240;CL0138;V005;CP60;FOODSERVICE;2024-01-10;2024-03-10;CLP;8419537;1599712;10019249;ACEPTADO;PLANTA_TALCAHUANO
DOC-2024-01087;FAC;100653;CL0074;V007;CP30;FOODSERVICE;2024-01-10;2024-02-09;CLP;12602269;2394431;14996700;ACEPTADO;PLANTA_TALCAHUANO
DOC-2024-01168;FAC;100722;CL0216;V005;CP30;FOODSERVICE;2024-01-10;2024-02-09;CLP;5897964;1120613;7018577;ACEPTADO;CD_SANTIAGO
DOC-2024-01331;FAC;100876;CL0197;V008;CP30;FOODSERVICE;2024-01-10;2024-02-09;CLP;5338336;1014284;6352620;ACEPTADO;PLANTA_CORONEL
DOC-2024-01573;FAC;101100;CL0081;V005;CP30;FOODSERVICE;2024-01-10;2024-02-09;CLP;5058174;961053;6019227;ACEPTADO;PLANTA_TALCAHUANO
DOC-2024-01793;FAC;101302;CL0333;V012;CP60;RETAIL;2024-01-10;2024-03-10;CLP;9510090;1806917;11317007;ACEPTADO;PLANTA_TALCAHUANO
DOC-2024-01960;FEE;8122;CL0323;V011;CP30;RETAIL;2024-01-10;2024-02-09;CLP;4909883;0;4909883;ACEPTADO;PLANTA_CORONEL
DOC-2024-01435;FAC;100973;CL0178;V008;CP30;FOODSERVICE;2024-01-11;2024-02-10;CLP;24215972;4601035;28817007;ACEPTADO;CD_SANTIAGO
DOC-2024-01610;FAC;101136;CL0208;V007;CP30;FOODSERVICE;2024-01-11;2024-02-10;CLP;4554954;865441;5420395;ACEPTADO;PLANTA_TALCAHUANO
DOC-2024-00093;FEX;50093;CL0042;V002;CP90;EXPORTACION;2024-01-12;2024-04-11;USD;74860.31;0;74860.31;ANULADO;PLANTA_QUELLON
DOC-2024-00196;FEX;50196;CL0012;V004;CP90;EXPORTACION;2024-01-12;2024-04-11;CLP;40666712;0;40666712;ACEPTADO;PLANTA_QUELLON
DOC-2024-00275;FEX;50275;CL0060;V003;CP60;EXPORTACION;2024-01-12;2024-03-12;USD;15937.29;0;15937.29;ACEPTADO;PLANTA_QUELLON
DOC-2024-00358;FEX;50358;CL0032;V002;CP90;EXPORTACION;2024-01-12;2024-04-11;USD;59061.55;0;59061.55;ACEPTADO;PLANTA_QUELLON
DOC-2024-00442;FAC;100057;CL0144;V006;CP60;FOODSERVICE;2024-01-12;2024-03-12;CLP;3363099;638989;4002088;ACEPTADO;CD_SANTIAGO
DOC-2024-00513;FAC;100124;CL0190;V006;CP30;FOODSERVICE;2024-01-12;2024-02-11;CLP;4379520;832109;5211629;ACEPTADO;CD_SANTIAGO
DOC-2024-00573;FAC;100180;CL0162;V007;CP30;FOODSERVICE;2024-01-12;2024-02-11;CLP;2206825;419297;2626122;ACEPTADO;PLANTA_CORONEL
DOC-2024-00610;FAC;100215;CL0186;V007;CP30;FOODSERVICE;2024-01-12;2024-02-11;CLP;3674858;698223;4373081;ACEPTADO;CD_SANTIAGO
DOC-2024-00651;FAC;100252;CL0116;V006;CP45;FOODSERVICE;2024-01-12;2024-02-26;CLP;4817662;915356;5733018;ACEPTADO;PLANTA_TALCAHUANO
DOC-2024-00854;FEE;8026;CL0080;V007;CP45;FOODSERVICE;2024-01-12;2024-02-26;CLP;14357114;0;14357114;ACEPTADO;PLANTA_TALCAHUANO
DOC-2024-01310;FAC;100856;CL0088;V005;CP45;FOODSERVICE;2024-01-12;2024-02-26;CLP;2209364;419779;2629143;ACEPTADO;PLANTA_CORONEL
DOC-2024-01411;FAC;100950;CL0112;V008;CP00;FOODSERVICE;2024-01-12;2024-01-12;CLP;8907186;1692365;10599551;ACEPTADO;CD_SANTIAGO
DOC-2024-01421;FAC;100959;CL0102;V008;CP30;FOODSERVICE;2024-01-12;2024-02-11;CLP;10372113;1970701;12342814;ACEPTADO;PLANTA_CORONEL
DOC-2024-01503;FAC;101033;CL0184;V005;CP60;FOODSERVICE;2024-01-12;2024-03-12;CLP;9875640;1876372;11752012;ACEPTADO;PLANTA_TALCAHUANO
DOC-2024-01617;FAC;101143;CL0074;V007;CP30;FOODSERVICE;2024-01-12;2024-02-11;CLP;12611311;2396149;15007460;ACEPTADO;PLANTA_CORONEL
DOC-2024-01729;FAC;101245;CL0279;V010;CP60;RETAIL;2024-01-12;2024-03-12;CLP;24209255;4599758;28809013;ACEPTADO;CD_SANTIAGO
DOC-2024-01195;FAC;100749;CL0139;V008;CP30;FOODSERVICE;2024-01-15;2024-04-14;CLP;7235976;1374835;8610811;ACEPTADO;PLANTA_TALCAHUANO
DOC-2024-01745;FAC;101260;CL0342;V011;CP60;RETAIL;2024-01-15;2024-03-15;CLP;1545481;293641;1839122;ACEPTADO;CD_SANTIAGO
DOC-2024-00112;FEX;50112;CL0034;V004;CP90;EXPORTACION;2024-01-16;2024-04-15;USD;79245.1;0;79245.1;ACEPTADO;PLANTA_QUELLON
DOC-2024-00225;FEX;50225;CL0042;V002;CP120;EXPORTACION;2024-01-16;2024-05-15;USD;55729.34;0;55729.34;ACEPTADO;PLANTA_CORONEL
DOC-2024-00420;FAC;100036;CL0175;V008;CP30;FOODSERVICE;2024-01-16;2024-02-15;CLP;7365243;1399396;8764639;ACEPTADO;CD_SANTIAGO
DOC-2024-00670;FAC;100271;CL0099;V008;CP45;FOODSERVICE;2024-01-16;2024-03-01;CLP;9361839;1778749;11140588;ACEPTADO;PLANTA_TALCAHUANO
DOC-2024-00919;FAC;100501;CL0173;V006;CP30;FOODSERVICE;2024-01-16;2024-02-15;CLP;5191297;986346;6177643;ACEPTADO;CD_SANTIAGO
DOC-2024-00957;FAC;100536;CL0148;V006;CP30;FOODSERVICE;2024-01-16;2024-02-15;CLP;2161978;410776;2572754;ACEPTADO;PLANTA_TALCAHUANO
DOC-2024-01286;FAC;100834;CL0193;V008;CP30;FOODSERVICE;2024-01-16;2024-02-15;CLP;17068633;3243040;20311673;ACEPTADO;CD_SANTIAGO
DOC-2024-01765;FEE;8104;CL0331;V011;CP45;RETAIL;2024-01-16;2024-03-01;CLP;4166164;0;4166164;ACEPTADO;PLANTA_CORONEL
DOC-2024-01766;FAC;101279;CL0325;V011;CP30;RETAIL;2024-01-16;2024-02-15;CLP;8208102;1559539;9767641;ACEPTADO;CD_SANTIAGO
DOC-2024-00098;FEX;50098;CL0014;V003;CP60;EXPORTACION;2024-01-17;2024-03-17;USD;46814.07;0;46814.07;ACEPTADO;PLANTA_CALDERA
DOC-2024-00592;FAC;100198;CL0193;V008;CP45;FOODSERVICE;2024-01-17;2024-03-02;CLP;16587372;3151601;19738973;ACEPTADO;CD_SANTIAGO
DOC-2024-00739;FAC;100337;CL0167;V008;CP30;FOODSERVICE;2024-01-17;2024-02-16;CLP;1361718;258726;1620444;ACEPTADO;CD_SANTIAGO
DOC-2024-01327;FAC;100872;CL0100;V008;CP45;FOODSERVICE;2024-01-17;2024-03-02;CLP;3109291;590765;3700056;ACEPTADO;PLANTA_CORONEL
DOC-2024-01977;FAC;101471;CL0307;V010;CP45;RETAIL;2024-01-17;2024-03-02;CLP;9264645;1760283;11024928;ACEPTADO;PLANTA_TALCAHUANO
DOC-2024-00163;FEX;50163;CL0058;V004;CP60;EXPORTACION;2024-01-18;2024-03-18;USD;9163.58;0;9163.58;ACEPTADO;PLANTA_TALCAHUANO
DOC-2024-00466;FAC;100080;CL0098;V005;CP45;FOODSERVICE;2024-01-18;2024-03-03;CLP;3862252;733828;4596080;ACEPTADO;PLANTA_TALCAHUANO
DOC-2024-00819;FAC;100413;CL0214;V008;CP45;FOODSERVICE;2024-01-18;2024-03-03;CLP;26218859;4981583;31200442;ACEPTADO;PLANTA_TALCAHUANO
DOC-2024-00822;FAC;100416;CL0174;V008;CP30;FOODSERVICE;2024-01-18;2024-01-30;CLP;1918330;364483;2282813;ACEPTADO;CD_SANTIAGO
DOC-2024-00952;FAC;100531;CL0135;V005;CP30;FOODSERVICE;2024-01-18;2024-02-17;CLP;6012920;1142455;7155375;ACEPTADO;CD_SANTIAGO
DOC-2024-01488;FAC;101020;CL0192;V006;CP60;FOODSERVICE;2024-01-18;2024-03-18;CLP;7809456;1483797;9293253;ACEPTADO;PLANTA_CORONEL
DOC-2024-00026;FEX;50026;CL0015;V002;CP120;EXPORTACION;2024-01-19;2024-05-18;USD;9654.61;0;9654.61;ACEPTADO;PLANTA_CORONEL
DOC-2024-00195;FEX;50195;CL0032;V002;CP60;EXPORTACION;2024-01-19;2024-03-19;USD;129068.52;0;129068.52;ACEPTADO;PLANTA_QUELLON
DOC-2024-00425;FAC;100041;CL0074;V007;CP60;FOODSERVICE;2024-01-19;2024-03-19;CLP;24601265;4674240;29275505;ACEPTADO;PLANTA_TALCAHUANO
DOC-2024-00426;FAC;100042;CL0207;V008;CP45;FOODSERVICE;2024-01-19;2024-03-04;CLP;7757300;1473887;9231187;ACEPTADO;PLANTA_TALCAHUANO
DOC-2024-00640;FAC;100244;CL0178;V008;CP00;FOODSERVICE;2024-01-19;2024-01-19;CLP;11891139;2259316;14150455;ACEPTADO;PLANTA_TALCAHUANO
DOC-2024-00724;FAC;100322;CL0197;V008;CP30;FOODSERVICE;2024-01-19;2024-02-18;CLP;7382558;1402686;8785244;ACEPTADO;PLANTA_TALCAHUANO
DOC-2024-00818;FAC;100412;CL0106;V008;CP30;FOODSERVICE;2024-01-19;2024-02-18;CLP;11763569;2235078;13998647;ACEPTADO;PLANTA_CORONEL
DOC-2024-00987;FEE;8041;CL0126;V005;CP00;FOODSERVICE;2024-01-19;2024-01-19;CLP;3362406;0;3362406;ACEPTADO;PLANTA_CORONEL
DOC-2024-01019;FAC;100594;CL0176;V008;CP00;FOODSERVICE;2024-01-19;2024-01-19;CLP;6757362;1283899;8041261;ACEPTADO;CD_SANTIAGO
DOC-2024-01110;FAC;100672;CL0217;V007;CP30;FOODSERVICE;2024-01-19;2024-02-18;CLP;3436755;652983;4089738;ACEPTADO;PLANTA_CORONEL
DOC-2024-01264;FAC;100813;CL0136;V008;CP30;FOODSERVICE;2024-01-19;2024-02-18;CLP;24140803;4586753;28727556;ACEPTADO;PLANTA_TALCAHUANO
DOC-2024-01417;FAC;100955;CL0212;V005;CP30;FOODSERVICE;2024-01-19;2024-02-18;CLP;5664352;1076227;6740579;ACEPTADO;PLANTA_TALCAHUANO
DOC-2024-01445;FAC;100981;CL0122;V007;CP45;FOODSERVICE;2024-01-19;2024-03-04;CLP;4256409;808718;5065127;ACEPTADO;PLANTA_CORONEL
DOC-2024-01541;FAC;101069;CL0121;V007;CP30;FOODSERVICE;2024-01-19;2024-02-18;CLP;2509956;476892;2986848;ACEPTADO;PLANTA_TALCAHUANO
DOC-2024-01554;FAC;101081;CL0217;V007;CP60;FOODSERVICE;2024-01-19;2024-03-19;CLP;13914481;2643751;16558232;ACEPTADO;CD_SANTIAGO
DOC-2024-01583;FAC;101110;CL0219;V007;CP45;FOODSERVICE;2024-01-19;2024-03-04;CLP;4168934;792097;4961031;ACEPTADO;CD_SANTIAGO
DOC-2024-01724;FAC;101240;CL0238;V012;CP60;RETAIL;2024-01-19;2024-03-19;CLP;10332403;1963157;12295560;ACEPTADO;CD_SANTIAGO
DOC-2024-00197;FEX;50197;CL0048;V001;CP120;EXPORTACION;2024-01-22;2024-05-21;USD;75956.53;0;75956.53;ACEPTADO;PLANTA_CALDERA
DOC-2024-00246;FEX;50246;CL0072;V004;CP60;EXPORTACION;2024-01-22;2024-03-22;USD;39926.09;0;39926.09;ACEPTADO;PLANTA_QUELLON
DOC-2024-00361;FEX;50361;CL0012;V004;CP90;EXPORTACION;2024-01-22;2024-04-21;USD;96480.3;0;96480.3;ACEPTADO;PLANTA_TALCAHUANO
DOC-2024-00638;FAC;100242;CL0118;V007;CP30;FOODSERVICE;2024-01-22;2024-02-21;CLP;16082995;3055769;19138764;ACEPTADO;PLANTA_CORONEL
DOC-2024-00976;FAC;100553;CL0161;V005;CP30;FOODSERVICE;2024-01-22;2024-02-21;CLP;6521195;1239027;7760222;ACEPTADO;CD_SANTIAGO
DOC-2024-01212;FAC;100766;CL0077;V007;CP60;FOODSERVICE;2024-01-22;2024-03-22;CLP;16750754;3182643;19933397;ACEPTADO;PLANTA_TALCAHUANO
DOC-2024-01389;FAC;100928;CL0178;V008;CP45;FOODSERVICE;2024-01-22;2024-03-07;CLP;44737489;8500123;53237612;ACEPTADO;CD_SANTIAGO
DOC-2024-00018;FEX;50018;CL0012;V004;CP90;EXPORTACION;2024-01-23;2024-04-22;USD;197572.78;0;197572.78;ACEPTADO;PLANTA_CORONEL
DOC-2024-00326;FEX;50326;CL0012;V004;CP60;EXPORTACION;2024-01-23;2024-03-23;USD;45986.9;0;45986.9;ACEPTADO;PLANTA_CORONEL
DOC-2024-00330;FEX;50330;CL0056;V002;CP120;EXPORTACION;2024-01-23;2024-05-22;USD;76208.26;0;76208.26;ACEPTADO;PLANTA_CORONEL
DOC-2024-00951;FAC;100530;CL0088;V005;CP30;FOODSERVICE;2024-01-23;2024-02-22;CLP;1560908;296573;1857481;ACEPTADO;CD_SANTIAGO
DOC-2024-00989;FAC;100565;CL0155;V005;CP45;FOODSERVICE;2024-01-23;2024-03-08;CLP;6739505;1280506;8020011;ACEPTADO;CD_SANTIAGO
DOC-2024-01330;FAC;100875;CL0207;V008;CP45;FOODSERVICE;2024-01-23;2024-03-08;CLP;16098791;3058770;19157561;ACEPTADO;PLANTA_TALCAHUANO
DOC-2024-01403;FAC;100942;CL0147;V005;CP30;FOODSERVICE;2024-01-23;2024-02-22;CLP;2524628;479679;3004307;ACEPTADO;PLANTA_TALCAHUANO
DOC-2024-01747;FAC;101262;CL0279;V010;CP45;RETAIL;2024-01-23;2024-03-08;CLP;88482994;16811769;105294763;ACEPTADO;PLANTA_TALCAHUANO
DOC-2024-00305;FEX;50305;CL0032;V002;CP120;EXPORTACION;2024-01-24;2024-05-23;USD;265988.9;0;265988.9;ACEPTADO;PLANTA_QUELLON
DOC-2024-00517;FAC;100127;CL0131;V006;CP45;FOODSERVICE;2024-01-24;2024-03-09;CLP;3619590;687722;4307312;ACEPTADO;PLANTA_TALCAHUANO
DOC-2024-00639;FAC;100243;CL0134;V007;CP60;FOODSERVICE;2024-01-24;2024-03-24;CLP;3443009;654172;4097181;ACEPTADO;PLANTA_CORONEL
DOC-2024-00853;FAC;100445;CL0075;V007;CP30;FOODSERVICE;2024-01-24;2024-02-23;CLP;6608177;1255554;7863731;ACEPTADO;CD_SANTIAGO
DOC-2024-01189;FAC;100743;CL0094;V007;CP45;FOODSERVICE;2024-01-24;2024-03-09;CLP;3051758;579834;3631592;ACEPTADO;PLANTA_TALCAHUANO
DOC-2024-01227;FAC;100779;CL0147;V005;CP30;FOODSERVICE;2024-01-24;2024-03-09;CLP;7626764;1449085;9075849;ACEPTADO;CD_SANTIAGO
DOC-2024-01676;FAC;101200;CL0245;V011;CP90;RETAIL;2024-01-24;2024-04-23;CLP;7999837;1519969;9519806;ACEPTADO;PLANTA_CORONEL
DOC-2024-01869;FEE;8112;CL0238;V012;CP60;RETAIL;2024-01-24;2024-03-24;CLP;11667082;0;11667082;ACEPTADO;PLANTA_CORONEL
DOC-2024-01958;FAC;101454;CL0279;V010;CP30;RETAIL;2024-01-24;2024-02-23;CLP;37632382;7150153;44782535;ACEPTADO;CD_SANTIAGO
DOC-2024-00599;FAC;100204;CL0205;V007;CP30;FOODSERVICE;2024-01-25;2024-02-24;CLP;5371096;1020508;6391604;ACEPTADO;PLANTA_CORONEL
DOC-2024-01685;FAC;101207;CL0301;V009;CP30;RETAIL;2024-01-25;2024-02-24;CLP;5087966;966714;6054680;ACEPTADO;PLANTA_CORONEL
DOC-2024-02000;FAC;101490;CL0279;V010;CP30;RETAIL;2024-01-25;2024-02-24;CLP;77050157;14639530;91689687;ACEPTADO;PLANTA_TALCAHUANO
DOC-2024-00014;FEX;50014;CL0004;V001;CP60;EXPORTACION;2024-01-26;2024-03-26;USD;60723.3;0;60723.3;ACEPTADO;PLANTA_CALDERA
DOC-2024-00344;FEX;50344;CL0032;V002;CP90;EXPORTACION;2024-01-26;2024-04-25;USD;168618.89;0;168618.89;ACEPTADO;PLANTA_QUELLON
DOC-2024-00520;FAC;100129;CL0143;V006;CP45;FOODSERVICE;2024-01-26;2024-03-11;CLP;2051727;389828;2441555;ACEPTADO;PLANTA_TALCAHUANO
DOC-2024-00864;FAC;100453;CL0206;V006;CP30;FOODSERVICE;2024-01-26;2024-03-26;CLP;3550472;674590;4225062;ACEPTADO;PLANTA_TALCAHUANO
DOC-2024-01637;FAC;101162;CL0129;V007;CP60;FOODSERVICE;2024-01-26;2024-03-26;CLP;5243233;996214;6239447;ACEPTADO;PLANTA_CORONEL
DOC-2024-01822;FEE;8109;CL0266;V012;CP60;RETAIL;2024-01-26;2024-03-26;CLP;3752947;0;3752947;ACEPTADO;PLANTA_TALCAHUANO
DOC-2024-01970;FAC;101464;CL0307;V010;CP45;RETAIL;2024-01-26;2024-03-11;CLP;8362086;1588796;9950882;ACEPTADO;PLANTA_TALCAHUANO
DOC-2024-00304;FEX;50304;CL0012;V004;CP60;EXPORTACION;2024-01-29;2024-03-29;CLP;44143262;0;44143262;ACEPTADO;PLANTA_QUELLON
DOC-2024-01216;FAC;100770;CL0124;V006;CP45;FOODSERVICE;2024-01-29;2024-03-14;CLP;9496160;1804270;11300430;ACEPTADO;PLANTA_CORONEL
DOC-2024-01314;FAC;100860;CL0090;V007;CP60;FOODSERVICE;2024-01-29;2024-03-29;CLP;6710598;1275014;7985612;ACEPTADO;PLANTA_TALCAHUANO
DOC-2024-01359;FAC;100901;CL0193;V008;CP45;FOODSERVICE;2024-01-29;2024-03-14;CLP;5718360;1086488;6804848;ACEPTADO;CD_SANTIAGO
DOC-2024-01518;FAC;101047;CL0193;V008;CP30;FOODSERVICE;2024-01-29;2024-02-28;CLP;2086622;396458;2483080;ACEPTADO;CD_SANTIAGO
DOC-2024-00185;FEX;50185;CL0059;V001;CP90;EXPORTACION;2024-01-30;2024-04-29;USD;10737.97;0;10737.97;ACEPTADO;PLANTA_CORONEL
DOC-2024-00191;FEX;50191;CL0048;V001;CP60;EXPORTACION;2024-01-30;2024-03-30;USD;17846.06;0;17846.06;ACEPTADO;PLANTA_QUELLON
DOC-2024-01025;FAC;100597;CL0074;V007;CP30;FOODSERVICE;2024-01-30;2024-04-29;CLP;16769527;3186210;19955737;ACEPTADO;PLANTA_TALCAHUANO
DOC-2024-01246;FAC;100797;CL0117;V008;CP60;FOODSERVICE;2024-01-30;2024-03-30;CLP;3013243;572516;3585759;ACEPTADO;PLANTA_CORONEL
DOC-2024-01370;FAC;100912;CL0128;V005;CP45;FOODSERVICE;2024-01-30;2024-04-29;CLP;6152372;1168951;7321323;ACEPTADO;PLANTA_CORONEL
DOC-2024-01564;FAC;101091;CL0117;V008;CP30;FOODSERVICE;2024-01-30;2024-02-29;CLP;5919813;1124764;7044577;ANULADO;PLANTA_TALCAHUANO
DOC-2024-01651;FAC;101176;CL0096;V006;CP45;FOODSERVICE;2024-01-30;2024-03-15;CLP;1140089;216617;1356706;ACEPTADO;CD_SANTIAGO
DOC-2024-00057;FEX;50057;CL0032;V002;CP60;EXPORTACION;2024-01-31;2024-03-31;USD;75642.45;0;75642.45;ACEPTADO;PLANTA_TALCAHUANO
DOC-2024-00221;FEX;50221;CL0032;V002;CP120;EXPORTACION;2024-01-31;2024-05-30;USD;95160.64;0;95160.64;ACEPTADO;PLANTA_CORONEL
DOC-2024-00245;FEX;50245;CL0018;V003;CP60;EXPORTACION;2024-01-31;2024-03-31;USD;9659.55;0;9659.55;ACEPTADO;PLANTA_QUELLON
DOC-2024-00435;FAC;100051;CL0193;V008;CP45;FOODSERVICE;2024-01-31;2024-03-16;CLP;7671181;1457524;9128705;ACEPTADO;PLANTA_TALCAHUANO
DOC-2024-00519;FEE;8008;CL0135;V005;CP60;FOODSERVICE;2024-01-31;2024-03-31;CLP;5959579;0;5959579;ACEPTADO;CD_SANTIAGO
DOC-2024-00836;FEE;8025;CL0128;V005;CP60;FOODSERVICE;2024-01-31;2024-03-31;CLP;2647703;0;2647703;ACEPTADO;PLANTA_CORONEL
DOC-2024-01546;FAC;101073;CL0105;V006;CP30;FOODSERVICE;2024-01-31;2024-03-01;CLP;7271262;1381540;8652802;ACEPTADO;PLANTA_CORONEL
DOC-2024-01613;FAC;101139;CL0136;V008;CP45;FOODSERVICE;2024-01-31;2024-03-16;CLP;6747561;1282037;8029598;ACEPTADO;PLANTA_TALCAHUANO
DOC-2024-01732;FAC;101248;CL0266;V012;CP45;RETAIL;2024-01-31;2024-03-16;CLP;2412137;458306;2870443;ACEPTADO;PLANTA_TALCAHUANO
DOC-2024-00371;FEX;50371;CL0048;V001;CP60;EXPORTACION;2024-02-01;2024-04-01;USD;26771.34;0;26771.34;ACEPTADO;PLANTA_CALDERA
DOC-2024-00242;FEX;50242;CL0044;V004;CP120;EXPORTACION;2024-02-02;2024-06-01;USD;37842.01;0;37842.01;ACEPTADO;PLANTA_TALCAHUANO
DOC-2024-00526;FAC;100135;CL0206;V006;CP60;FOODSERVICE;2024-02-02;2024-04-02;CLP;7836178;1488874;9325052;ACEPTADO;CD_SANTIAGO
DOC-2024-00536;FAC;100144;CL0177;V005;CP30;FOODSERVICE;2024-02-02;2024-03-03;CLP;2558772;486167;3044939;ACEPTADO;CD_SANTIAGO
DOC-2024-00774;FAC;100369;CL0123;V006;CP60;FOODSERVICE;2024-02-02;2024-04-02;CLP;3318832;630578;3949410;ACEPTADO;CD_SANTIAGO
DOC-2024-00797;FAC;100391;CL0161;V005;CP45;FOODSERVICE;2024-02-02;2024-03-18;CLP;16849331;3201373;20050704;ACEPTADO;PLANTA_TALCAHUANO
DOC-2024-00923;FAC;100505;CL0133;V008;CP60;FOODSERVICE;2024-02-02;2024-04-02;CLP;9914988;1883848;11798836;ACEPTADO;PLANTA_TALCAHUANO
DOC-2024-01054;FAC;100625;CL0177;V005;CP30;FOODSERVICE;2024-02-02;2024-03-03;CLP;6197297;1177486;7374783;ACEPTADO;CD_SANTIAGO
DOC-2024-01069;FAC;100639;CL0143;V006;CP45;FOODSERVICE;2024-02-02;2024-05-17;CLP;8758165;1664051;10422216;ACEPTADO;PLANTA_TALCAHUANO
DOC-2024-01528;FAC;101057;CL0074;V007;CP60;FOODSERVICE;2024-02-02;2024-04-02;CLP;8418587;1599532;10018119;ACEPTADO;CD_SANTIAGO
DOC-2024-01612;FAC;101138;CL0209;V006;CP60;FOODSERVICE;2024-02-02;2024-04-02;CLP;7028770;1335466;8364236;ACEPTADO;PLANTA_TALCAHUANO
DOC-2024-01744;FAC;101259;CL0287;V012;CP30;RETAIL;2024-02-02;2024-03-03;CLP;12763589;2425082;15188671;ACEPTADO;PLANTA_CORONEL
DOC-2024-01905;FAC;101407;CL0230;V012;CP60;RETAIL;2024-02-02;2024-04-02;CLP;3259128;619234;3878362;ACEPTADO;PLANTA_TALCAHUANO
DOC-2024-01920;FAC;101421;CL0279;V010;CP30;RETAIL;2024-02-02;2024-03-03;CLP;102477783;19470779;121948562;ACEPTADO;CD_SANTIAGO
DOC-2024-00417;FAC;100033;CL0217;V007;CP60;FOODSERVICE;2024-02-05;2024-04-05;CLP;15564412;2957238;18521650;ACEPTADO;CD_SANTIAGO
DOC-2024-00509;FAC;100120;CL0080;V007;CP30;FOODSERVICE;2024-02-05;2024-03-06;CLP;4368136;829946;5198082;ACEPTADO;PLANTA_TALCAHUANO
DOC-2024-00601;FAC;100206;CL0074;V007;CP60;FOODSERVICE;2024-02-05;2024-04-05;CLP;7978865;1515984;9494849;ACEPTADO;PLANTA_CORONEL
DOC-2024-00735;FAC;100333;CL0132;V005;CP30;FOODSERVICE;2024-02-05;2024-02-21;CLP;3744262;711410;4455672;ACEPTADO;CD_SANTIAGO
DOC-2024-00750;FAC;100347;CL0096;V006;CP60;FOODSERVICE;2024-02-05;2024-04-05;CLP;774913;147233;922146;ACEPTADO;PLANTA_CORONEL
DOC-2024-01000;FAC;100576;CL0121;V007;CP30;FOODSERVICE;2024-02-05;2024-03-06;CLP;4908083;932536;5840619;ACEPTADO;PLANTA_TALCAHUANO
DOC-2024-01512;FAC;101042;CL0170;V005;CP30;FOODSERVICE;2024-02-05;2024-03-06;CLP;8439943;1603589;10043532;ACEPTADO;PLANTA_TALCAHUANO
DOC-2024-00073;FEX;50073;CL0032;V002;CP120;EXPORTACION;2024-02-06;2024-06-05;CLP;38365943;0;38365943;ACEPTADO;PLANTA_TALCAHUANO
DOC-2024-00431;FAC;100047;CL0206;V006;CP30;FOODSERVICE;2024-02-06;2024-03-07;CLP;4030862;765864;4796726;ACEPTADO;PLANTA_TALCAHUANO
DOC-2024-00806;FAC;100400;CL0118;V007;CP45;FOODSERVICE;2024-02-06;2024-03-22;CLP;9033164;1716301;10749465;ACEPTADO;PLANTA_TALCAHUANO
DOC-2024-00886;FAC;100472;CL0104;V006;CP30;FOODSERVICE;2024-02-06;2024-03-07;CLP;2254788;428410;2683198;ACEPTADO;PLANTA_TALCAHUANO
DOC-2024-00909;FAC;100492;CL0120;V007;CP30;FOODSERVICE;2024-02-06;2024-03-07;CLP;3565452;677436;4242888;ACEPTADO;PLANTA_CORONEL
DOC-2024-00968;FEE;8039;CL0093;V006;CP45;FOODSERVICE;2024-02-06;2024-03-22;CLP;14934544;0;14934544;ACEPTADO;CD_SANTIAGO
DOC-2024-01296;FAC;100843;CL0142;V007;CP45;FOODSERVICE;2024-02-06;2024-03-22;CLP;5638918;1071394;6710312;ACEPTADO;PLANTA_TALCAHUANO
DOC-2024-01373;FAC;100914;CL0183;V005;CP60;FOODSERVICE;2024-02-06;2024-04-06;CLP;15113220;2871512;17984732;ACEPTADO;PLANTA_CORONEL
DOC-2024-01415;FAC;100953;CL0193;V008;CP45;FOODSERVICE;2024-02-06;2024-03-22;CLP;8742844;1661140;10403984;ACEPTADO;CD_SANTIAGO
DOC-2024-00902;FAC;100486;CL0161;V005;CP45;FOODSERVICE;2024-02-07;2024-03-23;CLP;6275642;1192372;7468014;ACEPTADO;PLANTA_TALCAHUANO
DOC-2024-01450;FAC;100986;CL0074;V007;CP30;FOODSERVICE;2024-02-07;2024-03-08;CLP;13487700;2562663;16050363;ACEPTADO;PLANTA_CORONEL
DOC-2024-01506;FAC;101036;CL0161;V005;CP30;FOODSERVICE;2024-02-07;2024-03-08;CLP;11822401;2246256;14068657;ACEPTADO;CD_SANTIAGO
DOC-2024-01846;FAC;101352;CL0233;V009;CP60;RETAIL;2024-02-07;2024-04-07;CLP;7611732;1446229;9057961;ACEPTADO;PLANTA_CORONEL
DOC-2024-00281;FEX;50281;CL0032;V002;CP120;EXPORTACION;2024-02-08;2024-06-07;USD;207167.53;0;207167.53;ACEPTADO;PLANTA_CORONEL
DOC-2024-01177;FAC;100731;CL0096;V006;CP45;FOODSERVICE;2024-02-08;2024-03-24;CLP;4337378;824102;5161480;ACEPTADO;PLANTA_CORONEL
DOC-2024-01410;FAC;100949;CL0158;V007;CP30;FOODSERVICE;2024-02-08;2024-03-09;CLP;6049582;1149421;7199003;ACEPTADO;PLANTA_CORONEL
DOC-2024-01909;FAC;101411;CL0313;V009;CP45;RETAIL;2024-02-08;2024-03-24;CLP;3729607;708625;4438232;ACEPTADO;PLANTA_TALCAHUANO
DOC-2024-00010;FEX;50010;CL0032;V002;CP60;EXPORTACION;2024-02-09;2024-04-09;USD;58525.61;0;58525.61;ACEPTADO;PLANTA_CORONEL
DOC-2024-00136;FEX;50136;CL0060;V003;CP60;EXPORTACION;2024-02-09;2024-04-09;CLP;8026560;0;8026560;ACEPTADO;PLANTA_TALCAHUANO
DOC-2024-00400;FAC;100016;CL0107;V005;CP45;FOODSERVICE;2024-02-09;2024-03-25;CLP;7611130;1446115;9057245;ACEPTADO;PLANTA_CORONEL
DOC-2024-00423;FAC;100039;CL0155;V005;CP45;FOODSERVICE;2024-02-09;2024-03-25;CLP;2153188;409106;2562294;ACEPTADO;PLANTA_CORONEL
DOC-2024-00474;FAC;100088;CL0102;V008;CP30;FOODSERVICE;2024-02-09;2024-03-10;CLP;3577176;679663;4256839;ACEPTADO;PLANTA_CORONEL
DOC-2024-00657;FAC;100258;CL0107;V005;CP45;FOODSERVICE;2024-02-09;2024-03-25;CLP;1658955;315201;1974156;ACEPTADO;CD_SANTIAGO
DOC-2024-00727;FAC;100325;CL0203;V008;CP00;FOODSERVICE;2024-02-09;2024-02-09;CLP;15519393;2948685;18468078;ACEPTADO;PLANTA_CORONEL
DOC-2024-00799;FAC;100393;CL0161;V005;CP45;FOODSERVICE;2024-02-09;2024-03-25;CLP;24391638;4634411;29026049;ACEPTADO;PLANTA_TALCAHUANO
DOC-2024-00803;FAC;100397;CL0172;V005;CP60;FOODSERVICE;2024-02-09;2024-04-09;CLP;6035612;1146766;7182378;ACEPTADO;PLANTA_CORONEL
DOC-2024-00945;FAC;100524;CL0161;V005;CP60;FOODSERVICE;2024-02-09;2024-04-09;CLP;18832376;3578151;22410527;ACEPTADO;PLANTA_TALCAHUANO
DOC-2024-01021;FEE;8044;CL0118;V007;CP30;FOODSERVICE;2024-02-09;2024-03-10;CLP;11240035;0;11240035;ACEPTADO;CD_SANTIAGO
DOC-2024-01035;FAC;100606;CL0192;V006;CP60;FOODSERVICE;2024-02-09;2024-04-09;CLP;2261583;429701;2691284;ACEPTADO;PLANTA_CORONEL
DOC-2024-01235;FAC;100787;CL0165;V007;CP45;FOODSERVICE;2024-02-09;2024-03-25;CLP;3730880;708867;4439747;ACEPTADO;PLANTA_CORONEL
DOC-2024-01477;FAC;101011;CL0128;V005;CP30;FOODSERVICE;2024-02-09;2024-03-10;CLP;1537608;292146;1829754;ACEPTADO;PLANTA_TALCAHUANO
DOC-2024-01721;FEE;8101;CL0245;V011;CP90;RETAIL;2024-02-09;2024-05-09;CLP;39469742;0;39469742;ACEPTADO;CD_SANTIAGO
DOC-2024-01786;FAC;101298;CL0311;V012;CP45;RETAIL;2024-02-09;2024-03-25;CLP;8197452;1557516;9754968;ACEPTADO;PLANTA_TALCAHUANO
DOC-2024-01962;FAC;101457;CL0328;V012;CP45;RETAIL;2024-02-09;2024-03-25;CLP;6168626;1172039;7340665;ACEPTADO;PLANTA_TALCAHUANO
DOC-2024-01059;FAC;100630;CL0193;V008;CP30;FOODSERVICE;2024-02-12;2024-03-13;CLP;8329801;1582662;9912463;ACEPTADO;CD_SANTIAGO
DOC-2024-01125;FAC;100686;CL0082;V006;CP30;FOODSERVICE;2024-02-12;2024-03-13;CLP;15187436;2885613;18073049;ACEPTADO;PLANTA_CORONEL
DOC-2024-01272;FAC;100821;CL0074;V007;CP60;FOODSERVICE;2024-02-12;2024-04-12;CLP;27825075;5286764;33111839;ACEPTADO;PLANTA_TALCAHUANO
DOC-2024-01647;FAC;101172;CL0178;V008;CP45;FOODSERVICE;2024-02-12;2024-03-28;CLP;3064956;582342;3647298;ACEPTADO;CD_SANTIAGO
DOC-2024-01801;FAC;101310;CL0304;V009;CP30;RETAIL;2024-02-13;2024-03-14;CLP;8844517;1680458;10524975;ACEPTADO;CD_SANTIAGO
DOC-2024-01946;FAC;101444;CL0279;V010;CP30;RETAIL;2024-02-13;2024-03-14;CLP;28178207;5353859;33532066;ACEPTADO;PLANTA_TALCAHUANO
DOC-2024-02003;FAC;101493;CL0279;V010;CP30;RETAIL;2024-02-13;2024-03-14;CLP;30988592;5887832;36876424;ACEPTADO;PLANTA_CORONEL
DOC-2024-00290;FEX;50290;CL0012;V004;CP60;EXPORTACION;2024-02-14;2024-04-14;CLP;28510200;0;28510200;ACEPTADO;PLANTA_TALCAHUANO
DOC-2024-01595;FAC;101122;CL0078;V008;CP60;FOODSERVICE;2024-02-14;2024-04-14;CLP;4821212;916030;5737242;ACEPTADO;CD_SANTIAGO
DOC-2024-01608;FAC;101134;CL0164;V007;CP30;FOODSERVICE;2024-02-14;2024-03-15;CLP;2021423;384070;2405493;ACEPTADO;CD_SANTIAGO
DOC-2024-01722;FAC;101238;CL0323;V011;CP45;RETAIL;2024-02-14;2024-03-30;CLP;12039733;2287549;14327282;ACEPTADO;PLANTA_CORONEL
DOC-2024-00193;FEX;50193;CL0062;V004;CP120;EXPORTACION;2024-02-15;2024-06-14;USD;32086.96;0;32086.96;ACEPTADO;PLANTA_CORONEL
DOC-2024-00778;FAC;100372;CL0085;V008;CP30;FOODSERVICE;2024-02-15;2024-03-16;CLP;1809413;343788;2153201;ACEPTADO;PLANTA_CORONEL
DOC-2024-00943;FAC;100523;CL0138;V005;CP30;FOODSERVICE;2024-02-15;2024-03-16;CLP;5268317;1000980;6269297;ACEPTADO;PLANTA_CORONEL
DOC-2024-01239;FAC;100791;CL0161;V005;CP60;FOODSERVICE;2024-02-15;2024-04-15;CLP;3857787;732980;4590767;ACEPTADO;CD_SANTIAGO
DOC-2024-01463;FAC;100998;CL0161;V005;CP45;FOODSERVICE;2024-02-15;2024-03-31;CLP;9901856;1881353;11783209;ACEPTADO;PLANTA_CORONEL
DOC-2024-01910;FAC;101412;CL0229;V010;CP60;RETAIL;2024-02-15;2024-04-15;CLP;7128362;1354389;8482751;ACEPTADO;PLANTA_CORONEL
DOC-2024-02019;FAC;101509;CL0262;V012;CP45;RETAIL;2024-02-15;2024-03-31;CLP;9522976;1809365;11332341;ACEPTADO;PLANTA_TALCAHUANO
DOC-2024-00075;FEX;50075;CL0032;V002;CP120;EXPORTACION;2024-02-16;2024-06-15;USD;16632.67;0;16632.67;ACEPTADO;PLANTA_TALCAHUANO
DOC-2024-00320;FEX;50320;CL0014;V003;CP120;EXPORTACION;2024-02-16;2024-06-15;USD;24579.04;0;24579.04;ACEPTADO;PLANTA_CALDERA
DOC-2024-00454;FAC;100068;CL0213;V006;CP30;FOODSERVICE;2024-02-16;2024-03-17;CLP;1836175;348873;2185048;ACEPTADO;PLANTA_TALCAHUANO
DOC-2024-00504;FAC;100115;CL0190;V006;CP30;FOODSERVICE;2024-02-16;2024-03-17;CLP;8573796;1629021;10202817;ACEPTADO;PLANTA_CORONEL
DOC-2024-00693;FEE;8018;CL0120;V007;CP60;FOODSERVICE;2024-02-16;2024-04-16;CLP;10609053;0;10609053;ACEPTADO;CD_SANTIAGO
DOC-2024-00828;FAC;100422;CL0120;V007;CP45;FOODSERVICE;2024-02-16;2024-04-01;CLP;5930779;1126848;7057627;ACEPTADO;PLANTA_TALCAHUANO
DOC-2024-01204;FAC;100758;CL0073;V005;CP30;FOODSERVICE;2024-02-16;2024-03-17;CLP;7747603;1472045;9219648;ACEPTADO;PLANTA_TALCAHUANO
DOC-2024-01220;FAC;100774;CL0110;V008;CP30;FOODSERVICE;2024-02-16;2024-03-17;CLP;7418607;1409535;8828142;ACEPTADO;PLANTA_CORONEL
DOC-2024-01342;FAC;100886;CL0081;V005;CP30;FOODSERVICE;2024-02-16;2024-05-01;CLP;2147300;407987;2555287;ACEPTADO;CD_SANTIAGO
DOC-2024-01629;FAC;101154;CL0095;V007;CP60;FOODSERVICE;2024-02-16;2024-04-16;CLP;1956026;371645;2327671;ACEPTADO;PLANTA_CORONEL
DOC-2024-01785;FAC;101297;CL0266;V012;CP60;RETAIL;2024-02-16;2024-04-16;CLP;9745820;1851706;11597526;ACEPTADO;CD_SANTIAGO
DOC-2024-01866;FAC;101372;CL0333;V012;CP45;RETAIL;2024-02-16;2024-04-01;CLP;6947911;1320103;8268014;ACEPTADO;PLANTA_CORONEL
DOC-2024-00451;FAC;100066;CL0214;V008;CP30;FOODSERVICE;2024-02-19;2024-03-20;CLP;5652074;1073894;6725968;ACEPTADO;PLANTA_CORONEL
DOC-2024-01142;FAC;100700;CL0154;V005;CP30;FOODSERVICE;2024-02-19;2024-03-20;CLP;8713253;1655518;10368771;ACEPTADO;PLANTA_CORONEL
DOC-2024-01650;FAC;101175;CL0101;V008;CP45;FOODSERVICE;2024-02-19;2024-04-04;CLP;1944130;369385;2313515;ACEPTADO;PLANTA_TALCAHUANO
DOC-2024-01664;FAC;101189;CL0334;V009;CP30;RETAIL;2024-02-19;2024-03-20;CLP;3725325;707812;4433137;ACEPTADO;PLANTA_TALCAHUANO
DOC-2024-00399;FAC;100015;CL0209;V006;CP45;FOODSERVICE;2024-02-20;2024-04-05;CLP;8638946;1641400;10280346;ACEPTADO;CD_SANTIAGO
DOC-2024-00684;FAC;100285;CL0118;V007;CP45;FOODSERVICE;2024-02-20;2024-04-05;CLP;8774405;1667137;10441542;ACEPTADO;PLANTA_CORONEL
DOC-2024-01487;FEE;8085;CL0193;V008;CP60;FOODSERVICE;2024-02-20;2024-04-20;CLP;9167042;0;9167042;ACEPTADO;PLANTA_TALCAHUANO
DOC-2024-01712;FAC;101229;CL0326;V009;CP45;RETAIL;2024-02-20;2024-04-05;CLP;5254435;998343;6252778;ACEPTADO;PLANTA_TALCAHUANO
DOC-2024-02002;FAC;101492;CL0279;V010;CP60;RETAIL;2024-02-20;2024-04-20;CLP;49455243;9396496;58851739;ACEPTADO;PLANTA_CORONEL
DOC-2024-00047;FEX;50047;CL0056;V002;CP60;EXPORTACION;2024-02-21;2024-04-21;USD;102984.24;0;102984.24;ACEPTADO;PLANTA_TALCAHUANO
DOC-2024-00529;FAC;100138;CL0074;V007;CP00;FOODSERVICE;2024-02-21;2024-02-26;CLP;9877096;1876648;11753744;ACEPTADO;CD_SANTIAGO
DOC-2024-00541;FAC;100149;CL0118;V007;CP30;FOODSERVICE;2024-02-21;2024-03-22;CLP;11143002;2117170;13260172;ACEPTADO;PLANTA_CORONEL
DOC-2024-00897;FAC;100482;CL0126;V005;CP45;FOODSERVICE;2024-02-21;2024-04-06;CLP;4007906;761502;4769408;ACEPTADO;CD_SANTIAGO
DOC-2024-01033;FAC;100604;CL0196;V006;CP30;FOODSERVICE;2024-02-21;2024-03-22;CLP;6877101;1306649;8183750;ACEPTADO;CD_SANTIAGO
DOC-2024-01741;FAC;101256;CL0326;V009;CP60;RETAIL;2024-02-21;2024-04-21;CLP;5530280;1050753;6581033;ACEPTADO;PLANTA_CORONEL
DOC-2024-02007;FAC;101497;CL0287;V012;CP45;RETAIL;2024-02-21;2024-04-06;CLP;11810845;2244061;14054906;ACEPTADO;CD_SANTIAGO
DOC-2024-00324;FEX;50324;CL0063;V003;CP120;EXPORTACION;2024-02-22;2024-06-21;USD;17032.99;0;17032.99;ACEPTADO;PLANTA_QUELLON
DOC-2024-00969;FAC;100547;CL0090;V007;CP45;FOODSERVICE;2024-02-22;2024-04-07;CLP;4548634;864240;5412874;ACEPTADO;PLANTA_CORONEL
DOC-2024-01856;FAC;101362;CL0321;V010;CP45;RETAIL;2024-02-22;2024-04-07;CLP;27875448;5296335;33171783;ACEPTADO;CD_SANTIAGO
DOC-2024-02016;FAC;101506;CL0279;V010;CP30;RETAIL;2024-02-22;2024-03-23;CLP;23110389;4390974;27501363;ACEPTADO;PLANTA_CORONEL
DOC-2024-00146;FEX;50146;CL0072;V004;CP90;EXPORTACION;2024-02-23;2024-05-23;USD;15406.04;0;15406.04;ACEPTADO;PLANTA_QUELLON
DOC-2024-00428;FAC;100044;CL0161;V005;CP30;FOODSERVICE;2024-02-23;2024-03-24;CLP;14753210;2803110;17556320;ACEPTADO;CD_SANTIAGO
DOC-2024-00835;FAC;100428;CL0191;V006;CP60;FOODSERVICE;2024-02-23;2024-04-23;CLP;2572981;488866;3061847;ACEPTADO;PLANTA_TALCAHUANO
DOC-2024-00838;FAC;100430;CL0094;V007;CP45;FOODSERVICE;2024-02-23;2024-04-08;CLP;3957241;751876;4709117;ACEPTADO;PLANTA_TALCAHUANO
DOC-2024-00914;FAC;100496;CL0164;V007;CP45;FOODSERVICE;2024-02-23;2024-04-08;CLP;8471152;1609519;10080671;ANULADO;PLANTA_TALCAHUANO
DOC-2024-01345;FAC;100889;CL0110;V008;CP30;FOODSERVICE;2024-02-23;2024-03-24;CLP;2710857;515063;3225920;ACEPTADO;PLANTA_CORONEL
DOC-2024-01346;FAC;100890;CL0214;V008;CP30;FOODSERVICE;2024-02-23;2024-03-24;CLP;2227648;423253;2650901;ACEPTADO;PLANTA_CORONEL
DOC-2024-01542;FAC;101070;CL0073;V005;CP45;FOODSERVICE;2024-02-23;2024-04-08;CLP;9571956;1818672;11390628;ACEPTADO;PLANTA_CORONEL
DOC-2024-01814;FAC;101323;CL0313;V009;CP60;RETAIL;2024-02-23;2024-04-23;CLP;3800474;722090;4522564;ACEPTADO;PLANTA_CORONEL
DOC-2024-01834;FAC;101341;CL0301;V009;CP30;RETAIL;2024-02-23;2024-03-24;CLP;119044499;22618455;141662954;ACEPTADO;PLANTA_TALCAHUANO
DOC-2024-00048;FEX;50048;CL0064;V002;CP60;EXPORTACION;2024-02-26;2024-04-26;USD;32588.38;0;32588.38;ACEPTADO;PLANTA_QUELLON
DOC-2024-00215;FEX;50215;CL0012;V004;CP120;EXPORTACION;2024-02-26;2024-06-25;USD;54787.55;0;54787.55;ACEPTADO;PLANTA_CORONEL
DOC-2024-00402;FAC;100018;CL0104;V006;CP30;FOODSERVICE;2024-02-26;2024-03-27;CLP;9033681;1716399;10750080;ACEPTADO;PLANTA_CORONEL
DOC-2024-00497;FAC;100109;CL0104;V006;CP45;FOODSERVICE;2024-02-26;2024-04-11;CLP;4018840;763580;4782420;ACEPTADO;PLANTA_TALCAHUANO
DOC-2024-00687;FAC;100287;CL0074;V007;CP60;FOODSERVICE;2024-02-26;2024-04-26;CLP;23010000;4371900;27381900;ACEPTADO;PLANTA_TALCAHUANO
DOC-2024-00847;FAC;100439;CL0207;V008;CP60;FOODSERVICE;2024-02-26;2024-04-26;CLP;7967981;1513916;9481897;ACEPTADO;PLANTA_CORONEL
DOC-2024-01257;FAC;100806;CL0185;V007;CP60;FOODSERVICE;2024-02-26;2024-04-26;CLP;9536952;1812021;11348973;ACEPTADO;PLANTA_CORONEL
DOC-2024-01716;FAC;101233;CL0309;V012;CP30;RETAIL;2024-02-26;2024-03-27;CLP;7387444;1403614;8791058;ACEPTADO;CD_SANTIAGO
DOC-2024-00434;FAC;100050;CL0104;V006;CP30;FOODSERVICE;2024-02-27;2024-03-28;CLP;21701825;4123347;25825172;ACEPTADO;PLANTA_TALCAHUANO
DOC-2024-00972;FAC;100550;CL0155;V005;CP00;FOODSERVICE;2024-02-27;2024-02-27;CLP;5084675;966088;6050763;ACEPTADO;PLANTA_CORONEL
DOC-2024-01078;FAC;100645;CL0116;V006;CP30;FOODSERVICE;2024-02-27;2024-03-28;CLP;11103106;2109590;13212696;ACEPTADO;PLANTA_TALCAHUANO
DOC-2024-01630;FAC;101155;CL0191;V006;CP60;FOODSERVICE;2024-02-27;2024-04-27;CLP;3788226;719763;4507989;ACEPTADO;PLANTA_CORONEL
DOC-2024-01653;FAC;101178;CL0132;V005;CP45;FOODSERVICE;2024-02-27;2024-04-12;CLP;10112186;1921315;12033501;ACEPTADO;PLANTA_TALCAHUANO
DOC-2024-01773;FAC;101285;CL0253;V011;CP60;RETAIL;2024-02-27;2024-04-27;CLP;5825753;1106893;6932646;ACEPTADO;PLANTA_CORONEL
DOC-2024-01811;FAC;101320;CL0279;V010;CP45;RETAIL;2024-02-27;2024-04-12;CLP;34008195;6461557;40469752;ACEPTADO;PLANTA_TALCAHUANO
DOC-2024-01893;FAC;101397;CL0279;V010;CP30;RETAIL;2024-02-27;2024-03-28;CLP;52036611;9886956;61923567;ACEPTADO;CD_SANTIAGO
DOC-2024-01964;FAC;101459;CL0325;V011;CP45;RETAIL;2024-02-27;2024-04-12;CLP;19620529;3727901;23348430;ACEPTADO;PLANTA_TALCAHUANO
DOC-2024-00132;FEX;50132;CL0041;V003;CP60;EXPORTACION;2024-02-28;2024-04-28;USD;31047.19;0;31047.19;ACEPTADO;PLANTA_TALCAHUANO
DOC-2024-01810;FAC;101319;CL0279;V010;CP60;RETAIL;2024-02-28;2024-04-28;CLP;28208349;5359586;33567935;ACEPTADO;CD_SANTIAGO
DOC-2024-01902;FAC;101404;CL0265;V009;CP60;RETAIL;2024-02-28;2024-04-28;CLP;3885618;738267;4623885;ACEPTADO;CD_SANTIAGO
DOC-2024-00088;FEX;50088;CL0062;V004;CP60;EXPORTACION;2024-02-29;2024-04-29;USD;90259.75;0;90259.75;ACEPTADO;PLANTA_QUELLON
DOC-2024-00273;FEX;50273;CL0032;V002;CP120;EXPORTACION;2024-02-29;2024-06-28;USD;75534.48;0;75534.48;ACEPTADO;PLANTA_CORONEL
DOC-2024-00696;FAC;100295;CL0192;V006;CP30;FOODSERVICE;2024-02-29;2024-03-30;CLP;3890762;739245;4630007;ACEPTADO;PLANTA_TALCAHUANO
DOC-2024-01026;FAC;100598;CL0178;V008;CP45;FOODSERVICE;2024-02-29;2024-04-14;CLP;8750003;1662501;10412504;ACEPTADO;PLANTA_TALCAHUANO
DOC-2024-01141;FAC;100699;CL0186;V007;CP30;FOODSERVICE;2024-02-29;2024-03-30;CLP;9358580;1778130;11136710;ACEPTADO;CD_SANTIAGO
DOC-2024-01439;FEE;8081;CL0161;V005;CP45;FOODSERVICE;2024-02-29;2024-04-14;CLP;9135488;0;9135488;ACEPTADO;PLANTA_TALCAHUANO
DOC-2024-01792;FAC;101301;CL0227;V009;CP60;RETAIL;2024-02-29;2024-04-29;CLP;6818321;1295481;8113802;ACEPTADO;PLANTA_CORONEL
DOC-2024-01860;FAC;101366;CL0321;V010;CP45;RETAIL;2024-02-29;2024-04-14;CLP;4681872;889556;5571428;ACEPTADO;PLANTA_CORONEL
DOC-2024-01862;FAC;101368;CL0270;V012;CP60;RETAIL;2024-02-29;2024-04-29;CLP;13475011;2560252;16035263;ACEPTADO;PLANTA_TALCAHUANO
DOC-2024-01899;FAC;101402;CL0266;V012;CP60;RETAIL;2024-02-29;2024-04-29;CLP;15995107;3039070;19034177;ACEPTADO;CD_SANTIAGO
DOC-2024-01975;FAC;101469;CL0279;V010;CP60;RETAIL;2024-02-29;2024-04-29;CLP;40998855;7789782;48788637;ACEPTADO;CD_SANTIAGO
DOC-2024-00209;FEX;50209;CL0062;V004;CP120;EXPORTACION;2024-03-01;2024-06-29;USD;22447.44;0;22447.44;ACEPTADO;PLANTA_CALDERA
DOC-2024-00247;FEX;50247;CL0062;V004;CP60;EXPORTACION;2024-03-01;2024-04-30;USD;15794.66;0;15794.66;ACEPTADO;PLANTA_TALCAHUANO
DOC-2024-00441;FAC;100056;CL0204;V006;CP00;FOODSERVICE;2024-03-01;2024-03-01;CLP;1598702;303753;1902455;ACEPTADO;PLANTA_CORONEL
DOC-2024-00832;FAC;100425;CL0074;V007;CP60;FOODSERVICE;2024-03-01;2024-04-30;CLP;13236729;2514979;15751708;ACEPTADO;CD_SANTIAGO
DOC-2024-01043;FAC;100614;CL0218;V008;CP30;FOODSERVICE;2024-03-01;2024-03-31;CLP;8606074;1635154;10241228;ACEPTADO;CD_SANTIAGO
DOC-2024-01073;FEE;8048;CL0214;V008;CP30;FOODSERVICE;2024-03-01;2024-03-31;CLP;3938924;0;3938924;ACEPTADO;PLANTA_TALCAHUANO
DOC-2024-01274;FAC;100823;CL0108;V005;CP30;FOODSERVICE;2024-03-01;2024-03-31;CLP;3939288;748465;4687753;ACEPTADO;PLANTA_CORONEL
DOC-2024-01290;FAC;100838;CL0154;V005;CP45;FOODSERVICE;2024-03-01;2024-04-15;CLP;5147276;977982;6125258;ACEPTADO;PLANTA_TALCAHUANO
DOC-2024-01371;FAC;100913;CL0140;V007;CP45;FOODSERVICE;2024-03-01;2024-04-15;CLP;2801922;532365;3334287;ACEPTADO;CD_SANTIAGO
DOC-2024-01377;FEE;8078;CL0145;V008;CP60;FOODSERVICE;2024-03-01;2024-04-30;CLP;6045195;0;6045195;ACEPTADO;CD_SANTIAGO
DOC-2024-01746;FAC;101261;CL0330;V010;CP30;RETAIL;2024-03-01;2024-03-11;CLP;16718922;3176595;19895517;ACEPTADO;PLANTA_TALCAHUANO
DOC-2024-01848;FAC;101354;CL0279;V010;CP45;RETAIL;2024-03-01;2024-04-15;CLP;130580078;24810215;155390293;ANULADO;PLANTA_TALCAHUANO
DOC-2024-01890;FAC;101394;CL0338;V009;CP60;RETAIL;2024-03-01;2024-04-30;CLP;8584164;1630991;10215155;ACEPTADO;PLANTA_CORONEL
DOC-2024-01936;FAC;101436;CL0321;V010;CP45;RETAIL;2024-03-01;2024-04-15;CLP;19155672;3639578;22795250;ACEPTADO;PLANTA_CORONEL
DOC-2024-01979;FAC;101472;CL0279;V010;CP30;RETAIL;2024-03-01;2024-03-31;CLP;79443757;15094314;94538071;ACEPTADO;PLANTA_CORONEL
DOC-2024-00174;FEX;50174;CL0058;V004;CP90;EXPORTACION;2024-03-04;2024-06-02;USD;43091.2;0;43091.2;ACEPTADO;PLANTA_QUELLON
DOC-2024-00312;FEX;50312;CL0015;V002;CP90;EXPORTACION;2024-03-04;2024-06-02;USD;18860.04;0;18860.04;ACEPTADO;PLANTA_TALCAHUANO
DOC-2024-00716;FAC;100314;CL0161;V005;CP30;FOODSERVICE;2024-03-04;2024-04-03;CLP;6555490;1245543;7801033;ACEPTADO;CD_SANTIAGO
DOC-2024-00748;FAC;100345;CL0093;V006;CP60;FOODSERVICE;2024-03-04;2024-05-03;CLP;1811808;344244;2156052;ACEPTADO;PLANTA_CORONEL
DOC-2024-01090;FAC;100654;CL0074;V007;CP30;FOODSERVICE;2024-03-04;2024-04-03;CLP;17081884;3245558;20327442;ACEPTADO;PLANTA_CORONEL
DOC-2024-01180;FAC;100734;CL0196;V006;CP60;FOODSERVICE;2024-03-04;2024-05-03;CLP;1804921;342935;2147856;ACEPTADO;CD_SANTIAGO
DOC-2024-00298;FEX;50298;CL0061;V002;CP90;EXPORTACION;2024-03-05;2024-06-18;USD;204387.02;0;204387.02;ACEPTADO;PLANTA_TALCAHUANO
DOC-2024-00398;FAC;100014;CL0107;V005;CP45;FOODSERVICE;2024-03-05;2024-04-19;CLP;6910925;1313076;8224001;ACEPTADO;CD_SANTIAGO
DOC-2024-00947;FAC;100526;CL0073;V005;CP30;FOODSERVICE;2024-03-05;2024-04-04;CLP;3179756;604154;3783910;ACEPTADO;PLANTA_CORONEL
DOC-2024-01051;FAC;100622;CL0213;V006;CP45;FOODSERVICE;2024-03-05;2024-04-19;CLP;5004432;950842;5955274;ACEPTADO;PLANTA_CORONEL
DOC-2024-01578;FAC;101105;CL0123;V006;CP45;FOODSERVICE;2024-03-05;2024-04-19;CLP;12475903;2370422;14846325;ACEPTADO;PLANTA_TALCAHUANO
DOC-2024-00340;FEX;50340;CL0011;V002;CP60;EXPORTACION;2024-03-06;2024-05-05;USD;12338.38;0;12338.38;ACEPTADO;PLANTA_TALCAHUANO
DOC-2024-00392;FAC;100008;CL0073;V005;CP60;FOODSERVICE;2024-03-06;2024-05-05;CLP;5459258;1037259;6496517;ACEPTADO;CD_SANTIAGO
DOC-2024-00848;FAC;100440;CL0104;V006;CP30;FOODSERVICE;2024-03-06;2024-04-05;CLP;8369468;1590199;9959667;ACEPTADO;PLANTA_TALCAHUANO
DOC-2024-00879;FAC;100466;CL0097;V007;CP45;FOODSERVICE;2024-03-06;2024-04-20;CLP;2825896;536920;3362816;ACEPTADO;CD_SANTIAGO
DOC-2024-00953;FAC;100532;CL0161;V005;CP30;FOODSERVICE;2024-03-06;2024-04-05;CLP;15681419;2979470;18660889;RECLAMADO;CD_SANTIAGO
DOC-2024-00094;FEX;50094;CL0049;V003;CP60;EXPORTACION;2024-03-07;2024-05-06;USD;9187.99;0;9187.99;ACEPTADO;PLANTA_TALCAHUANO
DOC-2024-01351;FAC;100894;CL0144;V006;CP45;FOODSERVICE;2024-03-07;2024-04-21;CLP;5058122;961043;6019165;ACEPTADO;CD_SANTIAGO
DOC-2024-00071;FEX;50071;CL0032;V002;CP60;EXPORTACION;2024-03-08;2024-05-07;USD;126168.91;0;126168.91;ACEPTADO;PLANTA_TALCAHUANO
DOC-2024-00084;FEX;50084;CL0070;V002;CP120;EXPORTACION;2024-03-08;2024-07-06;USD;42436.54;0;42436.54;ACEPTADO;PLANTA_TALCAHUANO
DOC-2024-00087;FEX;50087;CL0052;V001;CP60;EXPORTACION;2024-03-08;2024-06-21;CLP;47023636;0;47023636;ACEPTADO;PLANTA_TALCAHUANO
DOC-2024-00395;FAC;100011;CL0161;V005;CP45;FOODSERVICE;2024-03-08;2024-04-22;CLP;7761081;1474605;9235686;ACEPTADO;CD_SANTIAGO
DOC-2024-00483;FAC;100097;CL0199;V008;CP30;FOODSERVICE;2024-03-08;2024-04-07;CLP;9045818;1718705;10764523;ACEPTADO;CD_SANTIAGO
DOC-2024-00625;FAC;100230;CL0074;V007;CP60;FOODSERVICE;2024-03-08;2024-04-17;CLP;16284003;3093961;19377964;ACEPTADO;CD_SANTIAGO
DOC-2024-00804;FAC;100398;CL0136;V008;CP60;FOODSERVICE;2024-03-08;2024-05-07;CLP;4344987;825548;5170535;ACEPTADO;PLANTA_CORONEL
DOC-2024-01215;FAC;100769;CL0088;V005;CP30;FOODSERVICE;2024-03-08;2024-04-07;CLP;1388131;263745;1651876;ACEPTADO;CD_SANTIAGO
DOC-2024-01241;FAC;100792;CL0170;V005;CP30;FOODSERVICE;2024-03-08;2024-04-07;CLP;7726310;1467999;9194309;ACEPTADO;PLANTA_CORONEL
DOC-2024-01322;FAC;100868;CL0214;V008;CP45;FOODSERVICE;2024-03-08;2024-04-22;CLP;1748215;332161;2080376;ACEPTADO;CD_SANTIAGO
DOC-2024-01324;FAC;100869;CL0203;V008;CP00;FOODSERVICE;2024-03-08;2024-03-08;CLP;7683448;1459855;9143303;ACEPTADO;PLANTA_TALCAHUANO
DOC-2024-01400;FAC;100939;CL0142;V007;CP45;FOODSERVICE;2024-03-08;2024-04-22;CLP;4053335;770134;4823469;ACEPTADO;PLANTA_CORONEL
DOC-2024-01490;FAC;101022;CL0188;V005;CP45;FOODSERVICE;2024-03-08;2024-04-22;CLP;3498785;664769;4163554;ACEPTADO;PLANTA_CORONEL
DOC-2024-01544;FEE;8090;CL0083;V007;CP30;FOODSERVICE;2024-03-08;2024-04-07;CLP;11827535;0;11827535;ACEPTADO;PLANTA_CORONEL
DOC-2024-01551;FAC;101078;CL0209;V006;CP30;FOODSERVICE;2024-03-08;2024-04-07;CLP;8666229;1646584;10312813;ACEPTADO;CD_SANTIAGO
DOC-2024-01599;FAC;101126;CL0073;V005;CP45;FOODSERVICE;2024-03-08;2024-04-22;CLP;9508048;1806529;11314577;ACEPTADO;PLANTA_TALCAHUANO
DOC-2024-01655;FAC;101180;CL0115;V008;CP30;FOODSERVICE;2024-03-08;2024-04-07;CLP;1668735;317060;1985795;ACEPTADO;PLANTA_TALCAHUANO
DOC-2024-01917;FAC;101419;CL0299;V011;CP45;RETAIL;2024-03-08;2024-04-22;CLP;10869903;2065282;12935185;ACEPTADO;CD_SANTIAGO
DOC-2024-01924;FAC;101425;CL0291;V011;CP60;RETAIL;2024-03-08;2024-05-07;CLP;7225703;1372884;8598587;ACEPTADO;CD_SANTIAGO
DOC-2024-01938;FAC;101438;CL0265;V009;CP60;RETAIL;2024-03-08;2024-05-07;CLP;6255257;1188499;7443756;ACEPTADO;PLANTA_CORONEL
DOC-2024-00348;FEX;50348;CL0025;V002;CP120;EXPORTACION;2024-03-11;2024-07-09;USD;63524.98;0;63524.98;ANULADO;PLANTA_CALDERA
DOC-2024-01133;FAC;100692;CL0112;V008;CP30;FOODSERVICE;2024-03-12;2024-04-11;CLP;5614415;1066739;6681154;ACEPTADO;CD_SANTIAGO
DOC-2024-01231;FAC;100783;CL0112;V008;CP45;FOODSERVICE;2024-03-12;2024-04-26;CLP;4845658;920675;5766333;ACEPTADO;CD_SANTIAGO
DOC-2024-01325;FAC;100870;CL0081;V005;CP45;FOODSERVICE;2024-03-12;2024-04-26;CLP;10509929;1996887;12506816;ACEPTADO;PLANTA_CORONEL
DOC-2024-01480;FAC;101013;CL0116;V006;CP30;FOODSERVICE;2024-03-12;2024-04-11;CLP;5974855;1135222;7110077;ACEPTADO;PLANTA_CORONEL
DOC-2024-01485;FAC;101018;CL0208;V007;CP45;FOODSERVICE;2024-03-12;2024-04-26;CLP;4446634;844860;5291494;ACEPTADO;CD_SANTIAGO
DOC-2024-01609;FAC;101135;CL0131;V006;CP45;FOODSERVICE;2024-03-12;2024-04-26;CLP;4603976;874755;5478731;ACEPTADO;CD_SANTIAGO
DOC-2024-00549;FAC;100157;CL0076;V005;CP30;FOODSERVICE;2024-03-13;2024-04-12;CLP;7355661;1397576;8753237;ACEPTADO;PLANTA_TALCAHUANO
DOC-2024-00720;FAC;100318;CL0097;V007;CP45;FOODSERVICE;2024-03-13;2024-04-27;CLP;18998569;3609728;22608297;RECLAMADO;CD_SANTIAGO
DOC-2024-01191;FAC;100745;CL0166;V008;CP30;FOODSERVICE;2024-03-13;2024-04-12;CLP;11682457;2219667;13902124;ACEPTADO;PLANTA_CORONEL
DOC-2024-01393;FAC;100932;CL0192;V006;CP60;FOODSERVICE;2024-03-13;2024-05-12;CLP;5258596;999133;6257729;ACEPTADO;CD_SANTIAGO
DOC-2024-01404;FAC;100943;CL0074;V007;CP45;FOODSERVICE;2024-03-13;2024-04-27;CLP;19086540;3626443;22712983;ACEPTADO;PLANTA_CORONEL
DOC-2024-01537;FAC;101066;CL0148;V006;CP45;FOODSERVICE;2024-03-13;2024-04-27;CLP;2293101;435689;2728790;ACEPTADO;PLANTA_CORONEL
DOC-2024-01816;FAC;101325;CL0279;V010;CP30;RETAIL;2024-03-13;2024-04-12;CLP;63982751;12156723;76139474;ACEPTADO;CD_SANTIAGO
DOC-2024-01842;FAC;101348;CL0295;V011;CP30;RETAIL;2024-03-13;2024-04-12;CLP;21279982;4043197;25323179;ACEPTADO;CD_SANTIAGO
DOC-2024-01934;FAC;101434;CL0296;V011;CP30;RETAIL;2024-03-13;2024-06-11;CLP;15208198;2889558;18097756;ACEPTADO;PLANTA_TALCAHUANO
DOC-2024-00681;FAC;100282;CL0111;V008;CP45;FOODSERVICE;2024-03-14;2024-04-28;CLP;7433613;1412386;8845999;ACEPTADO;PLANTA_TALCAHUANO
DOC-2024-01343;FAC;100887;CL0213;V006;CP30;FOODSERVICE;2024-03-14;2024-04-13;CLP;6401680;1216319;7617999;ACEPTADO;PLANTA_TALCAHUANO
DOC-2024-01530;FAC;101059;CL0211;V006;CP30;FOODSERVICE;2024-03-14;2024-04-13;CLP;4075058;774261;4849319;ACEPTADO;PLANTA_CORONEL
DOC-2024-01698;FAC;101218;CL0279;V010;CP45;RETAIL;2024-03-14;2024-04-13;CLP;18338955;3484401;21823356;ACEPTADO;PLANTA_TALCAHUANO
DOC-2024-00065;FEX;50065;CL0058;V004;CP120;EXPORTACION;2024-03-15;2024-07-13;USD;40201.22;0;40201.22;ACEPTADO;PLANTA_CORONEL
DOC-2024-00101;FEX;50101;CL0062;V004;CP60;EXPORTACION;2024-03-15;2024-05-14;USD;22465.1;0;22465.1;ACEPTADO;PLANTA_QUELLON
DOC-2024-00116;FEX;50116;CL0028;V001;CP90;EXPORTACION;2024-03-15;2024-06-13;USD;154776.4;0;154776.4;ACEPTADO;PLANTA_QUELLON
DOC-2024-00180;FEX;50180;CL0051;V001;CP90;EXPORTACION;2024-03-15;2024-06-13;USD;7372.58;0;7372.58;ACEPTADO;PLANTA_CALDERA
DOC-2024-00213;FEX;50213;CL0056;V002;CP120;EXPORTACION;2024-03-15;2024-07-13;USD;87380.17;0;87380.17;ACEPTADO;PLANTA_CORONEL
DOC-2024-00291;FEX;50291;CL0026;V001;CP90;EXPORTACION;2024-03-15;2024-06-13;USD;12066.46;0;12066.46;RECLAMADO;PLANTA_CALDERA
DOC-2024-00309;FEX;50309;CL0032;V002;CP60;EXPORTACION;2024-03-15;2024-05-14;USD;41269.23;0;41269.23;ACEPTADO;PLANTA_CORONEL
DOC-2024-00311;FEX;50311;CL0034;V004;CP120;EXPORTACION;2024-03-15;2024-07-13;USD;32892.22;0;32892.22;RECLAMADO;PLANTA_CORONEL
DOC-2024-00366;FEX;50366;CL0032;V002;CP90;EXPORTACION;2024-03-15;2024-07-08;USD;218399.56;0;218399.56;ACEPTADO;PLANTA_TALCAHUANO
DOC-2024-00485;FAC;100099;CL0176;V008;CP60;FOODSERVICE;2024-03-15;2024-05-14;CLP;11124950;2113740;13238690;ACEPTADO;PLANTA_TALCAHUANO
DOC-2024-00535;FAC;100143;CL0184;V005;CP30;FOODSERVICE;2024-03-15;2024-04-14;CLP;24816128;4715064;29531192;ACEPTADO;PLANTA_TALCAHUANO
DOC-2024-00940;FAC;100520;CL0120;V007;CP30;FOODSERVICE;2024-03-15;2024-04-14;CLP;21184694;4025092;25209786;ACEPTADO;PLANTA_TALCAHUANO
DOC-2024-00970;FAC;100548;CL0145;V008;CP45;FOODSERVICE;2024-03-15;2024-04-29;CLP;2055210;390490;2445700;ACEPTADO;PLANTA_CORONEL
DOC-2024-01083;FAC;100650;CL0128;V005;CP30;FOODSERVICE;2024-03-15;2024-04-14;CLP;8530499;1620795;10151294;ACEPTADO;CD_SANTIAGO
DOC-2024-01192;FAC;100746;CL0137;V007;CP45;FOODSERVICE;2024-03-15;2024-04-29;CLP;4886696;928472;5815168;ACEPTADO;CD_SANTIAGO
DOC-2024-01307;FAC;100853;CL0123;V006;CP45;FOODSERVICE;2024-03-15;2024-04-29;CLP;5426449;1031025;6457474;ACEPTADO;CD_SANTIAGO
DOC-2024-01427;FAC;100965;CL0150;V006;CP45;FOODSERVICE;2024-03-15;2024-04-29;CLP;7597921;1443605;9041526;ACEPTADO;PLANTA_TALCAHUANO
DOC-2024-01428;FAC;100966;CL0079;V008;CP60;FOODSERVICE;2024-03-15;2024-05-14;CLP;4198126;797644;4995770;ACEPTADO;PLANTA_TALCAHUANO
DOC-2024-01559;FAC;101086;CL0118;V007;CP45;FOODSERVICE;2024-03-15;2024-04-29;CLP;5299750;1006952;6306702;ACEPTADO;PLANTA_TALCAHUANO
DOC-2024-01572;FAC;101099;CL0197;V008;CP30;FOODSERVICE;2024-03-15;2024-04-14;CLP;968770;184066;1152836;ACEPTADO;PLANTA_TALCAHUANO
DOC-2024-01576;FAC;101103;CL0177;V005;CP45;FOODSERVICE;2024-03-15;2024-04-29;CLP;11692111;2221501;13913612;ACEPTADO;CD_SANTIAGO
DOC-2024-01750;FAC;101265;CL0279;V010;CP45;RETAIL;2024-03-15;2024-04-29;CLP;63316977;12030226;75347203;ACEPTADO;CD_SANTIAGO
DOC-2024-01795;FAC;101304;CL0312;V010;CP45;RETAIL;2024-03-15;2024-03-30;CLP;2587626;491649;3079275;ACEPTADO;PLANTA_CORONEL
DOC-2024-02014;FAC;101504;CL0235;V012;CP90;RETAIL;2024-03-15;2024-06-13;CLP;13551355;2574757;16126112;ACEPTADO;PLANTA_TALCAHUANO
DOC-2024-00172;FEX;50172;CL0014;V003;CP90;EXPORTACION;2024-03-18;2024-06-16;USD;162066.55;0;162066.55;ACEPTADO;PLANTA_TALCAHUANO
DOC-2024-00198;FEX;50198;CL0008;V002;CP60;EXPORTACION;2024-03-18;2024-05-17;CLP;39684426;0;39684426;ACEPTADO;PLANTA_CORONEL
DOC-2024-00317;FEX;50317;CL0032;V002;CP90;EXPORTACION;2024-03-18;2024-06-16;USD;152569.81;0;152569.81;ACEPTADO;PLANTA_QUELLON
DOC-2024-00807;FAC;100401;CL0156;V008;CP30;FOODSERVICE;2024-03-18;2024-04-17;CLP;9472817;1799835;11272652;ACEPTADO;PLANTA_CORONEL
DOC-2024-00827;FAC;100421;CL0106;V008;CP45;FOODSERVICE;2024-03-18;2024-05-02;CLP;5005628;951069;5956697;ACEPTADO;PLANTA_TALCAHUANO
DOC-2024-01030;FAC;100602;CL0075;V007;CP00;FOODSERVICE;2024-03-18;2024-03-18;CLP;11966694;2273672;14240366;ACEPTADO;PLANTA_TALCAHUANO
DOC-2024-01093;FAC;100657;CL0074;V007;CP45;FOODSERVICE;2024-03-18;2024-05-02;CLP;9026209;1714980;10741189;ACEPTADO;PLANTA_TALCAHUANO
DOC-2024-01277;FAC;100826;CL0193;V008;CP60;FOODSERVICE;2024-03-18;2024-05-17;CLP;9209949;1749890;10959839;ACEPTADO;PLANTA_CORONEL
DOC-2024-01627;FAC;101152;CL0207;V008;CP30;FOODSERVICE;2024-03-18;2024-04-17;CLP;12561627;2386709;14948336;ACEPTADO;PLANTA_TALCAHUANO
DOC-2024-01649;FAC;101174;CL0123;V006;CP45;FOODSERVICE;2024-03-18;2024-05-02;CLP;26639041;5061418;31700459;ACEPTADO;PLANTA_TALCAHUANO
DOC-2024-00069;FEX;50069;CL0011;V002;CP60;EXPORTACION;2024-03-19;2024-05-18;CLP;10303904;0;10303904;ACEPTADO;PLANTA_QUELLON
DOC-2024-00077;FEX;50077;CL0004;V001;CP120;EXPORTACION;2024-03-19;2024-07-17;USD;26118.37;0;26118.37;ACEPTADO;PLANTA_CALDERA
DOC-2024-00334;FEX;50334;CL0021;V003;CP60;EXPORTACION;2024-03-19;2024-05-18;USD;24105.67;0;24105.67;ACEPTADO;PLANTA_CORONEL
DOC-2024-00494;FAC;100106;CL0164;V007;CP30;FOODSERVICE;2024-03-19;2024-04-18;CLP;35195151;6687079;41882230;ACEPTADO;PLANTA_TALCAHUANO
DOC-2024-00785;FAC;100379;CL0215;V008;CP30;FOODSERVICE;2024-03-19;2024-04-18;CLP;2275548;432354;2707902;ACEPTADO;PLANTA_CORONEL
DOC-2024-01539;FAC;101068;CL0135;V005;CP60;FOODSERVICE;2024-03-19;2024-05-18;CLP;10131685;1925020;12056705;ACEPTADO;CD_SANTIAGO
DOC-2024-01826;FAC;101334;CL0230;V012;CP60;RETAIL;2024-03-19;2024-05-18;CLP;4229375;803581;5032956;ACEPTADO;PLANTA_CORONEL
DOC-2024-00228;FEX;50228;CL0010;V003;CP90;EXPORTACION;2024-03-20;2024-06-18;USD;43240.25;0;43240.25;ACEPTADO;PLANTA_TALCAHUANO
DOC-2024-00379;FEX;50379;CL0049;V003;CP90;EXPORTACION;2024-03-20;2024-06-18;USD;61873.78;0;61873.78;ACEPTADO;PLANTA_TALCAHUANO
DOC-2024-00655;FAC;100256;CL0118;V007;CP00;FOODSERVICE;2024-03-20;2024-03-20;CLP;30375456;5771337;36146793;ACEPTADO;CD_SANTIAGO
DOC-2024-00747;FAC;100344;CL0137;V007;CP00;FOODSERVICE;2024-03-20;2024-03-20;CLP;3106021;590144;3696165;ACEPTADO;CD_SANTIAGO
DOC-2024-01132;FAC;100691;CL0074;V007;CP30;FOODSERVICE;2024-03-20;2024-04-19;CLP;5979586;1136121;7115707;ACEPTADO;PLANTA_TALCAHUANO
DOC-2024-01159;FAC;100714;CL0178;V008;CP30;FOODSERVICE;2024-03-20;2024-04-19;CLP;2054256;390309;2444565;ACEPTADO;CD_SANTIAGO
DOC-2024-01167;FAC;100721;CL0187;V006;CP00;FOODSERVICE;2024-03-20;2024-03-20;CLP;605091;114967;720058;ACEPTADO;PLANTA_TALCAHUANO
DOC-2024-01556;FAC;101083;CL0214;V008;CP00;FOODSERVICE;2024-03-20;2024-03-20;CLP;7495338;1424114;8919452;ACEPTADO;CD_SANTIAGO
DOC-2024-01901;FEE;8115;CL0275;V011;CP30;RETAIL;2024-03-20;2024-04-19;CLP;6048773;0;6048773;ACEPTADO;PLANTA_TALCAHUANO
DOC-2024-00126;FEX;50126;CL0062;V004;CP60;EXPORTACION;2024-03-21;2024-05-20;CLP;94362739;0;94362739;ACEPTADO;PLANTA_QUELLON
DOC-2024-00433;FAC;100049;CL0079;V008;CP30;FOODSERVICE;2024-03-21;2024-04-20;CLP;589810;112064;701874;ACEPTADO;PLANTA_TALCAHUANO
DOC-2024-00888;FEE;8032;CL0074;V007;CP60;FOODSERVICE;2024-03-21;2024-05-20;CLP;27671466;0;27671466;ACEPTADO;PLANTA_TALCAHUANO
DOC-2024-01065;FAC;100636;CL0118;V007;CP30;FOODSERVICE;2024-03-21;2024-04-20;CLP;24237537;4605132;28842669;ACEPTADO;CD_SANTIAGO
DOC-2024-01484;FAC;101017;CL0154;V005;CP45;FOODSERVICE;2024-03-21;2024-05-05;CLP;15643419;2972250;18615669;ANULADO;PLANTA_TALCAHUANO
DOC-2024-01555;FAC;101082;CL0075;V007;CP00;FOODSERVICE;2024-03-21;2024-03-21;CLP;9558718;1816156;11374874;ACEPTADO;CD_SANTIAGO
DOC-2024-01657;FAC;101182;CL0075;V007;CP60;FOODSERVICE;2024-03-21;2024-05-20;CLP;5425289;1030805;6456094;ACEPTADO;PLANTA_TALCAHUANO
DOC-2024-02020;FAC;101510;CL0264;V010;CP60;RETAIL;2024-03-21;2024-05-20;CLP;9172839;1742839;10915678;ACEPTADO;CD_SANTIAGO
DOC-2024-00140;FEX;50140;CL0032;V002;CP60;EXPORTACION;2024-03-22;2024-05-21;USD;283421.72;0;283421.72;ACEPTADO;PLANTA_CORONEL
DOC-2024-00432;FAC;100048;CL0138;V005;CP45;FOODSERVICE;2024-03-22;2024-05-06;CLP;10065903;1912522;11978425;ACEPTADO;CD_SANTIAGO
DOC-2024-00512;FAC;100123;CL0193;V008;CP45;FOODSERVICE;2024-03-22;2024-05-06;CLP;19694367;3741930;23436297;ACEPTADO;PLANTA_CORONEL
DOC-2024-00867;FAC;100456;CL0074;V007;CP45;FOODSERVICE;2024-03-22;2024-05-06;CLP;8835714;1678786;10514500;ACEPTADO;PLANTA_CORONEL
DOC-2024-00892;FAC;100477;CL0193;V008;CP30;FOODSERVICE;2024-03-22;2024-04-21;CLP;8570215;1628341;10198556;ACEPTADO;PLANTA_TALCAHUANO
DOC-2024-00922;FAC;100504;CL0083;V007;CP30;FOODSERVICE;2024-03-22;2024-04-21;CLP;3875255;736298;4611553;ACEPTADO;CD_SANTIAGO
DOC-2024-00993;FAC;100569;CL0213;V006;CP45;FOODSERVICE;2024-03-22;2024-05-06;CLP;5136236;975885;6112121;ACEPTADO;PLANTA_CORONEL
DOC-2024-01027;FAC;100599;CL0075;V007;CP45;FOODSERVICE;2024-03-22;2024-05-06;CLP;4023908;764543;4788451;ACEPTADO;CD_SANTIAGO
DOC-2024-01152;FAC;100709;CL0074;V007;CP60;FOODSERVICE;2024-03-22;2024-05-21;CLP;8250098;1567519;9817617;ACEPTADO;CD_SANTIAGO
DOC-2024-01153;FEE;8061;CL0161;V005;CP45;FOODSERVICE;2024-03-22;2024-05-06;CLP;2447373;0;2447373;ACEPTADO;PLANTA_CORONEL
DOC-2024-01174;FAC;100728;CL0214;V008;CP60;FOODSERVICE;2024-03-22;2024-05-21;CLP;10228452;1943406;12171858;ACEPTADO;PLANTA_CORONEL
DOC-2024-01194;FAC;100748;CL0136;V008;CP30;FOODSERVICE;2024-03-22;2024-04-21;CLP;4934091;937477;5871568;ACEPTADO;CD_SANTIAGO
DOC-2024-01236;FAC;100788;CL0097;V007;CP30;FOODSERVICE;2024-03-22;2024-04-21;CLP;4760857;904563;5665420;ACEPTADO;CD_SANTIAGO
DOC-2024-01558;FAC;101085;CL0116;V006;CP30;FOODSERVICE;2024-03-22;2024-04-21;CLP;10216054;1941050;12157104;ACEPTADO;PLANTA_CORONEL
DOC-2024-01656;FAC;101181;CL0074;V007;CP30;FOODSERVICE;2024-03-22;2024-04-21;CLP;11552731;2195019;13747750;ACEPTADO;PLANTA_TALCAHUANO
DOC-2024-01756;FAC;101271;CL0308;V011;CP60;RETAIL;2024-03-22;2024-05-21;CLP;11567204;2197769;13764973;ACEPTADO;PLANTA_TALCAHUANO
DOC-2024-00558;FAC;100165;CL0197;V008;CP00;FOODSERVICE;2024-03-25;2024-03-25;CLP;6358795;1208171;7566966;ACEPTADO;PLANTA_CORONEL
DOC-2024-01072;FAC;100642;CL0100;V008;CP30;FOODSERVICE;2024-03-25;2024-04-24;CLP;2441183;463825;2905008;ACEPTADO;CD_SANTIAGO
DOC-2024-01126;FAC;100687;CL0088;V005;CP30;FOODSERVICE;2024-03-25;2024-04-24;CLP;4337675;824158;5161833;ACEPTADO;PLANTA_TALCAHUANO
DOC-2024-01482;FAC;101015;CL0104;V006;CP30;FOODSERVICE;2024-03-25;2024-04-24;CLP;13783776;2618917;16402693;ACEPTADO;PLANTA_CORONEL
DOC-2024-01588;FAC;101115;CL0206;V006;CP30;FOODSERVICE;2024-03-25;2024-04-24;CLP;9152469;1738969;10891438;ACEPTADO;PLANTA_CORONEL
DOC-2024-01740;FEE;8102;CL0279;V010;CP45;RETAIL;2024-03-25;2024-05-09;CLP;56309565;0;56309565;ACEPTADO;PLANTA_TALCAHUANO
DOC-2024-00571;FAC;100178;CL0161;V005;CP30;FOODSERVICE;2024-03-26;2024-04-25;CLP;32021303;6084048;38105351;ACEPTADO;CD_SANTIAGO
DOC-2024-00766;FAC;100362;CL0214;V008;CP60;FOODSERVICE;2024-03-26;2024-05-25;CLP;6870627;1305419;8176046;ACEPTADO;CD_SANTIAGO
DOC-2024-00831;FAC;100424;CL0185;V007;CP45;FOODSERVICE;2024-03-26;2024-05-10;CLP;3518265;668470;4186735;ACEPTADO;PLANTA_CORONEL
DOC-2024-00955;FAC;100534;CL0188;V005;CP60;FOODSERVICE;2024-03-26;2024-05-25;CLP;2493338;473734;2967072;ACEPTADO;CD_SANTIAGO
DOC-2024-01049;FAC;100620;CL0196;V006;CP45;FOODSERVICE;2024-03-26;2024-05-10;CLP;2890900;549271;3440171;ACEPTADO;PLANTA_CORONEL
DOC-2024-01443;FAC;100979;CL0085;V008;CP45;FOODSERVICE;2024-03-26;2024-05-10;CLP;6233952;1184451;7418403;ACEPTADO;CD_SANTIAGO
DOC-2024-02008;FAC;101498;CL0265;V009;CP45;RETAIL;2024-03-26;2024-05-10;CLP;8879800;1687162;10566962;ACEPTADO;CD_SANTIAGO
DOC-2024-00105;FEX;50105;CL0053;V004;CP90;EXPORTACION;2024-03-27;2024-06-25;USD;45307.38;0;45307.38;ACEPTADO;PLANTA_CALDERA
DOC-2024-00147;FEX;50147;CL0072;V004;CP120;EXPORTACION;2024-03-27;2024-07-25;USD;174896.36;0;174896.36;ACEPTADO;PLANTA_CALDERA
DOC-2024-00883;FAC;100470;CL0133;V008;CP00;FOODSERVICE;2024-03-27;2024-03-27;CLP;12146661;2307866;14454527;ACEPTADO;PLANTA_CORONEL
DOC-2024-00898;FAC;100483;CL0074;V007;CP60;FOODSERVICE;2024-03-27;2024-05-26;CLP;5357890;1017999;6375889;ACEPTADO;PLANTA_CORONEL
DOC-2024-01407;FAC;100946;CL0214;V008;CP30;FOODSERVICE;2024-03-27;2024-04-26;CLP;3470040;659308;4129348;ACEPTADO;PLANTA_TALCAHUANO
DOC-2024-01679;FAC;101203;CL0279;V010;CP60;RETAIL;2024-03-27;2024-05-26;CLP;34856732;6622779;41479511;ACEPTADO;CD_SANTIAGO
DOC-2024-00081;FEX;50081;CL0039;V001;CP120;EXPORTACION;2024-03-28;2024-07-26;CLP;32285038;0;32285038;ACEPTADO;PLANTA_CALDERA
DOC-2024-00123;FEX;50123;CL0048;V001;CP60;EXPORTACION;2024-03-28;2024-05-27;USD;47147.41;0;47147.41;ACEPTADO;PLANTA_CORONEL
DOC-2024-00160;FEX;50160;CL0012;V004;CP120;EXPORTACION;2024-03-28;2024-07-26;USD;81937.98;0;81937.98;ANULADO;PLANTA_CORONEL
DOC-2024-00187;FEX;50187;CL0018;V003;CP60;EXPORTACION;2024-03-28;2024-05-27;USD;112003.29;0;112003.29;ACEPTADO;PLANTA_QUELLON
DOC-2024-00223;FEX;50223;CL0062;V004;CP120;EXPORTACION;2024-03-28;2024-07-26;CLP;34735137;0;34735137;ACEPTADO;PLANTA_CORONEL
DOC-2024-00397;FAC;100013;CL0109;V007;CP45;FOODSERVICE;2024-03-28;2024-05-12;CLP;13184714;2505096;15689810;ACEPTADO;PLANTA_TALCAHUANO
DOC-2024-00481;FAC;100095;CL0093;V006;CP30;FOODSERVICE;2024-03-28;2024-04-27;CLP;5910651;1123024;7033675;ACEPTADO;PLANTA_CORONEL
DOC-2024-00652;FAC;100253;CL0155;V005;CP45;FOODSERVICE;2024-03-28;2024-05-12;CLP;13729037;2608517;16337554;ACEPTADO;PLANTA_TALCAHUANO
DOC-2024-00732;FAC;100330;CL0084;V005;CP45;FOODSERVICE;2024-03-28;2024-05-12;CLP;6151081;1168705;7319786;RECLAMADO;PLANTA_CORONEL
DOC-2024-00762;FAC;100358;CL0103;V005;CP30;FOODSERVICE;2024-03-28;2024-04-27;CLP;2039006;387411;2426417;ACEPTADO;PLANTA_TALCAHUANO
DOC-2024-00782;FAC;100376;CL0089;V008;CP30;FOODSERVICE;2024-03-28;2024-04-27;CLP;7324304;1391618;8715922;ACEPTADO;CD_SANTIAGO
DOC-2024-00851;FAC;100443;CL0184;V005;CP30;FOODSERVICE;2024-03-28;2024-04-27;CLP;9128318;1734380;10862698;ACEPTADO;PLANTA_CORONEL
DOC-2024-00893;FAC;100478;CL0222;V005;CP45;FOODSERVICE;2024-03-28;2024-05-12;CLP;1727833;328288;2056121;ACEPTADO;PLANTA_CORONEL
DOC-2024-00925;FAC;100507;CL0195;V006;CP45;FOODSERVICE;2024-03-28;2024-05-12;CLP;4644924;882536;5527460;ACEPTADO;CD_SANTIAGO
DOC-2024-00985;FAC;100562;CL0146;V005;CP60;FOODSERVICE;2024-03-28;2024-05-27;CLP;6566025;1247545;7813570;ACEPTADO;CD_SANTIAGO
DOC-2024-01074;FAC;100643;CL0193;V008;CP30;FOODSERVICE;2024-03-28;2024-04-27;CLP;8093090;1537687;9630777;ACEPTADO;PLANTA_CORONEL
DOC-2024-01363;FAC;100905;CL0109;V007;CP30;FOODSERVICE;2024-03-28;2024-04-27;CLP;2361573;448699;2810272;ACEPTADO;CD_SANTIAGO
DOC-2024-01434;FAC;100972;CL0111;V008;CP45;FOODSERVICE;2024-03-28;2024-05-12;CLP;3518265;668470;4186735;ACEPTADO;CD_SANTIAGO
DOC-2024-01586;FAC;101113;CL0140;V007;CP00;FOODSERVICE;2024-03-28;2024-03-28;CLP;5781416;1098469;6879885;ACEPTADO;PLANTA_CORONEL
DOC-2024-01635;FAC;101160;CL0131;V006;CP60;FOODSERVICE;2024-03-28;2024-07-26;CLP;5535301;1051707;6587008;ACEPTADO;PLANTA_TALCAHUANO
DOC-2024-01643;FAC;101168;CL0217;V007;CP30;FOODSERVICE;2024-03-28;2024-04-27;CLP;6529544;1240613;7770157;ACEPTADO;PLANTA_CORONEL
DOC-2024-01832;FAC;101340;CL0342;V011;CP60;RETAIL;2024-03-28;2024-05-27;CLP;20456363;3886709;24343072;ACEPTADO;PLANTA_TALCAHUANO
DOC-2024-01879;FAC;101384;CL0304;V009;CP30;RETAIL;2024-03-28;2024-04-27;CLP;46252874;8788046;55040920;ACEPTADO;PLANTA_TALCAHUANO
DOC-2024-01954;FAC;101451;CL0302;V012;CP30;RETAIL;2024-03-28;2024-04-27;CLP;10791319;2050351;12841670;ACEPTADO;CD_SANTIAGO
DOC-2024-01983;FAC;101476;CL0259;V010;CP45;RETAIL;2024-03-28;2024-05-12;CLP;13142081;2496995;15639076;ACEPTADO;PLANTA_CORONEL
DOC-2024-00959;FAC;100538;CL0205;V007;CP30;FOODSERVICE;2024-04-01;2024-05-01;CLP;4479894;851180;5331074;ACEPTADO;PLANTA_CORONEL
DOC-2024-01122;FAC;100683;CL0086;V008;CP45;FOODSERVICE;2024-04-01;2024-05-16;CLP;5682140;1079607;6761747;ACEPTADO;CD_SANTIAGO
DOC-2024-01437;FAC;100974;CL0080;V007;CP45;FOODSERVICE;2024-04-01;2024-05-16;CLP;10596272;2013292;12609564;ACEPTADO;CD_SANTIAGO
DOC-2024-00301;FEX;50301;CL0034;V004;CP120;EXPORTACION;2024-04-02;2024-07-31;USD;40978.06;0;40978.06;ACEPTADO;PLANTA_QUELLON
DOC-2024-00538;FAC;100146;CL0193;V008;CP45;FOODSERVICE;2024-04-02;2024-05-17;CLP;13544347;2573426;16117773;ACEPTADO;CD_SANTIAGO
DOC-2024-00671;FAC;100272;CL0085;V008;CP30;FOODSERVICE;2024-04-02;2024-05-02;CLP;3746619;711858;4458477;ACEPTADO;PLANTA_TALCAHUANO
DOC-2024-00974;FAC;100552;CL0174;V008;CP45;FOODSERVICE;2024-04-02;2024-05-17;CLP;9968588;1894032;11862620;ACEPTADO;PLANTA_TALCAHUANO
DOC-2024-01408;FAC;100947;CL0112;V008;CP45;FOODSERVICE;2024-04-02;2024-05-17;CLP;2428644;461442;2890086;ACEPTADO;CD_SANTIAGO
DOC-2024-01455;FAC;100991;CL0093;V006;CP00;FOODSERVICE;2024-04-02;2024-04-02;CLP;3140581;596710;3737291;ACEPTADO;CD_SANTIAGO
DOC-2024-01470;FAC;101005;CL0173;V006;CP30;FOODSERVICE;2024-04-02;2024-05-02;CLP;1808886;343688;2152574;ACEPTADO;CD_SANTIAGO
DOC-2024-01739;FAC;101255;CL0241;V011;CP60;RETAIL;2024-04-02;2024-06-01;CLP;15739138;2990436;18729574;ACEPTADO;PLANTA_TALCAHUANO
DOC-2024-00382;FEX;50382;CL0032;V002;CP60;EXPORTACION;2024-04-03;2024-06-02;USD;229185.96;0;229185.96;ACEPTADO;PLANTA_CORONEL
DOC-2024-00770;FAC;100365;CL0120;V007;CP30;FOODSERVICE;2024-04-03;2024-05-03;CLP;2390143;454127;2844270;ACEPTADO;PLANTA_TALCAHUANO
DOC-2024-01466;FAC;101001;CL0137;V007;CP45;FOODSERVICE;2024-04-03;2024-07-02;CLP;8505316;1616010;10121326;ACEPTADO;PLANTA_CORONEL
DOC-2024-01714;FAC;101231;CL0324;V011;CP30;RETAIL;2024-04-03;2024-05-03;CLP;14338726;2724358;17063084;ACEPTADO;CD_SANTIAGO
DOC-2024-01143;FEE;8060;CL0217;V007;CP45;FOODSERVICE;2024-04-04;2024-05-19;CLP;6405804;0;6405804;ACEPTADO;PLANTA_TALCAHUANO
DOC-2024-01405;FAC;100944;CL0156;V008;CP30;FOODSERVICE;2024-04-04;2024-05-04;CLP;4577202;869668;5446870;ACEPTADO;PLANTA_TALCAHUANO
DOC-2024-00331;FEX;50331;CL0032;V002;CP90;EXPORTACION;2024-04-05;2024-07-04;USD;175958.14;0;175958.14;ACEPTADO;PLANTA_QUELLON
DOC-2024-00356;FEX;50356;CL0049;V003;CP60;EXPORTACION;2024-04-05;2024-06-04;USD;124549.68;0;124549.68;ACEPTADO;PLANTA_CALDERA
DOC-2024-00547;FAC;100155;CL0143;V006;CP45;FOODSERVICE;2024-04-05;2024-05-20;CLP;24290274;4615152;28905426;ACEPTADO;CD_SANTIAGO
DOC-2024-00663;FAC;100264;CL0101;V008;CP60;FOODSERVICE;2024-04-05;2024-06-04;CLP;14049332;2669373;16718705;ACEPTADO;CD_SANTIAGO
DOC-2024-00793;FAC;100387;CL0074;V007;CP30;FOODSERVICE;2024-04-05;2024-05-05;CLP;34139017;6486413;40625430;ACEPTADO;PLANTA_TALCAHUANO
DOC-2024-00915;FAC;100497;CL0118;V007;CP60;FOODSERVICE;2024-04-05;2024-06-04;CLP;8170174;1552333;9722507;ACEPTADO;PLANTA_CORONEL
DOC-2024-01105;FAC;100667;CL0192;V006;CP30;FOODSERVICE;2024-04-05;2024-05-05;CLP;1169516;222208;1391724;ACEPTADO;PLANTA_TALCAHUANO
DOC-2024-01181;FAC;100735;CL0161;V005;CP45;FOODSERVICE;2024-04-05;2024-05-20;CLP;7431437;1411973;8843410;ACEPTADO;CD_SANTIAGO
DOC-2024-01233;FAC;100785;CL0074;V007;CP30;FOODSERVICE;2024-04-05;2024-05-05;CLP;16474526;3130160;19604686;ACEPTADO;CD_SANTIAGO
DOC-2024-01293;FAC;100841;CL0099;V008;CP60;FOODSERVICE;2024-04-05;2024-06-04;CLP;2775558;527356;3302914;ACEPTADO;PLANTA_TALCAHUANO
DOC-2024-01305;FEE;8071;CL0105;V006;CP30;FOODSERVICE;2024-04-05;2024-05-05;CLP;999314;0;999314;ACEPTADO;PLANTA_CORONEL
DOC-2024-01315;FAC;100861;CL0195;V006;CP00;FOODSERVICE;2024-04-05;2024-04-05;CLP;1774136;337086;2111222;ACEPTADO;PLANTA_CORONEL
DOC-2024-01378;FAC;100917;CL0126;V005;CP30;FOODSERVICE;2024-04-05;2024-05-05;CLP;11624876;2208726;13833602;ACEPTADO;CD_SANTIAGO
DOC-2024-01431;FAC;100969;CL0162;V007;CP60;FOODSERVICE;2024-04-05;2024-06-04;CLP;4119857;782773;4902630;ACEPTADO;PLANTA_TALCAHUANO
DOC-2024-01819;FAC;101328;CL0296;V011;CP60;RETAIL;2024-04-05;2024-06-04;CLP;17839666;3389537;21229203;ACEPTADO;CD_SANTIAGO
DOC-2024-01884;FAC;101389;CL0224;V010;CP60;RETAIL;2024-04-05;2024-06-04;CLP;10938322;2078281;13016603;ACEPTADO;PLANTA_CORONEL
DOC-2024-00958;FAC;100537;CL0137;V007;CP30;FOODSERVICE;2024-04-08;2024-05-08;CLP;6372794;1210831;7583625;ACEPTADO;CD_SANTIAGO
DOC-2024-01170;FAC;100724;CL0154;V005;CP60;FOODSERVICE;2024-04-08;2024-06-07;CLP;2668378;506992;3175370;ACEPTADO;PLANTA_CORONEL
DOC-2024-01306;FAC;100852;CL0143;V006;CP30;FOODSERVICE;2024-04-08;2024-05-08;CLP;6399563;1215917;7615480;ACEPTADO;PLANTA_CORONEL
DOC-2024-01056;FAC;100627;CL0182;V008;CP60;FOODSERVICE;2024-04-09;2024-06-08;CLP;2983340;566835;3550175;ACEPTADO;CD_SANTIAGO
DOC-2024-00019;FEX;50019;CL0037;V002;CP90;EXPORTACION;2024-04-10;2024-07-09;USD;25732.77;0;25732.77;ACEPTADO;PLANTA_TALCAHUANO
DOC-2024-00365;FEX;50365;CL0032;V002;CP90;EXPORTACION;2024-04-10;2024-07-09;USD;141020.76;0;141020.76;ACEPTADO;PLANTA_TALCAHUANO
DOC-2024-00815;FAC;100409;CL0088;V005;CP45;FOODSERVICE;2024-04-10;2024-05-25;CLP;9262191;1759816;11022007;ACEPTADO;CD_SANTIAGO
DOC-2024-01486;FAC;101019;CL0189;V008;CP45;FOODSERVICE;2024-04-10;2024-05-25;CLP;2946168;559772;3505940;ACEPTADO;CD_SANTIAGO
DOC-2024-01833;FEE;8110;CL0251;V010;CP60;RETAIL;2024-04-10;2024-06-09;CLP;20817825;0;20817825;ACEPTADO;PLANTA_TALCAHUANO
DOC-2024-01112;FAC;100674;CL0091;V007;CP30;FOODSERVICE;2024-04-11;2024-05-11;CLP;8399405;1595887;9995292;ACEPTADO;PLANTA_CORONEL
DOC-2024-01499;FEE;8087;CL0192;V006;CP45;FOODSERVICE;2024-04-11;2024-05-26;CLP;4877120;0;4877120;ACEPTADO;PLANTA_TALCAHUANO
DOC-2024-01686;FAC;101208;CL0266;V012;CP45;RETAIL;2024-04-11;2024-05-26;CLP;24405063;4636962;29042025;ACEPTADO;CD_SANTIAGO
DOC-2024-00002;FEX;50002;CL0032;V002;CP90;EXPORTACION;2024-04-12;2024-07-11;USD;95597.75;0;95597.75;ACEPTADO;PLANTA_CORONEL
DOC-2024-00171;FEX;50171;CL0012;V004;CP60;EXPORTACION;2024-04-12;2024-06-11;USD;44631.37;0;44631.37;ACEPTADO;PLANTA_CALDERA
DOC-2024-00308;FEX;50308;CL0039;V001;CP60;EXPORTACION;2024-04-12;2024-06-11;CLP;67097951;0;67097951;ACEPTADO;PLANTA_CORONEL
DOC-2024-00525;FAC;100134;CL0143;V006;CP45;FOODSERVICE;2024-04-12;2024-05-27;CLP;4974893;945230;5920123;ACEPTADO;PLANTA_CORONEL
DOC-2024-00580;FAC;100187;CL0123;V006;CP30;FOODSERVICE;2024-04-12;2024-05-12;CLP;8298912;1576793;9875705;ACEPTADO;PLANTA_TALCAHUANO
DOC-2024-00999;FAC;100575;CL0118;V007;CP45;FOODSERVICE;2024-04-12;2024-05-27;CLP;12964642;2463282;15427924;ACEPTADO;CD_SANTIAGO
DOC-2024-01282;FEE;8069;CL0074;V007;CP30;FOODSERVICE;2024-04-12;2024-05-12;CLP;10939023;0;10939023;ACEPTADO;CD_SANTIAGO
DOC-2024-01447;FAC;100983;CL0214;V008;CP30;FOODSERVICE;2024-04-12;2024-05-12;CLP;10316802;1960192;12276994;ACEPTADO;CD_SANTIAGO
DOC-2024-01462;FAC;100997;CL0097;V007;CP30;FOODSERVICE;2024-04-12;2024-05-12;CLP;12428605;2361435;14790040;ACEPTADO;PLANTA_TALCAHUANO
DOC-2024-01563;FAC;101090;CL0164;V007;CP45;FOODSERVICE;2024-04-12;2024-05-27;CLP;5797490;1101523;6899013;ACEPTADO;PLANTA_TALCAHUANO
DOC-2024-01621;FAC;101147;CL0074;V007;CP30;FOODSERVICE;2024-04-12;2024-05-12;CLP;20869477;3965201;24834678;ACEPTADO;PLANTA_CORONEL
DOC-2024-01622;FAC;101148;CL0153;V008;CP45;FOODSERVICE;2024-04-12;2024-05-27;CLP;12459364;2367279;14826643;ANULADO;PLANTA_TALCAHUANO
DOC-2024-01665;FAC;101190;CL0239;V011;CP60;RETAIL;2024-04-12;2024-06-11;CLP;10762895;2044950;12807845;ACEPTADO;PLANTA_CORONEL
DOC-2024-01892;FAC;101396;CL0341;V010;CP30;RETAIL;2024-04-12;2024-05-12;CLP;2816104;535060;3351164;ACEPTADO;PLANTA_CORONEL
DOC-2024-00276;FEX;50276;CL0012;V004;CP60;EXPORTACION;2024-04-15;2024-06-14;CLP;14998750;0;14998750;ACEPTADO;PLANTA_CORONEL
DOC-2024-00941;FAC;100521;CL0135;V005;CP45;FOODSERVICE;2024-04-15;2024-05-30;CLP;5067422;962810;6030232;ACEPTADO;PLANTA_TALCAHUANO
DOC-2024-00965;FAC;100544;CL0108;V005;CP30;FOODSERVICE;2024-04-15;2024-05-15;CLP;18358684;3488150;21846834;ACEPTADO;CD_SANTIAGO
DOC-2024-01099;FEE;8055;CL0073;V005;CP30;FOODSERVICE;2024-04-15;2024-05-15;CLP;13582049;0;13582049;ACEPTADO;CD_SANTIAGO
DOC-2024-01759;FAC;101273;CL0287;V012;CP30;RETAIL;2024-04-15;2024-05-15;CLP;14103605;2679685;16783290;ACEPTADO;CD_SANTIAGO
DOC-2024-01897;FAC;101400;CL0308;V011;CP30;RETAIL;2024-04-15;2024-05-15;CLP;2138242;406266;2544508;ACEPTADO;PLANTA_TALCAHUANO
DOC-2024-01985;FAC;101478;CL0313;V009;CP45;RETAIL;2024-04-15;2024-05-30;CLP;10486672;1992468;12479140;ACEPTADO;PLANTA_TALCAHUANO
DOC-2024-00280;FEX;50280;CL0018;V003;CP60;EXPORTACION;2024-04-16;2024-06-15;USD;47204.79;0;47204.79;ACEPTADO;PLANTA_CORONEL
DOC-2024-01139;FAC;100697;CL0113;V005;CP45;FOODSERVICE;2024-04-16;2024-05-31;CLP;2221687;422121;2643808;ACEPTADO;PLANTA_TALCAHUANO
DOC-2024-01303;FAC;100850;CL0199;V008;CP45;FOODSERVICE;2024-04-16;2024-05-31;CLP;5700578;1083110;6783688;ACEPTADO;CD_SANTIAGO
DOC-2024-01424;FAC;100962;CL0116;V006;CP30;FOODSERVICE;2024-04-16;2024-05-16;CLP;1932985;367267;2300252;ACEPTADO;PLANTA_TALCAHUANO
DOC-2024-01868;FAC;101374;CL0246;V009;CP45;RETAIL;2024-04-16;2024-05-31;CLP;5402731;1026519;6429250;ACEPTADO;PLANTA_TALCAHUANO
DOC-2024-01406;FAC;100945;CL0081;V005;CP60;FOODSERVICE;2024-04-17;2024-06-16;CLP;5154139;979286;6133425;ACEPTADO;PLANTA_TALCAHUANO
DOC-2024-00067;FEX;50067;CL0032;V002;CP90;EXPORTACION;2024-04-18;2024-07-17;USD;128734.81;0;128734.81;ACEPTADO;PLANTA_CALDERA
DOC-2024-00685;FEE;8017;CL0123;V006;CP45;FOODSERVICE;2024-04-18;2024-06-02;CLP;15177787;0;15177787;ACEPTADO;CD_SANTIAGO
DOC-2024-01311;FAC;100857;CL0109;V007;CP30;FOODSERVICE;2024-04-18;2024-05-18;CLP;2805613;533066;3338679;ACEPTADO;CD_SANTIAGO
DOC-2024-01379;FAC;100918;CL0106;V008;CP45;FOODSERVICE;2024-04-18;2024-05-03;CLP;3537392;672104;4209496;ACEPTADO;PLANTA_TALCAHUANO
DOC-2024-01623;FAC;101149;CL0148;V006;CP30;FOODSERVICE;2024-04-18;2024-05-18;CLP;1685574;320259;2005833;ACEPTADO;CD_SANTIAGO
DOC-2024-01674;FAC;101198;CL0279;V010;CP30;RETAIL;2024-04-18;2024-05-18;CLP;18309796;3478861;21788657;ACEPTADO;CD_SANTIAGO
DOC-2024-01689;FEE;8097;CL0264;V010;CP60;RETAIL;2024-04-18;2024-06-17;CLP;6740482;0;6740482;ACEPTADO;PLANTA_CORONEL
DOC-2024-00052;FEX;50052;CL0032;V002;CP90;EXPORTACION;2024-04-19;2024-07-18;USD;70991.53;0;70991.53;ACEPTADO;PLANTA_CALDERA
DOC-2024-00162;FEX;50162;CL0012;V004;CP90;EXPORTACION;2024-04-19;2024-07-18;USD;107285.96;0;107285.96;ACEPTADO;PLANTA_CALDERA
DOC-2024-00495;FAC;100107;CL0074;V007;CP45;FOODSERVICE;2024-04-19;2024-06-03;CLP;26265798;4990502;31256300;ACEPTADO;CD_SANTIAGO
DOC-2024-00673;FAC;100274;CL0114;V008;CP60;FOODSERVICE;2024-04-19;2024-06-18;CLP;11487303;2182588;13669891;ACEPTADO;CD_SANTIAGO
DOC-2024-00736;FAC;100334;CL0105;V006;CP45;FOODSERVICE;2024-04-19;2024-06-03;CLP;3262732;619919;3882651;ACEPTADO;CD_SANTIAGO
DOC-2024-00771;FAC;100366;CL0163;V008;CP00;FOODSERVICE;2024-04-19;2024-04-19;CLP;1914428;363741;2278169;ACEPTADO;CD_SANTIAGO
DOC-2024-00857;FEE;8027;CL0159;V006;CP30;FOODSERVICE;2024-04-19;2024-05-19;CLP;4094075;0;4094075;ACEPTADO;PLANTA_TALCAHUANO
DOC-2024-00997;FAC;100573;CL0074;V007;CP45;FOODSERVICE;2024-04-19;2024-06-03;CLP;39081509;7425487;46506996;ACEPTADO;CD_SANTIAGO
DOC-2024-01163;FAC;100718;CL0089;V008;CP30;FOODSERVICE;2024-04-19;2024-05-19;CLP;5515089;1047867;6562956;ACEPTADO;PLANTA_CORONEL
DOC-2024-01299;FAC;100846;CL0090;V007;CP30;FOODSERVICE;2024-04-19;2024-05-19;CLP;56915330;10813913;67729243;ACEPTADO;PLANTA_TALCAHUANO
DOC-2024-01349;FEE;8074;CL0177;V005;CP45;FOODSERVICE;2024-04-19;2024-06-03;CLP;6092435;0;6092435;ACEPTADO;PLANTA_CORONEL
DOC-2024-01602;FAC;101129;CL0074;V007;CP45;FOODSERVICE;2024-04-19;2024-06-03;CLP;17673999;3358060;21032059;RECLAMADO;PLANTA_TALCAHUANO
DOC-2024-01648;FAC;101173;CL0219;V007;CP45;FOODSERVICE;2024-04-19;2024-06-03;CLP;3681601;699504;4381105;ANULADO;PLANTA_CORONEL
DOC-2024-01723;FAC;101239;CL0311;V012;CP30;RETAIL;2024-04-19;2024-05-19;CLP;12153565;2309177;14462742;ACEPTADO;PLANTA_CORONEL
DOC-2024-01734;FAC;101250;CL0240;V010;CP60;RETAIL;2024-04-19;2024-06-18;CLP;7368981;1400106;8769087;ACEPTADO;CD_SANTIAGO
DOC-2024-01762;FAC;101276;CL0246;V009;CP60;RETAIL;2024-04-19;2024-06-18;CLP;11505998;2186140;13692138;ACEPTADO;PLANTA_CORONEL
DOC-2024-01944;FEE;8119;CL0331;V011;CP30;RETAIL;2024-04-19;2024-05-19;CLP;58015723;0;58015723;ACEPTADO;PLANTA_TALCAHUANO
DOC-2024-01996;FEE;8127;CL0260;V012;CP45;RETAIL;2024-04-19;2024-06-03;CLP;11676721;0;11676721;ACEPTADO;CD_SANTIAGO
DOC-2024-00176;FEX;50176;CL0058;V004;CP60;EXPORTACION;2024-04-22;2024-06-21;USD;15138.29;0;15138.29;ACEPTADO;PLANTA_CALDERA
DOC-2024-01006;FAC;100582;CL0161;V005;CP45;FOODSERVICE;2024-04-22;2024-06-06;CLP;4892112;929501;5821613;ACEPTADO;CD_SANTIAGO
DOC-2024-01066;FAC;100637;CL0074;V007;CP60;FOODSERVICE;2024-04-22;2024-06-21;CLP;4512425;857361;5369786;ACEPTADO;PLANTA_CORONEL
DOC-2024-01498;FAC;101029;CL0161;V005;CP45;FOODSERVICE;2024-04-22;2024-06-06;CLP;8300375;1577071;9877446;ACEPTADO;PLANTA_TALCAHUANO
DOC-2024-02011;FAC;101501;CL0301;V009;CP30;RETAIL;2024-04-22;2024-05-22;CLP;8610922;1636075;10246997;ACEPTADO;CD_SANTIAGO
DOC-2024-00211;FEX;50211;CL0028;V001;CP60;EXPORTACION;2024-04-23;2024-06-22;USD;61891.56;0;61891.56;ACEPTADO;PLANTA_QUELLON
DOC-2024-00912;FAC;100494;CL0113;V005;CP45;FOODSERVICE;2024-04-23;2024-06-07;CLP;4681863;889554;5571417;ACEPTADO;PLANTA_CORONEL
DOC-2024-01454;FAC;100990;CL0140;V007;CP30;FOODSERVICE;2024-04-23;2024-05-23;CLP;6235874;1184816;7420690;ACEPTADO;PLANTA_TALCAHUANO
DOC-2024-01880;FAC;101385;CL0245;V011;CP60;RETAIL;2024-04-23;2024-06-22;CLP;41879826;7957167;49836993;ACEPTADO;PLANTA_CORONEL
DOC-2024-01916;FAC;101418;CL0241;V011;CP60;RETAIL;2024-04-23;2024-06-22;CLP;6346267;1205791;7552058;ACEPTADO;PLANTA_TALCAHUANO
DOC-2024-00539;FAC;100147;CL0113;V005;CP30;FOODSERVICE;2024-04-24;2024-06-23;CLP;2191445;416375;2607820;ACEPTADO;PLANTA_TALCAHUANO
DOC-2024-00714;FAC;100312;CL0161;V005;CP30;FOODSERVICE;2024-04-24;2024-05-24;CLP;11412327;2168342;13580669;ACEPTADO;PLANTA_CORONEL
DOC-2024-01172;FAC;100726;CL0203;V008;CP60;FOODSERVICE;2024-04-24;2024-06-23;CLP;13490512;2563197;16053709;ACEPTADO;CD_SANTIAGO
DOC-2024-01200;FAC;100754;CL0217;V007;CP30;FOODSERVICE;2024-04-24;2024-05-24;CLP;11940184;2268635;14208819;ACEPTADO;PLANTA_TALCAHUANO
DOC-2024-00869;FAC;100458;CL0183;V005;CP45;FOODSERVICE;2024-04-25;2024-06-09;CLP;7287227;1384573;8671800;ACEPTADO;CD_SANTIAGO
DOC-2024-00936;FAC;100516;CL0161;V005;CP30;FOODSERVICE;2024-04-25;2024-05-25;CLP;16622840;3158340;19781180;ACEPTADO;PLANTA_TALCAHUANO
DOC-2024-01184;FAC;100738;CL0118;V007;CP30;FOODSERVICE;2024-04-25;2024-05-25;CLP;6985803;1327303;8313106;ACEPTADO;PLANTA_CORONEL
DOC-2024-01245;FAC;100796;CL0199;V008;CP30;FOODSERVICE;2024-04-25;2024-05-10;CLP;6088446;1156805;7245251;ACEPTADO;PLANTA_TALCAHUANO
DOC-2024-01611;FAC;101137;CL0102;V008;CP30;FOODSERVICE;2024-04-25;2024-05-25;CLP;5632889;1070249;6703138;ACEPTADO;PLANTA_CORONEL
DOC-2024-01753;FAC;101268;CL0279;V010;CP60;RETAIL;2024-04-25;2024-06-24;CLP;37832082;7188096;45020178;ACEPTADO;CD_SANTIAGO
DOC-2024-00013;FEX;50013;CL0034;V004;CP60;EXPORTACION;2024-04-26;2024-06-25;USD;40310.42;0;40310.42;ACEPTADO;PLANTA_QUELLON
DOC-2024-00107;FEX;50107;CL0018;V003;CP90;EXPORTACION;2024-04-26;2024-07-25;USD;14185.05;0;14185.05;ACEPTADO;PLANTA_CORONEL
DOC-2024-00401;FAC;100017;CL0214;V008;CP45;FOODSERVICE;2024-04-26;2024-06-10;CLP;9514542;1807763;11322305;ACEPTADO;PLANTA_CORONEL
DOC-2024-00412;FAC;100028;CL0219;V007;CP30;FOODSERVICE;2024-04-26;2024-05-26;CLP;12227883;2323298;14551181;ANULADO;CD_SANTIAGO
DOC-2024-00414;FAC;100030;CL0123;V006;CP45;FOODSERVICE;2024-04-26;2024-06-10;CLP;6296875;1196406;7493281;ACEPTADO;CD_SANTIAGO
DOC-2024-00449;FAC;100064;CL0222;V005;CP45;FOODSERVICE;2024-04-26;2024-06-10;CLP;10040056;1907611;11947667;ACEPTADO;CD_SANTIAGO
DOC-2024-00505;FAC;100116;CL0108;V005;CP30;FOODSERVICE;2024-04-26;2024-05-26;CLP;1015570;192958;1208528;ACEPTADO;PLANTA_CORONEL
DOC-2024-00548;FAC;100156;CL0097;V007;CP60;FOODSERVICE;2024-04-26;2024-06-25;CLP;7355687;1397581;8753268;ACEPTADO;PLANTA_CORONEL
DOC-2024-00658;FAC;100259;CL0189;V008;CP30;FOODSERVICE;2024-04-26;2024-05-26;CLP;6312719;1199417;7512136;ACEPTADO;CD_SANTIAGO
DOC-2024-00668;FAC;100269;CL0123;V006;CP30;FOODSERVICE;2024-04-26;2024-05-26;CLP;11365747;2159492;13525239;ACEPTADO;PLANTA_CORONEL
DOC-2024-00717;FAC;100315;CL0207;V008;CP30;FOODSERVICE;2024-04-26;2024-05-26;CLP;3408828;647677;4056505;ACEPTADO;PLANTA_TALCAHUANO
DOC-2024-00767;FEE;8022;CL0099;V008;CP45;FOODSERVICE;2024-04-26;2024-06-10;CLP;12862239;0;12862239;ACEPTADO;PLANTA_TALCAHUANO
DOC-2024-00975;FEE;8040;CL0093;V006;CP45;FOODSERVICE;2024-04-26;2024-06-10;CLP;6687402;0;6687402;ACEPTADO;PLANTA_CORONEL
DOC-2024-01151;FAC;100708;CL0076;V005;CP30;FOODSERVICE;2024-04-26;2024-05-26;CLP;5979572;1136119;7115691;ACEPTADO;PLANTA_TALCAHUANO
DOC-2024-01238;FAC;100790;CL0118;V007;CP30;FOODSERVICE;2024-04-26;2024-05-26;CLP;15236531;2894941;18131472;RECLAMADO;CD_SANTIAGO
DOC-2024-01796;FAC;101305;CL0325;V011;CP60;RETAIL;2024-04-26;2024-06-25;CLP;18132655;3445204;21577859;ACEPTADO;CD_SANTIAGO
DOC-2024-01767;FAC;101280;CL0344;V010;CP45;RETAIL;2024-04-29;2024-06-13;CLP;2038471;387309;2425780;ACEPTADO;CD_SANTIAGO
DOC-2024-01781;FAC;101293;CL0299;V011;CP45;RETAIL;2024-04-29;2024-06-13;CLP;4247620;807048;5054668;ACEPTADO;PLANTA_CORONEL
DOC-2024-00157;FEX;50157;CL0032;V002;CP60;EXPORTACION;2024-04-30;2024-06-29;USD;365165.07;0;365165.07;ACEPTADO;PLANTA_QUELLON
DOC-2024-00231;FEX;50231;CL0012;V004;CP90;EXPORTACION;2024-04-30;2024-07-29;USD;115814.12;0;115814.12;ACEPTADO;PLANTA_CORONEL
DOC-2024-00333;FEX;50333;CL0058;V004;CP60;EXPORTACION;2024-04-30;2024-06-29;CLP;10685941;0;10685941;ACEPTADO;PLANTA_CORONEL
DOC-2024-00460;FAC;100074;CL0124;V006;CP30;FOODSERVICE;2024-04-30;2024-07-14;CLP;19923772;3785517;23709289;ACEPTADO;PLANTA_CORONEL
DOC-2024-00475;FAC;100089;CL0119;V007;CP30;FOODSERVICE;2024-04-30;2024-05-30;CLP;2320597;440913;2761510;ACEPTADO;CD_SANTIAGO
DOC-2024-00585;FAC;100192;CL0109;V007;CP00;FOODSERVICE;2024-04-30;2024-04-30;CLP;9619803;1827763;11447566;ACEPTADO;CD_SANTIAGO
DOC-2024-01313;FAC;100859;CL0193;V008;CP30;FOODSERVICE;2024-04-30;2024-05-30;CLP;17639835;3351569;20991404;ACEPTADO;PLANTA_TALCAHUANO
DOC-2024-01478;FAC;101012;CL0099;V008;CP30;FOODSERVICE;2024-04-30;2024-05-30;CLP;10349695;1966442;12316137;ACEPTADO;PLANTA_CORONEL
DOC-2024-01536;FAC;101065;CL0083;V007;CP30;FOODSERVICE;2024-04-30;2024-05-30;CLP;4409330;837773;5247103;ACEPTADO;PLANTA_TALCAHUANO
DOC-2024-01708;FEE;8099;CL0245;V011;CP45;RETAIL;2024-04-30;2024-06-14;CLP;38354538;0;38354538;ACEPTADO;PLANTA_TALCAHUANO
DOC-2024-01717;FAC;101234;CL0265;V009;CP45;RETAIL;2024-04-30;2024-06-14;CLP;11768614;2236037;14004651;ACEPTADO;PLANTA_TALCAHUANO
DOC-2024-01760;FAC;101274;CL0319;V012;CP60;RETAIL;2024-04-30;2024-06-29;CLP;3119391;592684;3712075;ACEPTADO;PLANTA_TALCAHUANO
DOC-2024-01798;FAC;101307;CL0301;V009;CP30;RETAIL;2024-04-30;2024-05-30;CLP;19216499;3651135;22867634;ACEPTADO;PLANTA_CORONEL
DOC-2024-01874;FAC;101379;CL0323;V011;CP45;RETAIL;2024-04-30;2024-06-14;CLP;4240500;805695;5046195;ACEPTADO;PLANTA_TALCAHUANO
DOC-2024-00100;FEX;50100;CL0032;V002;CP120;EXPORTACION;2024-05-02;2024-08-30;USD;114669.53;0;114669.53;ACEPTADO;PLANTA_QUELLON
DOC-2024-00110;FEX;50110;CL0014;V003;CP90;EXPORTACION;2024-05-02;2024-07-31;USD;10309.29;0;10309.29;ACEPTADO;PLANTA_TALCAHUANO
DOC-2024-00336;FEX;50336;CL0032;V002;CP90;EXPORTACION;2024-05-02;2024-07-31;USD;227293.97;0;227293.97;ACEPTADO;PLANTA_CALDERA
DOC-2024-00632;FAC;100236;CL0193;V008;CP30;FOODSERVICE;2024-05-02;2024-06-01;CLP;9486529;1802441;11288970;ACEPTADO;PLANTA_CORONEL
DOC-2024-00656;FAC;100257;CL0163;V008;CP30;FOODSERVICE;2024-05-02;2024-06-26;CLP;1607661;305456;1913117;ACEPTADO;PLANTA_CORONEL
DOC-2024-01906;FAC;101408;CL0330;V010;CP30;RETAIL;2024-05-02;2024-06-01;CLP;3988104;757740;4745844;ACEPTADO;CD_SANTIAGO
DOC-2024-02013;FAC;101503;CL0266;V012;CP45;RETAIL;2024-05-02;2024-06-16;CLP;8635811;1640804;10276615;ACEPTADO;PLANTA_CORONEL
DOC-2024-00322;FEX;50322;CL0049;V003;CP60;EXPORTACION;2024-05-03;2024-07-02;USD;44062.38;0;44062.38;ACEPTADO;PLANTA_CALDERA
DOC-2024-00491;FAC;100104;CL0136;V008;CP30;FOODSERVICE;2024-05-03;2024-06-02;CLP;8297645;1576553;9874198;ACEPTADO;PLANTA_CORONEL
DOC-2024-00917;FAC;100499;CL0162;V007;CP45;FOODSERVICE;2024-05-03;2024-06-17;CLP;3239259;615459;3854718;ACEPTADO;PLANTA_CORONEL
DOC-2024-00932;FEE;8036;CL0109;V007;CP30;FOODSERVICE;2024-05-03;2024-06-02;CLP;7498317;0;7498317;ACEPTADO;PLANTA_TALCAHUANO
DOC-2024-00938;FAC;100518;CL0217;V007;CP45;FOODSERVICE;2024-05-03;2024-05-18;CLP;5675722;1078387;6754109;ACEPTADO;PLANTA_TALCAHUANO
DOC-2024-01100;FAC;100662;CL0118;V007;CP30;FOODSERVICE;2024-05-03;2024-06-02;CLP;22132148;4205108;26337256;ACEPTADO;PLANTA_TALCAHUANO
DOC-2024-01256;FEE;8068;CL0214;V008;CP00;FOODSERVICE;2024-05-03;2024-05-03;CLP;15402968;0;15402968;ACEPTADO;CD_SANTIAGO
DOC-2024-01362;FAC;100904;CL0123;V006;CP30;FOODSERVICE;2024-05-03;2024-06-02;CLP;4710795;895051;5605846;ACEPTADO;PLANTA_CORONEL
DOC-2024-01493;FEE;8086;CL0210;V005;CP30;FOODSERVICE;2024-05-03;2024-06-02;CLP;3489589;0;3489589;ACEPTADO;PLANTA_TALCAHUANO
DOC-2024-01522;FAC;101051;CL0196;V006;CP30;FOODSERVICE;2024-05-03;2024-06-02;CLP;6711379;1275162;7986541;ACEPTADO;PLANTA_TALCAHUANO
DOC-2024-01624;FEE;8092;CL0182;V008;CP30;FOODSERVICE;2024-05-03;2024-08-01;CLP;17831930;0;17831930;ACEPTADO;PLANTA_TALCAHUANO
DOC-2024-01645;FAC;101170;CL0178;V008;CP30;FOODSERVICE;2024-05-03;2024-06-02;CLP;8892384;1689553;10581937;ACEPTADO;PLANTA_CORONEL
DOC-2024-01715;FAC;101232;CL0245;V011;CP90;RETAIL;2024-05-03;2024-08-01;CLP;9647138;1832956;11480094;ACEPTADO;CD_SANTIAGO
DOC-2024-01865;FAC;101371;CL0292;V011;CP30;RETAIL;2024-05-03;2024-06-02;CLP;7798399;1481696;9280095;ACEPTADO;PLANTA_TALCAHUANO
DOC-2024-01915;FAC;101417;CL0311;V012;CP30;RETAIL;2024-05-03;2024-06-02;CLP;7800315;1482060;9282375;ACEPTADO;PLANTA_CORONEL
DOC-2024-00545;FAC;100153;CL0074;V007;CP30;FOODSERVICE;2024-05-06;2024-06-05;CLP;8685564;1650257;10335821;ACEPTADO;CD_SANTIAGO
DOC-2024-00634;FAC;100238;CL0184;V005;CP60;FOODSERVICE;2024-05-06;2024-07-05;CLP;7821472;1486080;9307552;ACEPTADO;PLANTA_TALCAHUANO
DOC-2024-01137;FAC;100695;CL0193;V008;CP60;FOODSERVICE;2024-05-06;2024-07-05;CLP;17369637;3300231;20669868;ACEPTADO;PLANTA_CORONEL
DOC-2024-01308;FAC;100854;CL0197;V008;CP45;FOODSERVICE;2024-05-06;2024-06-20;CLP;4284759;814104;5098863;ACEPTADO;PLANTA_CORONEL
DOC-2024-01911;FAC;101413;CL0321;V010;CP30;RETAIL;2024-05-06;2024-06-05;CLP;7980207;1516239;9496446;ACEPTADO;PLANTA_TALCAHUANO
DOC-2024-00343;FEX;50343;CL0022;V001;CP60;EXPORTACION;2024-05-07;2024-07-06;CLP;69514236;0;69514236;ACEPTADO;PLANTA_CALDERA
DOC-2024-00530;FAC;100139;CL0149;V008;CP30;FOODSERVICE;2024-05-07;2024-06-06;CLP;1235335;234714;1470049;RECLAMADO;CD_SANTIAGO
DOC-2024-00824;FAC;100418;CL0152;V006;CP60;FOODSERVICE;2024-05-07;2024-07-06;CLP;9823024;1866375;11689399;ACEPTADO;PLANTA_TALCAHUANO
DOC-2024-00903;FAC;100487;CL0193;V008;CP45;FOODSERVICE;2024-05-07;2024-06-21;CLP;6424934;1220737;7645671;ACEPTADO;CD_SANTIAGO
DOC-2024-01659;FAC;101184;CL0167;V008;CP30;FOODSERVICE;2024-05-07;2024-06-06;CLP;5076058;964451;6040509;ACEPTADO;PLANTA_CORONEL
DOC-2024-00878;FAC;100465;CL0192;V006;CP30;FOODSERVICE;2024-05-08;2024-06-07;CLP;2346962;445923;2792885;ACEPTADO;PLANTA_TALCAHUANO
DOC-2024-00911;FAC;100493;CL0137;V007;CP45;FOODSERVICE;2024-05-08;2024-06-02;CLP;5275006;1002251;6277257;ACEPTADO;PLANTA_TALCAHUANO
DOC-2024-00996;FAC;100572;CL0096;V006;CP30;FOODSERVICE;2024-05-08;2024-06-07;CLP;2601051;494200;3095251;ACEPTADO;CD_SANTIAGO
DOC-2024-01446;FAC;100982;CL0184;V005;CP45;FOODSERVICE;2024-05-08;2024-06-22;CLP;7719195;1466647;9185842;ACEPTADO;PLANTA_CORONEL
DOC-2024-01511;FAC;101041;CL0192;V006;CP60;FOODSERVICE;2024-05-08;2024-07-07;CLP;1813512;344567;2158079;ACEPTADO;PLANTA_CORONEL
DOC-2024-00063;FEX;50063;CL0012;V004;CP60;EXPORTACION;2024-05-09;2024-07-08;USD;142860.19;0;142860.19;ACEPTADO;PLANTA_TALCAHUANO
DOC-2024-00199;FEX;50199;CL0028;V001;CP120;EXPORTACION;2024-05-09;2024-09-06;USD;14560.47;0;14560.47;ACEPTADO;PLANTA_TALCAHUANO
DOC-2024-00271;FEX;50271;CL0034;V004;CP90;EXPORTACION;2024-05-09;2024-08-07;USD;159226.59;0;159226.59;ACEPTADO;PLANTA_TALCAHUANO
DOC-2024-00493;FEE;8005;CL0181;V008;CP30;FOODSERVICE;2024-05-09;2024-06-08;CLP;4830554;0;4830554;ACEPTADO;PLANTA_TALCAHUANO
DOC-2024-01287;FAC;100835;CL0086;V008;CP30;FOODSERVICE;2024-05-09;2024-06-08;CLP;1795707;341184;2136891;ACEPTADO;PLANTA_TALCAHUANO
DOC-2024-00054;FEX;50054;CL0037;V002;CP90;EXPORTACION;2024-05-10;2024-07-09;USD;9917.13;0;9917.13;ACEPTADO;PLANTA_QUELLON
DOC-2024-00138;FEX;50138;CL0018;V003;CP90;EXPORTACION;2024-05-10;2024-08-08;USD;86897.87;0;86897.87;ACEPTADO;PLANTA_TALCAHUANO
DOC-2024-00168;FEX;50168;CL0032;V002;CP120;EXPORTACION;2024-05-10;2024-09-22;USD;40046.24;0;40046.24;ACEPTADO;PLANTA_QUELLON
DOC-2024-00282;FEX;50282;CL0034;V004;CP60;EXPORTACION;2024-05-10;2024-07-09;USD;75168.62;0;75168.62;ACEPTADO;PLANTA_CALDERA
DOC-2024-00284;FEX;50284;CL0051;V001;CP90;EXPORTACION;2024-05-10;2024-08-08;USD;102662.18;0;102662.18;ACEPTADO;PLANTA_TALCAHUANO
DOC-2024-00323;FEX;50323;CL0012;V004;CP90;EXPORTACION;2024-05-10;2024-08-08;USD;50963.36;0;50963.36;ACEPTADO;PLANTA_CALDERA
DOC-2024-00444;FAC;100059;CL0077;V007;CP45;FOODSERVICE;2024-05-10;2024-06-24;CLP;3902013;741382;4643395;ACEPTADO;CD_SANTIAGO
DOC-2024-00452;FEE;8003;CL0149;V008;CP60;FOODSERVICE;2024-05-10;2024-07-09;CLP;2858344;0;2858344;RECLAMADO;PLANTA_TALCAHUANO
DOC-2024-00470;FAC;100084;CL0141;V006;CP30;FOODSERVICE;2024-05-10;2024-06-09;CLP;1763968;335154;2099122;ACEPTADO;PLANTA_CORONEL
DOC-2024-00596;FEE;8012;CL0128;V005;CP00;FOODSERVICE;2024-05-10;2024-05-10;CLP;3762194;0;3762194;ACEPTADO;PLANTA_CORONEL
DOC-2024-00702;FEE;8019;CL0144;V006;CP30;FOODSERVICE;2024-05-10;2024-06-09;CLP;12294277;0;12294277;ACEPTADO;CD_SANTIAGO
DOC-2024-00728;FAC;100326;CL0154;V005;CP60;FOODSERVICE;2024-05-10;2024-07-09;CLP;8591565;1632397;10223962;ACEPTADO;PLANTA_TALCAHUANO
DOC-2024-01094;FAC;100658;CL0116;V006;CP45;FOODSERVICE;2024-05-10;2024-06-24;CLP;6581415;1250469;7831884;ACEPTADO;PLANTA_CORONEL
DOC-2024-01158;FAC;100713;CL0170;V005;CP30;FOODSERVICE;2024-05-10;2024-06-09;CLP;4629159;879540;5508699;ACEPTADO;CD_SANTIAGO
DOC-2024-01165;FAC;100719;CL0193;V008;CP30;FOODSERVICE;2024-05-10;2024-06-09;CLP;6284138;1193986;7478124;ACEPTADO;PLANTA_CORONEL
DOC-2024-01218;FAC;100772;CL0161;V005;CP00;FOODSERVICE;2024-05-10;2024-05-10;CLP;10185728;1935288;12121016;ACEPTADO;CD_SANTIAGO
DOC-2024-01581;FAC;101108;CL0160;V006;CP30;FOODSERVICE;2024-05-10;2024-06-09;CLP;2024962;384743;2409705;ACEPTADO;PLANTA_TALCAHUANO
DOC-2024-01820;FAC;101329;CL0242;V009;CP90;RETAIL;2024-05-10;2024-08-08;CLP;10656153;2024669;12680822;ACEPTADO;PLANTA_TALCAHUANO
DOC-2024-01837;FAC;101344;CL0269;V010;CP45;RETAIL;2024-05-10;2024-06-24;CLP;7551348;1434756;8986104;ACEPTADO;PLANTA_TALCAHUANO
DOC-2024-01925;FAC;101426;CL0279;V010;CP45;RETAIL;2024-05-10;2024-06-24;CLP;35111039;6671097;41782136;ACEPTADO;PLANTA_CORONEL
DOC-2024-01959;FAC;101455;CL0255;V009;CP60;RETAIL;2024-05-10;2024-07-24;CLP;7429396;1411585;8840981;ANULADO;CD_SANTIAGO
DOC-2024-01995;FEE;8126;CL0279;V010;CP60;RETAIL;2024-05-10;2024-07-09;CLP;70039190;0;70039190;ACEPTADO;CD_SANTIAGO
DOC-2024-00001;FEX;50001;CL0056;V002;CP90;EXPORTACION;2024-05-13;2024-08-11;USD;16056.78;0;16056.78;ACEPTADO;PLANTA_QUELLON
DOC-2024-00786;FAC;100380;CL0085;V008;CP60;FOODSERVICE;2024-05-13;2024-07-12;CLP;6567748;1247872;7815620;ACEPTADO;PLANTA_CORONEL
DOC-2024-01062;FAC;100633;CL0118;V007;CP00;FOODSERVICE;2024-05-13;2024-05-13;CLP;25233655;4794394;30028049;ACEPTADO;PLANTA_TALCAHUANO
DOC-2024-00189;FEX;50189;CL0032;V002;CP90;EXPORTACION;2024-05-14;2024-08-12;USD;303262.1;0;303262.1;ACEPTADO;PLANTA_CORONEL
DOC-2024-00294;FEX;50294;CL0012;V004;CP120;EXPORTACION;2024-05-14;2024-09-11;USD;260571.88;0;260571.88;ACEPTADO;PLANTA_TALCAHUANO
DOC-2024-00373;FEX;50373;CL0047;V003;CP60;EXPORTACION;2024-05-14;2024-07-13;USD;62356.0;0;62356.0;ACEPTADO;PLANTA_CALDERA
DOC-2024-00510;FAC;100121;CL0073;V005;CP45;FOODSERVICE;2024-05-14;2024-06-28;CLP;2044637;388481;2433118;ACEPTADO;CD_SANTIAGO
DOC-2024-01221;FAC;100775;CL0204;V006;CP30;FOODSERVICE;2024-05-14;2024-06-13;CLP;6047735;1149070;7196805;ACEPTADO;PLANTA_CORONEL
DOC-2024-01642;FAC;101167;CL0156;V008;CP45;FOODSERVICE;2024-05-14;2024-06-28;CLP;3663588;696082;4359670;ACEPTADO;PLANTA_TALCAHUANO
DOC-2024-01872;FAC;101377;CL0325;V011;CP30;RETAIL;2024-05-14;2024-06-13;CLP;11028038;2095327;13123365;ACEPTADO;PLANTA_CORONEL
DOC-2024-00007;FEX;50007;CL0012;V004;CP90;EXPORTACION;2024-05-15;2024-08-13;USD;75107.1;0;75107.1;ACEPTADO;PLANTA_TALCAHUANO
DOC-2024-00503;FAC;100114;CL0170;V005;CP30;FOODSERVICE;2024-05-15;2024-06-14;CLP;2779770;528156;3307926;ANULADO;PLANTA_CORONEL
DOC-2024-00777;FAC;100371;CL0217;V007;CP45;FOODSERVICE;2024-05-15;2024-06-29;CLP;4420375;839871;5260246;ACEPTADO;PLANTA_CORONEL
DOC-2024-00954;FAC;100533;CL0142;V007;CP60;FOODSERVICE;2024-05-15;2024-07-14;CLP;4230403;803777;5034180;ACEPTADO;CD_SANTIAGO
DOC-2024-01600;FAC;101127;CL0111;V008;CP30;FOODSERVICE;2024-05-15;2024-06-14;CLP;7484909;1422133;8907042;ACEPTADO;CD_SANTIAGO
DOC-2024-01805;FAC;101314;CL0246;V009;CP90;RETAIL;2024-05-15;2024-08-13;CLP;3813355;724537;4537892;ACEPTADO;PLANTA_CORONEL
DOC-2024-01894;FAC;101398;CL0331;V011;CP30;RETAIL;2024-05-15;2024-06-14;CLP;5927746;1126272;7054018;ACEPTADO;CD_SANTIAGO
DOC-2024-01950;FAC;101447;CL0242;V009;CP60;RETAIL;2024-05-15;2024-07-14;CLP;14745369;2801620;17546989;ACEPTADO;PLANTA_CORONEL
DOC-2024-01967;FAC;101462;CL0321;V010;CP45;RETAIL;2024-05-15;2024-06-29;CLP;12043631;2288290;14331921;ACEPTADO;CD_SANTIAGO
DOC-2024-00351;FEX;50351;CL0034;V004;CP90;EXPORTACION;2024-05-16;2024-08-14;USD;38664.96;0;38664.96;ACEPTADO;PLANTA_QUELLON
DOC-2024-00515;FEE;8007;CL0074;V007;CP45;FOODSERVICE;2024-05-16;2024-06-30;CLP;93124010;0;93124010;ACEPTADO;PLANTA_CORONEL
DOC-2024-01041;FAC;100612;CL0166;V008;CP45;FOODSERVICE;2024-05-16;2024-06-30;CLP;3676361;698509;4374870;ACEPTADO;CD_SANTIAGO
DOC-2024-01228;FAC;100780;CL0158;V007;CP30;FOODSERVICE;2024-05-16;2024-06-15;CLP;10279982;1953197;12233179;ACEPTADO;PLANTA_TALCAHUANO
DOC-2024-01535;FAC;101064;CL0100;V008;CP30;FOODSERVICE;2024-05-16;2024-06-15;CLP;5678659;1078945;6757604;ACEPTADO;PLANTA_TALCAHUANO
DOC-2024-01669;FAC;101194;CL0279;V010;CP30;RETAIL;2024-05-16;2024-06-15;CLP;40340154;7664629;48004783;ACEPTADO;PLANTA_CORONEL
DOC-2024-00091;FEX;50091;CL0012;V004;CP120;EXPORTACION;2024-05-17;2024-09-14;USD;103414.18;0;103414.18;ACEPTADO;PLANTA_CORONEL
DOC-2024-00096;FEX;50096;CL0032;V002;CP60;EXPORTACION;2024-05-17;2024-07-16;USD;123922.97;0;123922.97;ACEPTADO;PLANTA_QUELLON
DOC-2024-00204;FEX;50204;CL0049;V003;CP60;EXPORTACION;2024-05-17;2024-07-16;USD;74634.86;0;74634.86;ACEPTADO;PLANTA_CORONEL
DOC-2024-00372;FEX;50372;CL0032;V002;CP90;EXPORTACION;2024-05-17;2024-09-29;USD;96838.92;0;96838.92;ACEPTADO;PLANTA_TALCAHUANO
DOC-2024-00430;FAC;100046;CL0222;V005;CP30;FOODSERVICE;2024-05-17;2024-06-16;CLP;8261965;1569773;9831738;ACEPTADO;PLANTA_TALCAHUANO
DOC-2024-00649;FAC;100250;CL0115;V008;CP30;FOODSERVICE;2024-05-17;2024-06-16;CLP;23613505;4486566;28100071;ACEPTADO;PLANTA_CORONEL
DOC-2024-00758;FAC;100355;CL0167;V008;CP30;FOODSERVICE;2024-05-17;2024-06-16;CLP;12453184;2366105;14819289;ACEPTADO;PLANTA_CORONEL
DOC-2024-00871;FAC;100460;CL0166;V008;CP30;FOODSERVICE;2024-05-17;2024-06-16;CLP;7640003;1451601;9091604;ACEPTADO;PLANTA_CORONEL
DOC-2024-01199;FAC;100753;CL0218;V008;CP30;FOODSERVICE;2024-05-17;2024-06-16;CLP;1818847;345581;2164428;ACEPTADO;PLANTA_CORONEL
DOC-2024-01252;FEE;8067;CL0147;V005;CP60;FOODSERVICE;2024-05-17;2024-07-16;CLP;1551431;0;1551431;ACEPTADO;CD_SANTIAGO
DOC-2024-01821;FAC;101330;CL0311;V012;CP60;RETAIL;2024-05-17;2024-07-16;CLP;26918229;5114464;32032693;ACEPTADO;PLANTA_TALCAHUANO
DOC-2024-01900;FAC;101403;CL0330;V010;CP60;RETAIL;2024-05-17;2024-07-16;CLP;16271299;3091547;19362846;ACEPTADO;CD_SANTIAGO
DOC-2024-01978;FEE;8124;CL0254;V010;CP90;RETAIL;2024-05-17;2024-08-15;CLP;4410905;0;4410905;ACEPTADO;PLANTA_CORONEL
DOC-2024-00262;FEX;50262;CL0012;V004;CP120;EXPORTACION;2024-05-20;2024-09-17;USD;20467.13;0;20467.13;ACEPTADO;PLANTA_CORONEL
DOC-2024-00421;FAC;100037;CL0073;V005;CP30;FOODSERVICE;2024-05-20;2024-06-19;CLP;13446219;2554782;16001001;ACEPTADO;PLANTA_TALCAHUANO
DOC-2024-00582;FAC;100189;CL0161;V005;CP60;FOODSERVICE;2024-05-20;2024-07-19;CLP;10491247;1993337;12484584;ACEPTADO;PLANTA_TALCAHUANO
DOC-2024-00602;FAC;100207;CL0126;V005;CP45;FOODSERVICE;2024-05-20;2024-07-29;CLP;1168193;221957;1390150;ACEPTADO;PLANTA_TALCAHUANO
DOC-2024-00653;FAC;100254;CL0095;V007;CP30;FOODSERVICE;2024-05-20;2024-06-19;CLP;3010691;572031;3582722;ACEPTADO;PLANTA_TALCAHUANO
DOC-2024-00794;FAC;100388;CL0130;V008;CP30;FOODSERVICE;2024-05-20;2024-06-19;CLP;8807861;1673494;10481355;ACEPTADO;CD_SANTIAGO
DOC-2024-01695;FAC;101215;CL0340;V011;CP30;RETAIL;2024-05-20;2024-06-19;CLP;9037608;1717146;10754754;ACEPTADO;PLANTA_TALCAHUANO
DOC-2024-00482;FAC;100096;CL0077;V007;CP00;FOODSERVICE;2024-05-22;2024-05-22;CLP;7596994;1443429;9040423;ACEPTADO;PLANTA_TALCAHUANO
DOC-2024-01185;FAC;100739;CL0176;V008;CP45;FOODSERVICE;2024-05-22;2024-07-06;CLP;5061575;961699;6023274;ACEPTADO;PLANTA_TALCAHUANO
DOC-2024-01616;FAC;101142;CL0118;V007;CP60;FOODSERVICE;2024-05-22;2024-08-15;CLP;31901445;6061275;37962720;ACEPTADO;PLANTA_CORONEL
DOC-2024-01696;FAC;101216;CL0304;V009;CP45;RETAIL;2024-05-22;2024-07-06;CLP;18152147;3448908;21601055;ACEPTADO;PLANTA_TALCAHUANO
DOC-2024-01982;FAC;101475;CL0320;V009;CP45;RETAIL;2024-05-22;2024-07-06;CLP;13521857;2569153;16091010;ACEPTADO;PLANTA_TALCAHUANO
DOC-2024-00005;FEX;50005;CL0032;V002;CP90;EXPORTACION;2024-05-23;2024-08-21;USD;56988.72;0;56988.72;ACEPTADO;PLANTA_CALDERA
DOC-2024-00394;FAC;100010;CL0161;V005;CP30;FOODSERVICE;2024-05-23;2024-06-22;CLP;12007732;2281469;14289201;ACEPTADO;CD_SANTIAGO
DOC-2024-00572;FAC;100179;CL0074;V007;CP45;FOODSERVICE;2024-05-23;2024-07-07;CLP;23534247;4471507;28005754;ACEPTADO;PLANTA_TALCAHUANO
DOC-2024-01725;FAC;101241;CL0321;V010;CP45;RETAIL;2024-05-23;2024-07-07;CLP;34128874;6484486;40613360;ACEPTADO;PLANTA_CORONEL
DOC-2024-00006;FEX;50006;CL0069;V001;CP60;EXPORTACION;2024-05-24;2024-07-23;USD;32976.0;0;32976.0;ACEPTADO;PLANTA_CORONEL
DOC-2024-00240;FEX;50240;CL0018;V003;CP120;EXPORTACION;2024-05-24;2024-09-21;USD;108973.95;0;108973.95;ACEPTADO;PLANTA_QUELLON
DOC-2024-00265;FEX;50265;CL0014;V003;CP120;EXPORTACION;2024-05-24;2024-09-21;USD;23594.81;0;23594.81;ACEPTADO;PLANTA_QUELLON
DOC-2024-00563;FAC;100170;CL0098;V005;CP60;FOODSERVICE;2024-05-24;2024-07-23;CLP;5092267;967531;6059798;ACEPTADO;PLANTA_CORONEL
DOC-2024-00589;FAC;100195;CL0191;V006;CP60;FOODSERVICE;2024-05-24;2024-07-23;CLP;7747105;1471950;9219055;ACEPTADO;CD_SANTIAGO
DOC-2024-00633;FAC;100237;CL0128;V005;CP30;FOODSERVICE;2024-05-24;2024-06-23;CLP;2647659;503055;3150714;ACEPTADO;CD_SANTIAGO
DOC-2024-00862;FAC;100452;CL0085;V008;CP45;FOODSERVICE;2024-05-24;2024-08-02;CLP;8095743;1538191;9633934;ACEPTADO;CD_SANTIAGO
DOC-2024-00877;FAC;100464;CL0116;V006;CP30;FOODSERVICE;2024-05-24;2024-06-23;CLP;6517924;1238406;7756330;ACEPTADO;PLANTA_CORONEL
DOC-2024-00983;FAC;100560;CL0173;V006;CP60;FOODSERVICE;2024-05-24;2024-07-23;CLP;4969784;944259;5914043;ACEPTADO;CD_SANTIAGO
DOC-2024-01001;FAC;100577;CL0176;V008;CP60;FOODSERVICE;2024-05-24;2024-07-23;CLP;22435783;4262799;26698582;ACEPTADO;PLANTA_CORONEL
DOC-2024-01057;FAC;100628;CL0074;V007;CP45;FOODSERVICE;2024-05-24;2024-07-08;CLP;29911671;5683217;35594888;RECLAMADO;PLANTA_CORONEL
DOC-2024-01070;FAC;100640;CL0074;V007;CP30;FOODSERVICE;2024-05-24;2024-06-23;CLP;9545264;1813600;11358864;ACEPTADO;PLANTA_CORONEL
DOC-2024-01080;FAC;100647;CL0116;V006;CP45;FOODSERVICE;2024-05-24;2024-06-08;CLP;6940219;1318642;8258861;ACEPTADO;PLANTA_CORONEL
DOC-2024-01301;FAC;100848;CL0113;V005;CP30;FOODSERVICE;2024-05-24;2024-06-23;CLP;2909676;552838;3462514;ACEPTADO;CD_SANTIAGO
DOC-2024-01433;FAC;100971;CL0207;V008;CP45;FOODSERVICE;2024-05-24;2024-07-08;CLP;8508362;1616589;10124951;ACEPTADO;PLANTA_TALCAHUANO
DOC-2024-01456;FAC;100992;CL0074;V007;CP30;FOODSERVICE;2024-05-24;2024-06-23;CLP;17657606;3354945;21012551;ACEPTADO;PLANTA_CORONEL
DOC-2024-01516;FAC;101046;CL0199;V008;CP00;FOODSERVICE;2024-05-24;2024-05-24;CLP;4621019;877994;5499013;ACEPTADO;PLANTA_TALCAHUANO
DOC-2024-01618;FAC;101144;CL0210;V005;CP30;FOODSERVICE;2024-05-24;2024-06-23;CLP;7767355;1475797;9243152;ACEPTADO;PLANTA_CORONEL
DOC-2024-01667;FAC;101192;CL0321;V010;CP60;RETAIL;2024-05-24;2024-07-23;CLP;12291505;2335386;14626891;ACEPTADO;PLANTA_TALCAHUANO
DOC-2024-01980;FAC;101473;CL0292;V011;CP30;RETAIL;2024-05-24;2024-06-23;CLP;16405004;3116951;19521955;ACEPTADO;PLANTA_CORONEL
DOC-2024-01998;FAC;101488;CL0342;V011;CP30;RETAIL;2024-05-24;2024-06-23;CLP;4659647;885333;5544980;ACEPTADO;PLANTA_CORONEL
DOC-2024-01922;FAC;101423;CL0335;V011;CP30;RETAIL;2024-05-27;2024-06-26;CLP;7012269;1332331;8344600;ACEPTADO;PLANTA_CORONEL
DOC-2024-00030;FEX;50030;CL0012;V004;CP120;EXPORTACION;2024-05-28;2024-09-25;USD;38884.63;0;38884.63;ACEPTADO;PLANTA_CORONEL
DOC-2024-00194;FEX;50194;CL0014;V003;CP60;EXPORTACION;2024-05-28;2024-07-27;CLP;42752817;0;42752817;ACEPTADO;PLANTA_CALDERA
DOC-2024-00260;FEX;50260;CL0014;V003;CP60;EXPORTACION;2024-05-28;2024-07-27;USD;57154.58;0;57154.58;ACEPTADO;PLANTA_CALDERA
DOC-2024-00540;FAC;100148;CL0074;V007;CP60;FOODSERVICE;2024-05-28;2024-07-27;CLP;6015474;1142940;7158414;ACEPTADO;PLANTA_CORONEL
DOC-2024-00757;FAC;100354;CL0118;V007;CP30;FOODSERVICE;2024-05-28;2024-06-27;CLP;9390784;1784249;11175033;ACEPTADO;PLANTA_CORONEL
DOC-2024-01166;FAC;100720;CL0073;V005;CP00;FOODSERVICE;2024-05-28;2024-05-28;CLP;7602817;1444535;9047352;ACEPTADO;PLANTA_TALCAHUANO
DOC-2024-01202;FAC;100756;CL0196;V006;CP30;FOODSERVICE;2024-05-28;2024-07-27;CLP;1307110;248351;1555461;ACEPTADO;PLANTA_TALCAHUANO
DOC-2024-01690;FAC;101210;CL0266;V012;CP45;RETAIL;2024-05-28;2024-07-12;CLP;19925817;3785905;23711722;ACEPTADO;PLANTA_CORONEL
DOC-2024-01845;FAC;101351;CL0304;V009;CP45;RETAIL;2024-05-28;2024-07-12;CLP;10576213;2009480;12585693;ACEPTADO;CD_SANTIAGO
DOC-2024-00979;FAC;100556;CL0141;V006;CP45;FOODSERVICE;2024-05-29;2024-07-13;CLP;12765002;2425350;15190352;ACEPTADO;PLANTA_TALCAHUANO
DOC-2024-01358;FAC;100900;CL0186;V007;CP30;FOODSERVICE;2024-05-29;2024-06-28;CLP;1984633;377080;2361713;ACEPTADO;PLANTA_TALCAHUANO
DOC-2024-00609;FAC;100214;CL0118;V007;CP30;FOODSERVICE;2024-05-30;2024-06-29;CLP;9952784;1891029;11843813;ACEPTADO;PLANTA_CORONEL
DOC-2024-00773;FAC;100368;CL0104;V006;CP45;FOODSERVICE;2024-05-30;2024-07-14;CLP;2706424;514221;3220645;ACEPTADO;PLANTA_TALCAHUANO
DOC-2024-00800;FAC;100394;CL0180;V006;CP45;FOODSERVICE;2024-05-30;2024-07-14;CLP;5913550;1123574;7037124;ACEPTADO;PLANTA_CORONEL
DOC-2024-01064;FAC;100635;CL0116;V006;CP30;FOODSERVICE;2024-05-30;2024-06-29;CLP;7225956;1372932;8598888;ACEPTADO;PLANTA_TALCAHUANO
DOC-2024-01319;FAC;100865;CL0201;V005;CP45;FOODSERVICE;2024-05-30;2024-07-14;CLP;4480434;851282;5331716;ACEPTADO;PLANTA_CORONEL
DOC-2024-01323;FEE;8072;CL0193;V008;CP30;FOODSERVICE;2024-05-30;2024-06-29;CLP;4765898;0;4765898;ACEPTADO;CD_SANTIAGO
DOC-2024-01441;FAC;100977;CL0168;V005;CP30;FOODSERVICE;2024-05-30;2024-06-29;CLP;4902149;931408;5833557;ACEPTADO;CD_SANTIAGO
DOC-2024-02004;FAC;101494;CL0245;V011;CP45;RETAIL;2024-05-30;2024-07-14;CLP;13824450;2626646;16451096;ACEPTADO;CD_SANTIAGO
DOC-2024-00009;FEX;50009;CL0032;V002;CP60;EXPORTACION;2024-05-31;2024-07-30;USD;157526.8;0;157526.8;ACEPTADO;PLANTA_CORONEL
DOC-2024-00263;FEX;50263;CL0064;V002;CP60;EXPORTACION;2024-05-31;2024-07-30;USD;30294.2;0;30294.2;ACEPTADO;PLANTA_TALCAHUANO
DOC-2024-00551;FAC;100159;CL0180;V006;CP45;FOODSERVICE;2024-05-31;2024-07-15;CLP;7738107;1470240;9208347;ACEPTADO;PLANTA_TALCAHUANO
DOC-2024-00555;FAC;100162;CL0099;V008;CP30;FOODSERVICE;2024-05-31;2024-06-30;CLP;1572126;298704;1870830;ACEPTADO;PLANTA_TALCAHUANO
DOC-2024-00568;FAC;100175;CL0184;V005;CP60;FOODSERVICE;2024-05-31;2024-07-30;CLP;6557126;1245854;7802980;ACEPTADO;PLANTA_TALCAHUANO
DOC-2024-00710;FAC;100308;CL0073;V005;CP45;FOODSERVICE;2024-05-31;2024-07-15;CLP;10292165;1955511;12247676;ACEPTADO;CD_SANTIAGO
DOC-2024-00933;FAC;100514;CL0156;V008;CP30;FOODSERVICE;2024-05-31;2024-06-30;CLP;8053587;1530182;9583769;ACEPTADO;CD_SANTIAGO
DOC-2024-01042;FAC;100613;CL0193;V008;CP30;FOODSERVICE;2024-05-31;2024-06-30;CLP;11286963;2144523;13431486;ACEPTADO;CD_SANTIAGO
DOC-2024-01045;FAC;100616;CL0183;V005;CP45;FOODSERVICE;2024-05-31;2024-07-15;CLP;9685788;1840300;11526088;ACEPTADO;PLANTA_TALCAHUANO
DOC-2024-01089;FEE;8053;CL0081;V005;CP30;FOODSERVICE;2024-05-31;2024-06-30;CLP;4678274;0;4678274;ACEPTADO;PLANTA_CORONEL
DOC-2024-01394;FAC;100933;CL0103;V005;CP45;FOODSERVICE;2024-05-31;2024-07-15;CLP;2992494;568574;3561068;ACEPTADO;PLANTA_CORONEL
DOC-2024-01683;FAC;101205;CL0344;V010;CP30;RETAIL;2024-05-31;2024-06-30;CLP;2865791;544500;3410291;ACEPTADO;PLANTA_CORONEL
DOC-2024-01727;FAC;101243;CL0321;V010;CP30;RETAIL;2024-05-31;2024-06-30;CLP;10767483;2045822;12813305;ACEPTADO;CD_SANTIAGO
DOC-2024-01921;FAC;101422;CL0341;V010;CP60;RETAIL;2024-05-31;2024-08-29;CLP;23411882;4448258;27860140;ACEPTADO;CD_SANTIAGO
DOC-2024-00274;FEX;50274;CL0032;V002;CP90;EXPORTACION;2024-06-03;2024-09-01;USD;45210.4;0;45210.4;ACEPTADO;PLANTA_CALDERA
DOC-2024-01121;FAC;100682;CL0142;V007;CP30;FOODSERVICE;2024-06-03;2024-07-03;CLP;7199634;1367930;8567564;ACEPTADO;CD_SANTIAGO
DOC-2024-01263;FAC;100812;CL0074;V007;CP60;FOODSERVICE;2024-06-03;2024-08-02;CLP;14910428;2832981;17743409;ACEPTADO;CD_SANTIAGO
DOC-2024-01457;FEE;8082;CL0217;V007;CP30;FOODSERVICE;2024-06-03;2024-07-03;CLP;10435819;0;10435819;ACEPTADO;CD_SANTIAGO
DOC-2024-00500;FAC;100111;CL0209;V006;CP45;FOODSERVICE;2024-06-04;2024-07-19;CLP;3372300;640737;4013037;ACEPTADO;PLANTA_CORONEL
DOC-2024-00706;FAC;100304;CL0074;V007;CP30;FOODSERVICE;2024-06-04;2024-07-04;CLP;5857104;1112850;6969954;ACEPTADO;PLANTA_CORONEL
DOC-2024-01885;FAC;101390;CL0245;V011;CP45;RETAIL;2024-06-04;2024-07-19;CLP;12455455;2366536;14821991;ACEPTADO;PLANTA_CORONEL
DOC-2024-01927;FEE;8117;CL0304;V009;CP45;RETAIL;2024-06-04;2024-07-19;CLP;17132895;0;17132895;ANULADO;PLANTA_CORONEL
DOC-2024-01374;FAC;100915;CL0109;V007;CP45;FOODSERVICE;2024-06-05;2024-07-20;CLP;572430;108762;681192;ACEPTADO;PLANTA_TALCAHUANO
DOC-2024-01469;FAC;101004;CL0099;V008;CP30;FOODSERVICE;2024-06-05;2024-07-05;CLP;2350485;446592;2797077;ACEPTADO;PLANTA_CORONEL
DOC-2024-01957;FAC;101453;CL0296;V011;CP45;RETAIL;2024-06-05;2024-07-20;CLP;4868238;924965;5793203;ACEPTADO;CD_SANTIAGO
DOC-2024-00202;FEX;50202;CL0032;V002;CP90;EXPORTACION;2024-06-06;2024-09-04;USD;385085.06;0;385085.06;ACEPTADO;PLANTA_CORONEL
DOC-2024-00606;FAC;100211;CL0219;V007;CP45;FOODSERVICE;2024-06-06;2024-07-21;CLP;3519275;668662;4187937;ACEPTADO;CD_SANTIAGO
DOC-2024-00626;FAC;100231;CL0161;V005;CP30;FOODSERVICE;2024-06-06;2024-07-06;CLP;14679625;2789129;17468754;ACEPTADO;CD_SANTIAGO
DOC-2024-00690;FAC;100290;CL0116;V006;CP30;FOODSERVICE;2024-06-06;2024-07-06;CLP;9627856;1829293;11457149;ACEPTADO;PLANTA_TALCAHUANO
DOC-2024-00813;FAC;100407;CL0112;V008;CP30;FOODSERVICE;2024-06-06;2024-07-06;CLP;3611178;686124;4297302;ACEPTADO;CD_SANTIAGO
DOC-2024-00880;FAC;100467;CL0156;V008;CP45;FOODSERVICE;2024-06-06;2024-07-21;CLP;9176362;1743509;10919871;ACEPTADO;PLANTA_TALCAHUANO
DOC-2024-00963;FAC;100542;CL0207;V008;CP30;FOODSERVICE;2024-06-06;2024-07-06;CLP;10800474;2052090;12852564;ACEPTADO;PLANTA_TALCAHUANO
DOC-2024-01569;FAC;101096;CL0121;V007;CP45;FOODSERVICE;2024-06-06;2024-07-21;CLP;1604040;304768;1908808;ACEPTADO;PLANTA_TALCAHUANO
DOC-2024-01971;FAC;101465;CL0310;V009;CP30;RETAIL;2024-06-06;2024-08-20;CLP;5760038;1094407;6854445;ACEPTADO;CD_SANTIAGO
DOC-2024-00062;FEX;50062;CL0012;V004;CP90;EXPORTACION;2024-06-07;2024-09-05;USD;47016.74;0;47016.74;ACEPTADO;PLANTA_TALCAHUANO
DOC-2024-00089;FEX;50089;CL0032;V002;CP120;EXPORTACION;2024-06-07;2024-10-05;USD;43755.43;0;43755.43;ACEPTADO;PLANTA_QUELLON
DOC-2024-00161;FEX;50161;CL0060;V003;CP60;EXPORTACION;2024-06-07;2024-08-06;USD;63737.49;0;63737.49;ACEPTADO;PLANTA_TALCAHUANO
DOC-2024-00647;FAC;100248;CL0073;V005;CP45;FOODSERVICE;2024-06-07;2024-07-22;CLP;3853084;732086;4585170;ACEPTADO;PLANTA_CORONEL
DOC-2024-00769;FAC;100364;CL0088;V005;CP45;FOODSERVICE;2024-06-07;2024-07-22;CLP;2874715;546196;3420911;ACEPTADO;PLANTA_TALCAHUANO
DOC-2024-00798;FAC;100392;CL0161;V005;CP45;FOODSERVICE;2024-06-07;2024-07-22;CLP;6109187;1160746;7269933;ACEPTADO;PLANTA_CORONEL
DOC-2024-01402;FAC;100941;CL0123;V006;CP60;FOODSERVICE;2024-06-07;2024-08-06;CLP;10903196;2071607;12974803;ACEPTADO;CD_SANTIAGO
DOC-2024-01517;FEE;8088;CL0192;V006;CP60;FOODSERVICE;2024-06-07;2024-08-06;CLP;2633061;0;2633061;ACEPTADO;PLANTA_TALCAHUANO
DOC-2024-01606;FAC;101132;CL0140;V007;CP60;FOODSERVICE;2024-06-07;2024-08-06;CLP;2041008;387792;2428800;ACEPTADO;PLANTA_TALCAHUANO
DOC-2024-01748;FAC;101263;CL0323;V011;CP60;RETAIL;2024-06-07;2024-08-06;CLP;7595119;1443073;9038192;RECLAMADO;CD_SANTIAGO
DOC-2024-01779;FAC;101291;CL0308;V011;CP30;RETAIL;2024-06-07;2024-07-07;CLP;3200419;608080;3808499;ACEPTADO;PLANTA_TALCAHUANO
DOC-2024-00038;FEX;50038;CL0072;V004;CP90;EXPORTACION;2024-06-10;2024-09-08;USD;7256.86;0;7256.86;ACEPTADO;PLANTA_TALCAHUANO
DOC-2024-00338;FEX;50338;CL0032;V002;CP90;EXPORTACION;2024-06-10;2024-09-08;CLP;13705853;0;13705853;ACEPTADO;PLANTA_QUELLON
DOC-2024-00726;FAC;100324;CL0177;V005;CP45;FOODSERVICE;2024-06-10;2024-07-25;CLP;2784247;529007;3313254;ACEPTADO;CD_SANTIAGO
DOC-2024-00809;FAC;100403;CL0214;V008;CP45;FOODSERVICE;2024-06-10;2024-07-25;CLP;4546815;863895;5410710;ACEPTADO;CD_SANTIAGO
DOC-2024-01340;FAC;100884;CL0184;V005;CP30;FOODSERVICE;2024-06-10;2024-07-10;CLP;8012603;1522395;9534998;ACEPTADO;PLANTA_CORONEL
DOC-2024-00164;FEX;50164;CL0032;V002;CP90;EXPORTACION;2024-06-11;2024-09-09;USD;364084.03;0;364084.03;ACEPTADO;PLANTA_QUELLON
DOC-2024-00920;FAC;100502;CL0193;V008;CP30;FOODSERVICE;2024-06-11;2024-07-11;CLP;11617694;2207362;13825056;ACEPTADO;PLANTA_TALCAHUANO
DOC-2024-00931;FAC;100513;CL0125;V008;CP30;FOODSERVICE;2024-06-11;2024-07-11;CLP;5389564;1024017;6413581;ACEPTADO;PLANTA_CORONEL
DOC-2024-01607;FAC;101133;CL0114;V008;CP45;FOODSERVICE;2024-06-11;2024-07-26;CLP;4294822;816016;5110838;ACEPTADO;PLANTA_CORONEL
DOC-2024-01749;FAC;101264;CL0321;V010;CP30;RETAIL;2024-06-11;2024-07-11;CLP;17771543;3376593;21148136;ACEPTADO;PLANTA_TALCAHUANO
DOC-2024-01992;FAC;101484;CL0321;V010;CP30;RETAIL;2024-06-11;2024-07-11;CLP;11269136;2141136;13410272;ACEPTADO;PLANTA_TALCAHUANO
DOC-2024-00415;FAC;100031;CL0149;V008;CP00;FOODSERVICE;2024-06-12;2024-06-12;CLP;6472223;1229722;7701945;ACEPTADO;CD_SANTIAGO
DOC-2024-01364;FAC;100906;CL0118;V007;CP30;FOODSERVICE;2024-06-12;2024-07-12;CLP;10529819;2000666;12530485;ACEPTADO;PLANTA_CORONEL
DOC-2024-01534;FAC;101063;CL0173;V006;CP45;FOODSERVICE;2024-06-12;2024-07-27;CLP;5727609;1088246;6815855;ACEPTADO;PLANTA_CORONEL
DOC-2024-01673;FAC;101197;CL0313;V009;CP30;RETAIL;2024-06-12;2024-07-12;CLP;6795956;1291232;8087188;ACEPTADO;PLANTA_TALCAHUANO
DOC-2024-01682;FEE;8095;CL0321;V010;CP30;RETAIL;2024-06-12;2024-07-12;CLP;8271262;0;8271262;ACEPTADO;PLANTA_CORONEL
DOC-2024-00810;FAC;100404;CL0085;V008;CP60;FOODSERVICE;2024-06-13;2024-08-12;CLP;10346685;1965870;12312555;ACEPTADO;PLANTA_CORONEL
DOC-2024-01260;FAC;100809;CL0088;V005;CP45;FOODSERVICE;2024-06-13;2024-07-28;CLP;17364353;3299227;20663580;ACEPTADO;CD_SANTIAGO
DOC-2024-01575;FAC;101102;CL0142;V007;CP60;FOODSERVICE;2024-06-13;2024-08-12;CLP;2587596;491643;3079239;ACEPTADO;PLANTA_TALCAHUANO
DOC-2024-01817;FAC;101326;CL0301;V009;CP30;RETAIL;2024-06-13;2024-07-13;CLP;7349902;1396481;8746383;ACEPTADO;PLANTA_TALCAHUANO
DOC-2024-01988;FAC;101481;CL0341;V010;CP60;RETAIL;2024-06-13;2024-08-12;CLP;10228997;1943509;12172506;ACEPTADO;PLANTA_TALCAHUANO
DOC-2024-00043;FEX;50043;CL0022;V001;CP60;EXPORTACION;2024-06-14;2024-08-13;USD;19691.93;0;19691.93;ACEPTADO;PLANTA_QUELLON
DOC-2024-00122;FEX;50122;CL0032;V002;CP90;EXPORTACION;2024-06-14;2024-09-12;USD;71813.54;0;71813.54;ACEPTADO;PLANTA_CORONEL
DOC-2024-00158;FEX;50158;CL0014;V003;CP90;EXPORTACION;2024-06-14;2024-09-12;USD;53265.85;0;53265.85;ACEPTADO;PLANTA_CALDERA
DOC-2024-00183;FEX;50183;CL0012;V004;CP60;EXPORTACION;2024-06-14;2024-08-13;USD;35051.83;0;35051.83;ACEPTADO;PLANTA_TALCAHUANO
DOC-2024-00226;FEX;50226;CL0012;V004;CP60;EXPORTACION;2024-06-14;2024-08-13;USD;58699.89;0;58699.89;ACEPTADO;PLANTA_TALCAHUANO
DOC-2024-00250;FEX;50250;CL0012;V004;CP60;EXPORTACION;2024-06-14;2024-08-13;USD;44695.02;0;44695.02;ACEPTADO;PLANTA_CALDERA
DOC-2024-00369;FEX;50369;CL0014;V003;CP60;EXPORTACION;2024-06-14;2024-08-13;USD;9147.15;0;9147.15;ACEPTADO;PLANTA_QUELLON
DOC-2024-00816;FAC;100410;CL0199;V008;CP30;FOODSERVICE;2024-06-14;2024-07-14;CLP;3521335;669054;4190389;ACEPTADO;CD_SANTIAGO
DOC-2024-00895;FAC;100480;CL0120;V007;CP00;FOODSERVICE;2024-06-14;2024-06-14;CLP;3628552;689425;4317977;ACEPTADO;CD_SANTIAGO
DOC-2024-00905;FAC;100489;CL0213;V006;CP45;FOODSERVICE;2024-06-14;2024-07-29;CLP;971154;184519;1155673;RECLAMADO;PLANTA_CORONEL
DOC-2024-00910;FEE;8035;CL0090;V007;CP45;FOODSERVICE;2024-06-14;2024-07-29;CLP;10084853;0;10084853;ACEPTADO;PLANTA_CORONEL
DOC-2024-01321;FAC;100867;CL0131;V006;CP60;FOODSERVICE;2024-06-14;2024-08-13;CLP;1875215;356291;2231506;ACEPTADO;PLANTA_TALCAHUANO
DOC-2024-01337;FAC;100881;CL0138;V005;CP30;FOODSERVICE;2024-06-14;2024-07-14;CLP;4967047;943739;5910786;ACEPTADO;PLANTA_TALCAHUANO
DOC-2024-01451;FAC;100987;CL0123;V006;CP45;FOODSERVICE;2024-06-14;2024-07-29;CLP;9811159;1864120;11675279;ACEPTADO;PLANTA_CORONEL
DOC-2024-01592;FAC;101119;CL0186;V007;CP30;FOODSERVICE;2024-06-14;2024-07-14;CLP;11085301;2106207;13191508;ACEPTADO;CD_SANTIAGO
DOC-2024-01652;FAC;101177;CL0126;V005;CP60;FOODSERVICE;2024-06-14;2024-08-13;CLP;5281789;1003540;6285329;ACEPTADO;PLANTA_TALCAHUANO
DOC-2024-01737;FAC;101253;CL0301;V009;CP30;RETAIL;2024-06-14;2024-07-14;CLP;10198648;1937743;12136391;ACEPTADO;CD_SANTIAGO
DOC-2024-01755;FAC;101270;CL0279;V010;CP45;RETAIL;2024-06-14;2024-07-29;CLP;15950183;3030535;18980718;ACEPTADO;CD_SANTIAGO
DOC-2024-01876;FAC;101381;CL0263;V011;CP60;RETAIL;2024-06-14;2024-08-13;CLP;4764245;905207;5669452;ACEPTADO;CD_SANTIAGO
DOC-2024-00445;FAC;100060;CL0183;V005;CP60;FOODSERVICE;2024-06-17;2024-08-16;CLP;8266635;1570661;9837296;ACEPTADO;PLANTA_TALCAHUANO
DOC-2024-00622;FAC;100227;CL0110;V008;CP30;FOODSERVICE;2024-06-17;2024-07-17;CLP;3080488;585293;3665781;ACEPTADO;PLANTA_CORONEL
DOC-2024-00937;FAC;100517;CL0200;V008;CP45;FOODSERVICE;2024-06-17;2024-08-01;CLP;9210182;1749935;10960117;ACEPTADO;PLANTA_CORONEL
DOC-2024-01020;FEE;8043;CL0176;V008;CP30;FOODSERVICE;2024-06-17;2024-07-17;CLP;1708356;0;1708356;ACEPTADO;PLANTA_TALCAHUANO
DOC-2024-01156;FAC;100712;CL0176;V008;CP30;FOODSERVICE;2024-06-17;2024-07-17;CLP;7135152;1355679;8490831;ACEPTADO;CD_SANTIAGO
DOC-2024-01953;FAC;101450;CL0314;V009;CP45;RETAIL;2024-06-17;2024-08-01;CLP;8630905;1639872;10270777;ACEPTADO;PLANTA_CORONEL
DOC-2024-00056;FEX;50056;CL0032;V002;CP60;EXPORTACION;2024-06-18;2024-08-17;USD;143231.63;0;143231.63;ACEPTADO;PLANTA_QUELLON
DOC-2024-00068;FEX;50068;CL0032;V002;CP60;EXPORTACION;2024-06-18;2024-08-17;USD;140662.63;0;140662.63;ACEPTADO;PLANTA_CALDERA
DOC-2024-00410;FAC;100026;CL0161;V005;CP45;FOODSERVICE;2024-06-18;2024-08-02;CLP;12899171;2450842;15350013;ACEPTADO;CD_SANTIAGO
DOC-2024-00977;FAC;100554;CL0214;V008;CP30;FOODSERVICE;2024-06-18;2024-07-18;CLP;8929692;1696641;10626333;ACEPTADO;PLANTA_CORONEL
DOC-2024-01082;FAC;100649;CL0129;V007;CP00;FOODSERVICE;2024-06-18;2024-06-18;CLP;2615688;496981;3112669;ACEPTADO;CD_SANTIAGO
DOC-2024-00179;FEX;50179;CL0028;V001;CP120;EXPORTACION;2024-06-19;2024-10-17;CLP;34849840;0;34849840;ACEPTADO;PLANTA_QUELLON
DOC-2024-00422;FAC;100038;CL0153;V008;CP30;FOODSERVICE;2024-06-19;2024-07-19;CLP;2941904;558962;3500866;ACEPTADO;PLANTA_CORONEL
DOC-2024-00436;FAC;100052;CL0183;V005;CP45;FOODSERVICE;2024-06-19;2024-08-03;CLP;8969372;1704181;10673553;ACEPTADO;PLANTA_TALCAHUANO
DOC-2024-00692;FAC;100292;CL0198;V006;CP30;FOODSERVICE;2024-06-19;2024-07-19;CLP;10541621;2002908;12544529;ACEPTADO;CD_SANTIAGO
DOC-2024-01136;FEE;8059;CL0161;V005;CP30;FOODSERVICE;2024-06-19;2024-07-19;CLP;29671184;0;29671184;ACEPTADO;CD_SANTIAGO
DOC-2024-01356;FAC;100898;CL0161;V005;CP30;FOODSERVICE;2024-06-19;2024-07-19;CLP;7529673;1430638;8960311;ACEPTADO;PLANTA_TALCAHUANO
DOC-2024-01677;FAC;101201;CL0231;V009;CP60;RETAIL;2024-06-19;2024-08-18;CLP;8759650;1664334;10423984;ACEPTADO;PLANTA_CORONEL
DOC-2024-01949;FAC;101446;CL0319;V012;CP45;RETAIL;2024-06-19;2024-08-03;CLP;4841956;919972;5761928;ACEPTADO;CD_SANTIAGO
DOC-2024-00004;FEX;50004;CL0012;V004;CP90;EXPORTACION;2024-06-21;2024-09-19;USD;33246.31;0;33246.31;ACEPTADO;PLANTA_CALDERA
DOC-2024-00142;FEX;50142;CL0002;V004;CP60;EXPORTACION;2024-06-21;2024-08-20;USD;34523.13;0;34523.13;ACEPTADO;PLANTA_CALDERA
DOC-2024-00603;FAC;100208;CL0173;V006;CP30;FOODSERVICE;2024-06-21;2024-07-21;CLP;1048224;199163;1247387;ACEPTADO;CD_SANTIAGO
DOC-2024-00821;FAC;100415;CL0154;V005;CP30;FOODSERVICE;2024-06-21;2024-07-21;CLP;2561800;486742;3048542;ACEPTADO;PLANTA_CORONEL
DOC-2024-01524;FAC;101053;CL0193;V008;CP30;FOODSERVICE;2024-06-21;2024-07-21;CLP;13683473;2599860;16283333;ANULADO;PLANTA_CORONEL
DOC-2024-01688;FEE;8096;CL0235;V012;CP60;RETAIL;2024-06-21;2024-08-20;CLP;5217975;0;5217975;ACEPTADO;CD_SANTIAGO
DOC-2024-01703;FAC;101222;CL0260;V012;CP45;RETAIL;2024-06-21;2024-08-05;CLP;9315255;1769898;11085153;ACEPTADO;CD_SANTIAGO
DOC-2024-00011;FEX;50011;CL0049;V003;CP90;EXPORTACION;2024-06-24;2024-09-22;USD;39668.03;0;39668.03;ACEPTADO;PLANTA_CALDERA
DOC-2024-00424;FAC;100040;CL0156;V008;CP45;FOODSERVICE;2024-06-24;2024-08-08;CLP;5089951;967091;6057042;ACEPTADO;PLANTA_TALCAHUANO
DOC-2024-01169;FAC;100723;CL0218;V008;CP45;FOODSERVICE;2024-06-24;2024-08-08;CLP;2316164;440071;2756235;ACEPTADO;CD_SANTIAGO
DOC-2024-01827;FAC;101335;CL0279;V010;CP30;RETAIL;2024-06-24;2024-07-24;CLP;33036294;6276896;39313190;ACEPTADO;CD_SANTIAGO
DOC-2024-00080;FEX;50080;CL0012;V004;CP60;EXPORTACION;2024-06-25;2024-08-24;CLP;54404281;0;54404281;ACEPTADO;PLANTA_CORONEL
DOC-2024-00700;FAC;100299;CL0161;V005;CP45;FOODSERVICE;2024-06-25;2024-08-09;CLP;7354122;1397283;8751405;ACEPTADO;CD_SANTIAGO
DOC-2024-01068;FAC;100638;CL0138;V005;CP45;FOODSERVICE;2024-06-25;2024-08-09;CLP;1231703;234024;1465727;ACEPTADO;CD_SANTIAGO
DOC-2024-01119;FAC;100681;CL0150;V006;CP30;FOODSERVICE;2024-06-25;2024-07-25;CLP;4622475;878270;5500745;ACEPTADO;PLANTA_CORONEL
DOC-2024-01135;FAC;100694;CL0113;V005;CP60;FOODSERVICE;2024-06-25;2024-08-24;CLP;1797002;341430;2138432;ACEPTADO;CD_SANTIAGO
DOC-2024-01945;FAC;101443;CL0290;V009;CP45;RETAIL;2024-06-25;2024-08-09;CLP;12088945;2296900;14385845;ACEPTADO;PLANTA_TALCAHUANO
DOC-2024-00780;FAC;100374;CL0192;V006;CP30;FOODSERVICE;2024-06-26;2024-07-26;CLP;5601179;1064224;6665403;ACEPTADO;PLANTA_CORONEL
DOC-2024-00875;FEE;8030;CL0205;V007;CP45;FOODSERVICE;2024-06-26;2024-08-10;CLP;4448050;0;4448050;ACEPTADO;CD_SANTIAGO
DOC-2024-01778;FAC;101290;CL0321;V010;CP45;RETAIL;2024-06-26;2024-08-10;CLP;19911192;3783126;23694318;ACEPTADO;CD_SANTIAGO
DOC-2024-00051;FEX;50051;CL0032;V002;CP60;EXPORTACION;2024-06-27;2024-08-26;USD;234557.09;0;234557.09;ACEPTADO;PLANTA_CALDERA
DOC-2024-00102;FEX;50102;CL0032;V002;CP90;EXPORTACION;2024-06-27;2024-09-25;USD;193552.62;0;193552.62;ACEPTADO;PLANTA_TALCAHUANO
DOC-2024-00137;FEX;50137;CL0028;V001;CP90;EXPORTACION;2024-06-27;2024-09-25;CLP;39670151;0;39670151;ACEPTADO;PLANTA_CALDERA
DOC-2024-00560;FAC;100167;CL0181;V008;CP60;FOODSERVICE;2024-06-27;2024-08-26;CLP;3654227;694303;4348530;ACEPTADO;CD_SANTIAGO
DOC-2024-00829;FEE;8024;CL0178;V008;CP00;FOODSERVICE;2024-06-27;2024-06-27;CLP;3217206;0;3217206;ACEPTADO;CD_SANTIAGO
DOC-2024-01387;FAC;100926;CL0161;V005;CP60;FOODSERVICE;2024-06-27;2024-08-26;CLP;6508827;1236677;7745504;ACEPTADO;PLANTA_TALCAHUANO
DOC-2024-01804;FAC;101313;CL0335;V011;CP60;RETAIL;2024-06-27;2024-08-26;CLP;4235697;804782;5040479;ACEPTADO;CD_SANTIAGO
DOC-2024-00150;FEX;50150;CL0012;V004;CP90;EXPORTACION;2024-06-28;2024-09-26;USD;385564.05;0;385564.05;ACEPTADO;PLANTA_QUELLON
DOC-2024-00321;FEX;50321;CL0032;V002;CP60;EXPORTACION;2024-06-28;2024-08-27;USD;145721.76;0;145721.76;ACEPTADO;PLANTA_CALDERA
DOC-2024-00542;FAC;100150;CL0193;V008;CP30;FOODSERVICE;2024-06-28;2024-07-28;CLP;24759807;4704363;29464170;ACEPTADO;PLANTA_TALCAHUANO
DOC-2024-00730;FAC;100328;CL0215;V008;CP60;FOODSERVICE;2024-06-28;2024-08-27;CLP;1280045;243209;1523254;ACEPTADO;PLANTA_CORONEL
DOC-2024-00964;FAC;100543;CL0155;V005;CP45;FOODSERVICE;2024-06-28;2024-08-12;CLP;26451008;5025692;31476700;ACEPTADO;CD_SANTIAGO
DOC-2024-01039;FAC;100610;CL0094;V007;CP60;FOODSERVICE;2024-06-28;2024-08-27;CLP;6740828;1280757;8021585;ACEPTADO;CD_SANTIAGO
DOC-2024-01473;FAC;101008;CL0109;V007;CP60;FOODSERVICE;2024-06-28;2024-08-27;CLP;1603626;304689;1908315;ACEPTADO;CD_SANTIAGO
DOC-2024-01476;FAC;101010;CL0177;V005;CP00;FOODSERVICE;2024-06-28;2024-06-28;CLP;4982257;946629;5928886;ACEPTADO;PLANTA_TALCAHUANO
DOC-2024-00024;FEX;50024;CL0048;V001;CP60;EXPORTACION;2024-07-01;2024-08-30;USD;27997.83;0;27997.83;ACEPTADO;PLANTA_CALDERA
DOC-2024-00192;FEX;50192;CL0062;V004;CP120;EXPORTACION;2024-07-01;2024-10-29;USD;99753.26;0;99753.26;ACEPTADO;PLANTA_QUELLON
DOC-2024-00826;FAC;100420;CL0168;V005;CP30;FOODSERVICE;2024-07-01;2024-07-31;CLP;4350934;826677;5177611;ACEPTADO;PLANTA_CORONEL
DOC-2024-01102;FAC;100664;CL0183;V005;CP45;FOODSERVICE;2024-07-01;2024-08-15;CLP;3553632;675190;4228822;ACEPTADO;PLANTA_CORONEL
DOC-2024-01116;FAC;100678;CL0118;V007;CP60;FOODSERVICE;2024-07-01;2024-08-30;CLP;2014985;382847;2397832;ACEPTADO;PLANTA_TALCAHUANO
DOC-2024-01294;FEE;8070;CL0198;V006;CP60;FOODSERVICE;2024-07-01;2024-08-30;CLP;13794589;0;13794589;ACEPTADO;CD_SANTIAGO
DOC-2024-01839;FEE;8111;CL0265;V009;CP90;RETAIL;2024-07-01;2024-09-29;CLP;11184477;0;11184477;ACEPTADO;PLANTA_CORONEL
DOC-2024-00118;FEX;50118;CL0034;V004;CP90;EXPORTACION;2024-07-02;2024-09-30;USD;78513.46;0;78513.46;ACEPTADO;PLANTA_CALDERA
DOC-2024-00206;FEX;50206;CL0008;V002;CP120;EXPORTACION;2024-07-02;2024-10-30;USD;12495.8;0;12495.8;ACEPTADO;PLANTA_CALDERA
DOC-2024-00642;FAC;100245;CL0189;V008;CP30;FOODSERVICE;2024-07-02;2024-08-01;CLP;4197885;797598;4995483;ACEPTADO;CD_SANTIAGO
DOC-2024-00881;FAC;100468;CL0074;V007;CP60;FOODSERVICE;2024-07-02;2024-08-31;CLP;29446909;5594913;35041822;ACEPTADO;PLANTA_TALCAHUANO
DOC-2024-01140;FAC;100698;CL0139;V008;CP30;FOODSERVICE;2024-07-02;2024-08-01;CLP;2291267;435341;2726608;ACEPTADO;PLANTA_CORONEL
DOC-2024-01179;FAC;100733;CL0110;V008;CP45;FOODSERVICE;2024-07-02;2024-08-16;CLP;3662864;695944;4358808;ACEPTADO;PLANTA_TALCAHUANO
DOC-2024-01326;FAC;100871;CL0133;V008;CP45;FOODSERVICE;2024-07-02;2024-08-16;CLP;12419226;2359653;14778879;ACEPTADO;PLANTA_TALCAHUANO
DOC-2024-00082;FEX;50082;CL0048;V001;CP120;EXPORTACION;2024-07-03;2024-10-31;USD;34751.03;0;34751.03;RECLAMADO;PLANTA_CORONEL
DOC-2024-01283;FAC;100831;CL0144;V006;CP30;FOODSERVICE;2024-07-03;2024-08-02;CLP;5892991;1119668;7012659;ACEPTADO;CD_SANTIAGO
DOC-2024-01603;FAC;101130;CL0127;V008;CP60;FOODSERVICE;2024-07-03;2024-09-01;CLP;6610045;1255909;7865954;ACEPTADO;CD_SANTIAGO
DOC-2024-01638;FAC;101163;CL0118;V007;CP30;FOODSERVICE;2024-07-03;2024-08-02;CLP;17713588;3365582;21079170;ACEPTADO;PLANTA_CORONEL
DOC-2024-00341;FEX;50341;CL0034;V004;CP60;EXPORTACION;2024-07-04;2024-09-02;USD;45536.24;0;45536.24;ACEPTADO;PLANTA_QUELLON
DOC-2024-01096;FAC;100660;CL0106;V008;CP30;FOODSERVICE;2024-07-04;2024-08-03;CLP;5107794;970481;6078275;ACEPTADO;PLANTA_CORONEL
DOC-2024-01154;FAC;100710;CL0074;V007;CP45;FOODSERVICE;2024-07-04;2024-08-18;CLP;16237910;3085203;19323113;ACEPTADO;PLANTA_CORONEL
DOC-2024-01803;FAC;101312;CL0335;V011;CP60;RETAIL;2024-07-04;2024-09-02;CLP;11694372;2221931;13916303;ACEPTADO;PLANTA_TALCAHUANO
DOC-2024-00037;FEX;50037;CL0072;V004;CP60;EXPORTACION;2024-07-05;2024-09-03;USD;11000.81;0;11000.81;ACEPTADO;PLANTA_TALCAHUANO
DOC-2024-00046;FEX;50046;CL0032;V002;CP90;EXPORTACION;2024-07-05;2024-10-03;USD;173496.79;0;173496.79;ACEPTADO;PLANTA_CALDERA
DOC-2024-00167;FEX;50167;CL0012;V004;CP120;EXPORTACION;2024-07-05;2024-11-02;USD;54963.48;0;54963.48;ACEPTADO;PLANTA_QUELLON
DOC-2024-00208;FEX;50208;CL0042;V002;CP60;EXPORTACION;2024-07-05;2024-09-03;USD;8657.25;0;8657.25;ACEPTADO;PLANTA_QUELLON
DOC-2024-00492;FAC;100105;CL0140;V007;CP45;FOODSERVICE;2024-07-05;2024-08-19;CLP;7918906;1504592;9423498;ACEPTADO;PLANTA_CORONEL
DOC-2024-00543;FAC;100151;CL0177;V005;CP30;FOODSERVICE;2024-07-05;2024-08-04;CLP;2895277;550103;3445380;ACEPTADO;CD_SANTIAGO
DOC-2024-00660;FAC;100261;CL0138;V005;CP30;FOODSERVICE;2024-07-05;2024-08-04;CLP;7022922;1334355;8357277;ACEPTADO;PLANTA_CORONEL
DOC-2024-00711;FAC;100309;CL0092;V005;CP45;FOODSERVICE;2024-07-05;2024-08-19;CLP;16504872;3135926;19640798;ACEPTADO;CD_SANTIAGO
DOC-2024-00839;FAC;100431;CL0219;V007;CP30;FOODSERVICE;2024-07-05;2024-08-04;CLP;12556004;2385641;14941645;ACEPTADO;PLANTA_CORONEL
DOC-2024-01149;FAC;100706;CL0074;V007;CP60;FOODSERVICE;2024-07-05;2024-09-03;CLP;26403910;5016743;31420653;ACEPTADO;PLANTA_TALCAHUANO
DOC-2024-01217;FAC;100771;CL0180;V006;CP60;FOODSERVICE;2024-07-05;2024-09-03;CLP;5204485;988852;6193337;ACEPTADO;CD_SANTIAGO
DOC-2024-01438;FAC;100975;CL0074;V007;CP45;FOODSERVICE;2024-07-05;2024-08-19;CLP;15021001;2853990;17874991;ACEPTADO;CD_SANTIAGO
DOC-2024-01639;FAC;101164;CL0203;V008;CP30;FOODSERVICE;2024-07-05;2024-08-04;CLP;2258819;429176;2687995;ACEPTADO;CD_SANTIAGO
DOC-2024-01790;FEE;8108;CL0279;V010;CP30;RETAIL;2024-07-05;2024-08-04;CLP;80630205;0;80630205;ACEPTADO;CD_SANTIAGO
DOC-2024-01889;FAC;101393;CL0279;V010;CP45;RETAIL;2024-07-05;2024-08-19;CLP;42662383;8105853;50768236;ACEPTADO;PLANTA_CORONEL
DOC-2024-00070;FEX;50070;CL0056;V002;CP60;EXPORTACION;2024-07-08;2024-09-06;USD;7937.03;0;7937.03;ACEPTADO;PLANTA_CALDERA
DOC-2024-00186;FEX;50186;CL0034;V004;CP90;EXPORTACION;2024-07-08;2024-10-06;USD;36410.8;0;36410.8;ACEPTADO;PLANTA_QUELLON
DOC-2024-00556;FAC;100163;CL0147;V005;CP45;FOODSERVICE;2024-07-08;2024-08-22;CLP;5069868;963275;6033143;ACEPTADO;CD_SANTIAGO
DOC-2024-01789;FEE;8107;CL0341;V010;CP60;RETAIL;2024-07-08;2024-09-06;CLP;21107047;0;21107047;ACEPTADO;PLANTA_TALCAHUANO
DOC-2024-00286;FEX;50286;CL0032;V002;CP60;EXPORTACION;2024-07-09;2024-09-07;USD;420000;0;420000;ACEPTADO;PLANTA_TALCAHUANO
DOC-2024-00984;FAC;100561;CL0078;V008;CP30;FOODSERVICE;2024-07-09;2024-08-08;CLP;33177449;6303715;39481164;ACEPTADO;PLANTA_CORONEL
DOC-2024-00988;FAC;100564;CL0098;V005;CP30;FOODSERVICE;2024-07-09;2024-08-08;CLP;11210122;2129923;13340045;ACEPTADO;PLANTA_CORONEL
DOC-2024-01802;FAC;101311;CL0343;V011;CP30;RETAIL;2024-07-09;2024-08-08;CLP;6952929;1321057;8273986;ACEPTADO;PLANTA_TALCAHUANO
DOC-2024-01830;FAC;101338;CL0341;V010;CP30;RETAIL;2024-07-09;2024-09-07;CLP;11099780;2108958;13208738;ACEPTADO;PLANTA_TALCAHUANO
DOC-2024-00033;FEX;50033;CL0016;V002;CP60;EXPORTACION;2024-07-10;2024-09-08;USD;10699.5;0;10699.5;ACEPTADO;PLANTA_CALDERA
DOC-2024-00115;FEX;50115;CL0057;V004;CP90;EXPORTACION;2024-07-10;2024-10-08;USD;27822.75;0;27822.75;ACEPTADO;PLANTA_TALCAHUANO
DOC-2024-00523;FAC;100132;CL0173;V006;CP60;FOODSERVICE;2024-07-10;2024-09-08;CLP;9576902;1819611;11396513;ACEPTADO;PLANTA_TALCAHUANO
DOC-2024-00591;FAC;100197;CL0156;V008;CP45;FOODSERVICE;2024-07-10;2024-08-24;CLP;7272475;1381770;8654245;ACEPTADO;PLANTA_CORONEL
DOC-2024-00745;FEE;8020;CL0154;V005;CP60;FOODSERVICE;2024-07-10;2024-09-08;CLP;2754786;0;2754786;ACEPTADO;PLANTA_TALCAHUANO
DOC-2024-00861;FAC;100451;CL0221;V005;CP30;FOODSERVICE;2024-07-10;2024-08-09;CLP;3949540;750413;4699953;ACEPTADO;PLANTA_CORONEL
DOC-2024-01242;FAC;100793;CL0073;V005;CP45;FOODSERVICE;2024-07-10;2024-08-24;CLP;14962509;2842877;17805386;ACEPTADO;PLANTA_CORONEL
DOC-2024-01271;FAC;100820;CL0074;V007;CP30;FOODSERVICE;2024-07-10;2024-08-09;CLP;15049661;2859436;17909097;ACEPTADO;PLANTA_CORONEL
DOC-2024-01853;FAC;101359;CL0252;V012;CP90;RETAIL;2024-07-10;2024-10-08;CLP;3977438;755713;4733151;ACEPTADO;PLANTA_TALCAHUANO
DOC-2024-00389;FAC;100005;CL0102;V008;CP30;FOODSERVICE;2024-07-11;2024-08-10;CLP;1477828;280787;1758615;ACEPTADO;CD_SANTIAGO
DOC-2024-00590;FAC;100196;CL0102;V008;CP30;FOODSERVICE;2024-07-11;2024-08-10;CLP;2203498;418665;2622163;ACEPTADO;PLANTA_CORONEL
DOC-2024-00598;FAC;100203;CL0206;V006;CP30;FOODSERVICE;2024-07-11;2024-08-10;CLP;4348381;826192;5174573;ACEPTADO;PLANTA_CORONEL
DOC-2024-00608;FAC;100213;CL0128;V005;CP60;FOODSERVICE;2024-07-11;2024-09-09;CLP;1881722;357527;2239249;ACEPTADO;PLANTA_TALCAHUANO
DOC-2024-00741;FAC;100339;CL0221;V005;CP45;FOODSERVICE;2024-07-11;2024-08-25;CLP;9267397;1760805;11028202;ACEPTADO;PLANTA_TALCAHUANO
DOC-2024-00823;FAC;100417;CL0104;V006;CP45;FOODSERVICE;2024-07-11;2024-08-25;CLP;43560597;8276513;51837110;ACEPTADO;PLANTA_TALCAHUANO
DOC-2024-01226;FAC;100778;CL0076;V005;CP45;FOODSERVICE;2024-07-11;2024-08-25;CLP;10418815;1979575;12398390;ACEPTADO;PLANTA_CORONEL
DOC-2024-01935;FAC;101435;CL0279;V010;CP45;RETAIL;2024-07-11;2024-08-25;CLP;48331835;9183049;57514884;ACEPTADO;PLANTA_CORONEL
DOC-2024-02018;FAC;101508;CL0269;V010;CP60;RETAIL;2024-07-11;2024-09-09;CLP;9279048;1763019;11042067;ACEPTADO;PLANTA_CORONEL
DOC-2024-00178;FEX;50178;CL0032;V002;CP90;EXPORTACION;2024-07-12;2024-10-10;USD;70714.02;0;70714.02;ACEPTADO;PLANTA_CORONEL
DOC-2024-00256;FEX;50256;CL0032;V002;CP60;EXPORTACION;2024-07-12;2024-09-10;USD;103032.12;0;103032.12;ACEPTADO;PLANTA_CORONEL
DOC-2024-00409;FAC;100025;CL0193;V008;CP30;FOODSERVICE;2024-07-12;2024-08-11;CLP;6583660;1250895;7834555;ACEPTADO;PLANTA_TALCAHUANO
DOC-2024-00502;FAC;100113;CL0193;V008;CP60;FOODSERVICE;2024-07-12;2024-09-10;CLP;20273647;3851993;24125640;ACEPTADO;PLANTA_CORONEL
DOC-2024-00691;FAC;100291;CL0094;V007;CP30;FOODSERVICE;2024-07-12;2024-08-11;CLP;1188066;225733;1413799;ACEPTADO;CD_SANTIAGO
DOC-2024-00722;FAC;100320;CL0074;V007;CP30;FOODSERVICE;2024-07-12;2024-08-11;CLP;7711553;1465195;9176748;ACEPTADO;CD_SANTIAGO
DOC-2024-00761;FEE;8021;CL0090;V007;CP30;FOODSERVICE;2024-07-12;2024-08-11;CLP;2396128;0;2396128;ACEPTADO;PLANTA_TALCAHUANO
DOC-2024-00787;FAC;100381;CL0097;V007;CP45;FOODSERVICE;2024-07-12;2024-08-26;CLP;3674143;698087;4372230;ACEPTADO;PLANTA_CORONEL
DOC-2024-00900;FAC;100485;CL0140;V007;CP45;FOODSERVICE;2024-07-12;2024-08-26;CLP;2496187;474276;2970463;ACEPTADO;CD_SANTIAGO
DOC-2024-01034;FAC;100605;CL0160;V006;CP45;FOODSERVICE;2024-07-12;2024-08-26;CLP;3680846;699361;4380207;ACEPTADO;CD_SANTIAGO
DOC-2024-01515;FAC;101045;CL0099;V008;CP45;FOODSERVICE;2024-07-12;2024-08-26;CLP;5858618;1113137;6971755;ACEPTADO;PLANTA_TALCAHUANO
DOC-2024-01552;FAC;101079;CL0101;V008;CP60;FOODSERVICE;2024-07-12;2024-09-10;CLP;2930351;556767;3487118;ACEPTADO;PLANTA_CORONEL
DOC-2024-01620;FAC;101146;CL0125;V008;CP45;FOODSERVICE;2024-07-12;2024-08-26;CLP;13909845;2642871;16552716;ACEPTADO;CD_SANTIAGO
DOC-2024-01663;FAC;101188;CL0074;V007;CP30;FOODSERVICE;2024-07-12;2024-08-11;CLP;39825996;7566939;47392935;ACEPTADO;PLANTA_CORONEL
DOC-2024-01763;FAC;101277;CL0266;V012;CP90;RETAIL;2024-07-12;2024-10-10;CLP;7534601;1431574;8966175;ACEPTADO;CD_SANTIAGO
DOC-2024-00021;FEX;50021;CL0032;V002;CP120;EXPORTACION;2024-07-15;2024-11-12;USD;137384.78;0;137384.78;ACEPTADO;PLANTA_CORONEL
DOC-2024-00177;FEX;50177;CL0022;V001;CP60;EXPORTACION;2024-07-15;2024-09-13;USD;55290.68;0;55290.68;ACEPTADO;PLANTA_QUELLON
DOC-2024-00404;FAC;100020;CL0161;V005;CP30;FOODSERVICE;2024-07-15;2024-08-14;CLP;12271103;2331510;14602613;ACEPTADO;PLANTA_CORONEL
DOC-2024-00689;FAC;100289;CL0141;V006;CP45;FOODSERVICE;2024-07-15;2024-08-29;CLP;963839;183129;1146968;ACEPTADO;CD_SANTIAGO
DOC-2024-01106;FAC;100668;CL0193;V008;CP30;FOODSERVICE;2024-07-15;2024-08-14;CLP;7131404;1354967;8486371;ACEPTADO;PLANTA_TALCAHUANO
DOC-2024-01636;FAC;101161;CL0214;V008;CP30;FOODSERVICE;2024-07-15;2024-08-14;CLP;19756861;3753804;23510665;RECLAMADO;CD_SANTIAGO
DOC-2024-01818;FAC;101327;CL0235;V012;CP90;RETAIL;2024-07-15;2024-10-13;CLP;10192448;1936565;12129013;ACEPTADO;PLANTA_CORONEL
DOC-2024-01850;FAC;101356;CL0245;V011;CP60;RETAIL;2024-07-15;2024-09-13;CLP;11466436;2178623;13645059;ACEPTADO;CD_SANTIAGO
DOC-2024-01898;FAC;101401;CL0321;V010;CP45;RETAIL;2024-07-15;2024-08-29;CLP;34023641;6464492;40488133;ACEPTADO;PLANTA_TALCAHUANO
DOC-2024-01986;FAC;101479;CL0265;V009;CP60;RETAIL;2024-07-15;2024-09-13;CLP;7385197;1403187;8788384;ACEPTADO;PLANTA_CORONEL
DOC-2024-00249;FEX;50249;CL0048;V001;CP90;EXPORTACION;2024-07-17;2024-10-15;USD;23890.1;0;23890.1;ACEPTADO;PLANTA_CALDERA
DOC-2024-00319;FEX;50319;CL0012;V004;CP90;EXPORTACION;2024-07-17;2024-10-15;USD;130425.67;0;130425.67;ACEPTADO;PLANTA_QUELLON
DOC-2024-01432;FAC;100970;CL0146;V005;CP30;FOODSERVICE;2024-07-17;2024-08-16;CLP;2418150;459448;2877598;ACEPTADO;CD_SANTIAGO
DOC-2024-01543;FAC;101071;CL0164;V007;CP45;FOODSERVICE;2024-07-17;2024-08-31;CLP;7951712;1510825;9462537;ACEPTADO;PLANTA_TALCAHUANO
DOC-2024-01589;FAC;101116;CL0158;V007;CP45;FOODSERVICE;2024-07-17;2024-08-31;CLP;1854770;352406;2207176;ACEPTADO;PLANTA_CORONEL
DOC-2024-01843;FAC;101349;CL0299;V011;CP45;RETAIL;2024-07-17;2024-08-31;CLP;8132469;1545169;9677638;ACEPTADO;PLANTA_CORONEL
DOC-2024-00288;FEX;50288;CL0032;V002;CP90;EXPORTACION;2024-07-18;2024-10-16;USD;72775.28;0;72775.28;ACEPTADO;PLANTA_CALDERA
DOC-2024-01175;FAC;100729;CL0185;V007;CP45;FOODSERVICE;2024-07-18;2024-09-01;CLP;8352096;1586898;9938994;ACEPTADO;CD_SANTIAGO
DOC-2024-00175;FEX;50175;CL0012;V004;CP90;EXPORTACION;2024-07-19;2024-10-17;USD;78725.46;0;78725.46;ACEPTADO;PLANTA_QUELLON
DOC-2024-00332;FEX;50332;CL0032;V002;CP60;EXPORTACION;2024-07-19;2024-09-17;USD;46565.12;0;46565.12;ACEPTADO;PLANTA_TALCAHUANO
DOC-2024-00534;FEE;8009;CL0074;V007;CP30;FOODSERVICE;2024-07-19;2024-08-18;CLP;21397635;0;21397635;ACEPTADO;CD_SANTIAGO
DOC-2024-00567;FAC;100174;CL0165;V007;CP60;FOODSERVICE;2024-07-19;2024-09-17;CLP;4988429;947802;5936231;ACEPTADO;CD_SANTIAGO
DOC-2024-00760;FAC;100357;CL0149;V008;CP30;FOODSERVICE;2024-07-19;2024-08-18;CLP;1375495;261344;1636839;ANULADO;PLANTA_CORONEL
DOC-2024-00868;FAC;100457;CL0123;V006;CP45;FOODSERVICE;2024-07-19;2024-09-02;CLP;9524891;1809729;11334620;ACEPTADO;CD_SANTIAGO
DOC-2024-00899;FAC;100484;CL0116;V006;CP60;FOODSERVICE;2024-07-19;2024-09-17;CLP;5604943;1064939;6669882;ACEPTADO;CD_SANTIAGO
DOC-2024-01024;FAC;100596;CL0142;V007;CP45;FOODSERVICE;2024-07-19;2024-09-02;CLP;6717313;1276289;7993602;ACEPTADO;CD_SANTIAGO
DOC-2024-01109;FAC;100671;CL0217;V007;CP30;FOODSERVICE;2024-07-19;2024-08-03;CLP;5213798;990622;6204420;ACEPTADO;PLANTA_TALCAHUANO
DOC-2024-01243;FAC;100794;CL0104;V006;CP30;FOODSERVICE;2024-07-19;2024-08-18;CLP;9537271;1812081;11349352;ACEPTADO;PLANTA_CORONEL
DOC-2024-01761;FAC;101275;CL0270;V012;CP45;RETAIL;2024-07-19;2024-09-02;CLP;4547079;863945;5411024;ANULADO;CD_SANTIAGO
DOC-2024-00468;FAC;100082;CL0151;V006;CP30;FOODSERVICE;2024-07-22;2024-08-21;CLP;1064682;202290;1266972;ACEPTADO;CD_SANTIAGO
DOC-2024-00644;FAC;100247;CL0128;V005;CP45;FOODSERVICE;2024-07-22;2024-10-05;CLP;6609050;1255720;7864770;ACEPTADO;PLANTA_TALCAHUANO
DOC-2024-00752;FAC;100349;CL0198;V006;CP45;FOODSERVICE;2024-07-22;2024-09-05;CLP;1213802;230622;1444424;ACEPTADO;PLANTA_TALCAHUANO
DOC-2024-00845;FAC;100437;CL0078;V008;CP45;FOODSERVICE;2024-07-22;2024-09-05;CLP;10905701;2072083;12977784;ACEPTADO;CD_SANTIAGO
DOC-2024-01032;FEE;8046;CL0217;V007;CP60;FOODSERVICE;2024-07-22;2024-09-20;CLP;5297963;0;5297963;ACEPTADO;CD_SANTIAGO
DOC-2024-00306;FEX;50306;CL0032;V002;CP90;EXPORTACION;2024-07-23;2024-10-21;USD;136684.6;0;136684.6;ACEPTADO;PLANTA_TALCAHUANO
DOC-2024-00615;FAC;100220;CL0083;V007;CP60;FOODSERVICE;2024-07-23;2024-09-21;CLP;7905550;1502054;9407604;ACEPTADO;PLANTA_CORONEL
DOC-2024-00942;FAC;100522;CL0147;V005;CP30;FOODSERVICE;2024-07-23;2024-08-22;CLP;979254;186058;1165312;ACEPTADO;PLANTA_CORONEL
DOC-2024-01265;FAC;100814;CL0189;V008;CP60;FOODSERVICE;2024-07-23;2024-09-21;CLP;2528310;480379;3008689;ACEPTADO;CD_SANTIAGO
DOC-2024-01333;FAC;100878;CL0074;V007;CP45;FOODSERVICE;2024-07-23;2024-09-06;CLP;2745866;521715;3267581;ACEPTADO;PLANTA_TALCAHUANO
DOC-2024-01568;FAC;101095;CL0203;V008;CP30;FOODSERVICE;2024-07-23;2024-08-22;CLP;9487792;1802680;11290472;ACEPTADO;PLANTA_CORONEL
DOC-2024-00133;FEX;50133;CL0032;V002;CP60;EXPORTACION;2024-07-24;2024-09-22;USD;50051.74;0;50051.74;ACEPTADO;PLANTA_CORONEL
DOC-2024-00269;FEX;50269;CL0056;V002;CP60;EXPORTACION;2024-07-24;2024-09-22;USD;11275.75;0;11275.75;ACEPTADO;PLANTA_QUELLON
DOC-2024-00753;FAC;100350;CL0166;V008;CP45;FOODSERVICE;2024-07-24;2024-09-07;CLP;3628710;689455;4318165;ACEPTADO;PLANTA_CORONEL
DOC-2024-01187;FAC;100741;CL0164;V007;CP30;FOODSERVICE;2024-07-24;2024-08-23;CLP;4306679;818269;5124948;ACEPTADO;PLANTA_TALCAHUANO
DOC-2024-01582;FAC;101109;CL0077;V007;CP60;FOODSERVICE;2024-07-24;2024-09-22;CLP;22442344;4264045;26706389;ACEPTADO;PLANTA_TALCAHUANO
DOC-2024-01948;FEE;8120;CL0325;V011;CP30;RETAIL;2024-07-24;2024-08-23;CLP;5421001;0;5421001;ACEPTADO;PLANTA_CORONEL
DOC-2024-00419;FAC;100035;CL0217;V007;CP30;FOODSERVICE;2024-07-25;2024-08-24;CLP;9925303;1885808;11811111;ACEPTADO;PLANTA_TALCAHUANO
DOC-2024-00772;FAC;100367;CL0096;V006;CP45;FOODSERVICE;2024-07-25;2024-09-08;CLP;2778947;528000;3306947;ACEPTADO;CD_SANTIAGO
DOC-2024-01005;FAC;100581;CL0133;V008;CP45;FOODSERVICE;2024-07-25;2024-09-08;CLP;5099629;968930;6068559;ACEPTADO;PLANTA_CORONEL
DOC-2024-01077;FEE;8050;CL0074;V007;CP45;FOODSERVICE;2024-07-25;2024-09-08;CLP;7494215;0;7494215;ACEPTADO;CD_SANTIAGO
DOC-2024-01081;FAC;100648;CL0073;V005;CP60;FOODSERVICE;2024-07-25;2024-09-23;CLP;10972489;2084773;13057262;ACEPTADO;CD_SANTIAGO
DOC-2024-01107;FAC;100669;CL0115;V008;CP30;FOODSERVICE;2024-07-25;2024-08-24;CLP;2063113;391991;2455104;ACEPTADO;PLANTA_CORONEL
DOC-2024-01742;FAC;101257;CL0321;V010;CP30;RETAIL;2024-07-25;2024-09-23;CLP;26248471;4987209;31235680;ACEPTADO;PLANTA_CORONEL
DOC-2024-01852;FAC;101358;CL0279;V010;CP30;RETAIL;2024-07-25;2024-08-24;CLP;47448271;9015171;56463442;ACEPTADO;PLANTA_CORONEL
DOC-2024-00031;FEX;50031;CL0014;V003;CP90;EXPORTACION;2024-07-26;2024-10-24;USD;13328.65;0;13328.65;ACEPTADO;PLANTA_QUELLON
DOC-2024-00058;FEX;50058;CL0032;V002;CP90;EXPORTACION;2024-07-26;2024-10-24;USD;138170.75;0;138170.75;ACEPTADO;PLANTA_QUELLON
DOC-2024-00207;FEX;50207;CL0032;V002;CP120;EXPORTACION;2024-07-26;2024-11-23;USD;107099.66;0;107099.66;ACEPTADO;PLANTA_QUELLON
DOC-2024-00216;FEX;50216;CL0068;V002;CP90;EXPORTACION;2024-07-26;2024-10-09;USD;17241.68;0;17241.68;ACEPTADO;PLANTA_QUELLON
DOC-2024-00712;FAC;100310;CL0083;V007;CP45;FOODSERVICE;2024-07-26;2024-09-09;CLP;4624552;878665;5503217;ACEPTADO;PLANTA_CORONEL
DOC-2024-00982;FAC;100559;CL0091;V007;CP30;FOODSERVICE;2024-07-26;2024-08-25;CLP;2193052;416680;2609732;ACEPTADO;CD_SANTIAGO
DOC-2024-01127;FEE;8057;CL0184;V005;CP60;FOODSERVICE;2024-07-26;2024-09-24;CLP;3830377;0;3830377;ACEPTADO;CD_SANTIAGO
DOC-2024-01392;FAC;100931;CL0168;V005;CP45;FOODSERVICE;2024-07-26;2024-09-09;CLP;2074972;394245;2469217;ACEPTADO;CD_SANTIAGO
DOC-2024-01440;FAC;100976;CL0156;V008;CP30;FOODSERVICE;2024-07-26;2024-08-25;CLP;11956294;2271696;14227990;ACEPTADO;PLANTA_CORONEL
DOC-2024-01461;FAC;100996;CL0196;V006;CP60;FOODSERVICE;2024-07-26;2024-09-24;CLP;2955650;561574;3517224;ACEPTADO;PLANTA_TALCAHUANO
DOC-2024-01538;FAC;101067;CL0156;V008;CP45;FOODSERVICE;2024-07-26;2024-09-09;CLP;7957360;1511898;9469258;ACEPTADO;PLANTA_TALCAHUANO
DOC-2024-01550;FAC;101077;CL0134;V007;CP45;FOODSERVICE;2024-07-26;2024-09-09;CLP;15898823;3020776;18919599;ACEPTADO;PLANTA_TALCAHUANO
DOC-2024-01577;FAC;101104;CL0158;V007;CP45;FOODSERVICE;2024-07-26;2024-09-09;CLP;13469720;2559247;16028967;ACEPTADO;PLANTA_TALCAHUANO
DOC-2024-01751;FAC;101266;CL0297;V009;CP60;RETAIL;2024-07-26;2024-09-24;CLP;6215573;1180959;7396532;ACEPTADO;PLANTA_TALCAHUANO
DOC-2024-01835;FAC;101342;CL0296;V011;CP30;RETAIL;2024-07-26;2024-08-25;CLP;9734020;1849464;11583484;ACEPTADO;PLANTA_CORONEL
DOC-2024-01926;FAC;101427;CL0245;V011;CP60;RETAIL;2024-07-26;2024-09-24;CLP;34614199;6576698;41190897;ACEPTADO;CD_SANTIAGO
DOC-2024-01966;FAC;101461;CL0245;V011;CP60;RETAIL;2024-07-26;2024-09-24;CLP;14503619;2755688;17259307;ACEPTADO;PLANTA_CORONEL
DOC-2024-01990;FAC;101482;CL0327;V010;CP30;RETAIL;2024-07-26;2024-08-25;CLP;10197443;1937514;12134957;ACEPTADO;PLANTA_CORONEL
DOC-2024-00565;FAC;100172;CL0118;V007;CP45;FOODSERVICE;2024-07-29;2024-09-12;CLP;9306088;1768157;11074245;ACEPTADO;PLANTA_TALCAHUANO
DOC-2024-00817;FAC;100411;CL0116;V006;CP60;FOODSERVICE;2024-07-30;2024-11-27;CLP;7026317;1335000;8361317;ACEPTADO;CD_SANTIAGO
DOC-2024-01010;FAC;100586;CL0104;V006;CP60;FOODSERVICE;2024-07-30;2024-09-28;CLP;8365780;1589498;9955278;ACEPTADO;PLANTA_CORONEL
DOC-2024-01160;FAC;100715;CL0107;V005;CP30;FOODSERVICE;2024-07-30;2024-08-29;CLP;8919801;1694762;10614563;ACEPTADO;PLANTA_TALCAHUANO
DOC-2024-01336;FAC;100880;CL0112;V008;CP30;FOODSERVICE;2024-07-30;2024-08-29;CLP;4505473;856040;5361513;ACEPTADO;PLANTA_TALCAHUANO
DOC-2024-01386;FAC;100925;CL0074;V007;CP60;FOODSERVICE;2024-07-30;2024-10-28;CLP;47639566;9051518;56691084;ACEPTADO;PLANTA_TALCAHUANO
DOC-2024-00027;FEX;50027;CL0049;V003;CP90;EXPORTACION;2024-07-31;2024-10-29;USD;331124.89;0;331124.89;ACEPTADO;PLANTA_TALCAHUANO
DOC-2024-00241;FEX;50241;CL0034;V004;CP90;EXPORTACION;2024-07-31;2024-10-29;USD;81007.26;0;81007.26;ACEPTADO;PLANTA_QUELLON
DOC-2024-00674;FAC;100275;CL0074;V007;CP30;FOODSERVICE;2024-07-31;2024-08-30;CLP;36902844;7011540;43914384;ACEPTADO;PLANTA_CORONEL
DOC-2024-01398;FAC;100937;CL0074;V007;CP45;FOODSERVICE;2024-07-31;2024-09-14;CLP;11206648;2129263;13335911;ACEPTADO;PLANTA_TALCAHUANO
DOC-2024-00564;FAC;100171;CL0194;V008;CP60;FOODSERVICE;2024-08-01;2024-09-30;CLP;2076564;394547;2471111;ACEPTADO;PLANTA_TALCAHUANO
DOC-2024-00884;FAC;100471;CL0217;V007;CP30;FOODSERVICE;2024-08-01;2024-08-31;CLP;12945734;2459689;15405423;ACEPTADO;PLANTA_TALCAHUANO
DOC-2024-01113;FAC;100675;CL0074;V007;CP30;FOODSERVICE;2024-08-01;2024-08-31;CLP;29417434;5589312;35006746;ACEPTADO;PLANTA_TALCAHUANO
DOC-2024-00464;FAC;100078;CL0161;V005;CP30;FOODSERVICE;2024-08-02;2024-09-01;CLP;19438839;3693379;23132218;ACEPTADO;PLANTA_TALCAHUANO
DOC-2024-00514;FAC;100125;CL0205;V007;CP60;FOODSERVICE;2024-08-02;2024-10-01;CLP;6671683;1267620;7939303;ACEPTADO;CD_SANTIAGO
DOC-2024-00583;FAC;100190;CL0177;V005;CP00;FOODSERVICE;2024-08-02;2024-08-02;CLP;2423312;460429;2883741;ACEPTADO;PLANTA_CORONEL
DOC-2024-00918;FAC;100500;CL0178;V008;CP60;FOODSERVICE;2024-08-02;2024-10-26;CLP;7180119;1364223;8544342;ACEPTADO;PLANTA_TALCAHUANO
DOC-2024-01007;FAC;100583;CL0124;V006;CP45;FOODSERVICE;2024-08-02;2024-09-16;CLP;6174946;1173240;7348186;ACEPTADO;PLANTA_TALCAHUANO
DOC-2024-01280;FAC;100829;CL0113;V005;CP60;FOODSERVICE;2024-08-02;2024-10-01;CLP;7010549;1332004;8342553;ACEPTADO;CD_SANTIAGO
DOC-2024-01312;FAC;100858;CL0169;V007;CP30;FOODSERVICE;2024-08-02;2024-09-01;CLP;1498325;284682;1783007;ACEPTADO;CD_SANTIAGO
DOC-2024-01360;FAC;100902;CL0192;V006;CP45;FOODSERVICE;2024-08-02;2024-08-27;CLP;4880762;927345;5808107;ACEPTADO;PLANTA_TALCAHUANO
DOC-2024-01591;FAC;101118;CL0109;V007;CP00;FOODSERVICE;2024-08-02;2024-08-02;CLP;4271723;811627;5083350;ACEPTADO;CD_SANTIAGO
DOC-2024-01871;FAC;101376;CL0258;V009;CP90;RETAIL;2024-08-02;2024-10-31;CLP;2593581;492780;3086361;ACEPTADO;PLANTA_CORONEL
DOC-2024-01887;FEE;8113;CL0296;V011;CP45;RETAIL;2024-08-02;2024-09-16;CLP;6619148;0;6619148;ACEPTADO;PLANTA_CORONEL
DOC-2024-00059;FEX;50059;CL0032;V002;CP60;EXPORTACION;2024-08-05;2024-10-04;USD;167059.98;0;167059.98;ACEPTADO;PLANTA_CALDERA
DOC-2024-00314;FEX;50314;CL0032;V002;CP90;EXPORTACION;2024-08-05;2024-11-03;USD;22343.24;0;22343.24;ACEPTADO;PLANTA_QUELLON
DOC-2024-00586;FAC;100193;CL0118;V007;CP60;FOODSERVICE;2024-08-05;2024-10-04;CLP;9141377;1736862;10878239;ACEPTADO;PLANTA_TALCAHUANO
DOC-2024-00672;FAC;100273;CL0075;V007;CP60;FOODSERVICE;2024-08-05;2024-10-04;CLP;4116932;782217;4899149;ACEPTADO;CD_SANTIAGO
DOC-2024-01533;FAC;101062;CL0193;V008;CP30;FOODSERVICE;2024-08-05;2024-09-04;CLP;3993958;758852;4752810;ACEPTADO;PLANTA_TALCAHUANO
DOC-2024-01670;FEE;8093;CL0279;V010;CP30;RETAIL;2024-08-05;2024-09-04;CLP;44276524;0;44276524;ACEPTADO;PLANTA_TALCAHUANO
DOC-2024-01704;FAC;101223;CL0301;V009;CP30;RETAIL;2024-08-05;2024-09-04;CLP;5286189;1004376;6290565;ACEPTADO;PLANTA_CORONEL
DOC-2024-00144;FEX;50144;CL0002;V004;CP90;EXPORTACION;2024-08-06;2024-11-04;USD;164839.15;0;164839.15;ACEPTADO;PLANTA_CORONEL
DOC-2024-00375;FEX;50375;CL0018;V003;CP90;EXPORTACION;2024-08-06;2024-11-04;USD;49113.77;0;49113.77;ACEPTADO;PLANTA_CORONEL
DOC-2024-01079;FAC;100646;CL0154;V005;CP45;FOODSERVICE;2024-08-06;2024-09-20;CLP;1546225;293783;1840008;ACEPTADO;PLANTA_TALCAHUANO
DOC-2024-01258;FAC;100807;CL0135;V005;CP30;FOODSERVICE;2024-08-06;2024-09-05;CLP;5138137;976246;6114383;ACEPTADO;PLANTA_CORONEL
DOC-2024-01380;FAC;100919;CL0132;V005;CP45;FOODSERVICE;2024-08-06;2024-09-20;CLP;9889238;1878955;11768193;ACEPTADO;PLANTA_CORONEL
DOC-2024-01453;FAC;100989;CL0113;V005;CP00;FOODSERVICE;2024-08-06;2024-08-06;CLP;5596417;1063319;6659736;ACEPTADO;PLANTA_CORONEL
DOC-2024-01702;FEE;8098;CL0279;V010;CP45;RETAIL;2024-08-06;2024-09-20;CLP;37502061;0;37502061;ACEPTADO;PLANTA_TALCAHUANO
DOC-2024-00124;FEX;50124;CL0042;V002;CP60;EXPORTACION;2024-08-07;2024-10-21;USD;10463.32;0;10463.32;ACEPTADO;PLANTA_QUELLON
DOC-2024-00148;FEX;50148;CL0044;V004;CP60;EXPORTACION;2024-08-07;2024-10-06;USD;31227.14;0;31227.14;ACEPTADO;PLANTA_TALCAHUANO
DOC-2024-00446;FAC;100061;CL0218;V008;CP30;FOODSERVICE;2024-08-07;2024-09-06;CLP;7668176;1456953;9125129;ACEPTADO;PLANTA_TALCAHUANO
DOC-2024-00756;FAC;100353;CL0145;V008;CP45;FOODSERVICE;2024-08-07;2024-09-21;CLP;2056395;390715;2447110;ACEPTADO;CD_SANTIAGO
DOC-2024-00870;FAC;100459;CL0127;V008;CP45;FOODSERVICE;2024-08-07;2024-09-21;CLP;6568608;1248036;7816644;ACEPTADO;PLANTA_TALCAHUANO
DOC-2024-00948;FAC;100527;CL0115;V008;CP45;FOODSERVICE;2024-08-07;2024-09-21;CLP;3955577;751560;4707137;ACEPTADO;PLANTA_CORONEL
DOC-2024-01604;FEE;8091;CL0073;V005;CP60;FOODSERVICE;2024-08-07;2024-10-06;CLP;7191939;0;7191939;ACEPTADO;CD_SANTIAGO
DOC-2024-00016;FEX;50016;CL0012;V004;CP60;EXPORTACION;2024-08-08;2024-10-07;USD;57569.06;0;57569.06;ACEPTADO;PLANTA_CORONEL
DOC-2024-00637;FAC;100241;CL0101;V008;CP45;FOODSERVICE;2024-08-08;2024-09-22;CLP;3457324;656892;4114216;ACEPTADO;PLANTA_TALCAHUANO
DOC-2024-00906;FEE;8034;CL0177;V005;CP45;FOODSERVICE;2024-08-08;2024-09-22;CLP;10654680;0;10654680;ACEPTADO;PLANTA_CORONEL
DOC-2024-01190;FAC;100744;CL0137;V007;CP30;FOODSERVICE;2024-08-08;2024-09-07;CLP;1244770;236506;1481276;ACEPTADO;CD_SANTIAGO
DOC-2024-01365;FAC;100907;CL0151;V006;CP45;FOODSERVICE;2024-08-08;2024-09-22;CLP;3280895;623370;3904265;ACEPTADO;CD_SANTIAGO
DOC-2024-01692;FAC;101212;CL0241;V011;CP45;RETAIL;2024-08-08;2024-09-22;CLP;2460639;467521;2928160;ACEPTADO;PLANTA_TALCAHUANO
DOC-2024-00165;FEX;50165;CL0060;V003;CP90;EXPORTACION;2024-08-09;2024-11-07;CLP;27238367;0;27238367;ACEPTADO;PLANTA_CALDERA
DOC-2024-00232;FEX;50232;CL0034;V004;CP120;EXPORTACION;2024-08-09;2024-12-07;USD;26799.48;0;26799.48;ACEPTADO;PLANTA_CORONEL
DOC-2024-00248;FEX;50248;CL0034;V004;CP60;EXPORTACION;2024-08-09;2024-10-08;USD;24858.69;0;24858.69;ACEPTADO;PLANTA_CORONEL
DOC-2024-00254;FEX;50254;CL0019;V001;CP90;EXPORTACION;2024-08-09;2024-11-07;CLP;22043325;0;22043325;ACEPTADO;PLANTA_CORONEL
DOC-2024-00328;FEX;50328;CL0056;V002;CP90;EXPORTACION;2024-08-09;2024-11-22;USD;58070.46;0;58070.46;ACEPTADO;PLANTA_QUELLON
DOC-2024-00386;FAC;100003;CL0116;V006;CP00;FOODSERVICE;2024-08-09;2024-08-09;CLP;5377170;1021662;6398832;ACEPTADO;PLANTA_TALCAHUANO
DOC-2024-00450;FAC;100065;CL0144;V006;CP30;FOODSERVICE;2024-08-09;2024-09-08;CLP;4864944;924339;5789283;ACEPTADO;CD_SANTIAGO
DOC-2024-00664;FAC;100265;CL0161;V005;CP60;FOODSERVICE;2024-08-09;2024-10-08;CLP;1408508;267617;1676125;ACEPTADO;PLANTA_TALCAHUANO
DOC-2024-00713;FAC;100311;CL0118;V007;CP45;FOODSERVICE;2024-08-09;2024-09-23;CLP;6174917;1173234;7348151;ACEPTADO;PLANTA_TALCAHUANO
DOC-2024-00738;FAC;100336;CL0089;V008;CP30;FOODSERVICE;2024-08-09;2024-09-08;CLP;4624269;878611;5502880;ACEPTADO;PLANTA_TALCAHUANO
DOC-2024-00805;FAC;100399;CL0149;V008;CP30;FOODSERVICE;2024-08-09;2024-09-08;CLP;1761874;334756;2096630;ACEPTADO;PLANTA_TALCAHUANO
DOC-2024-00950;FAC;100529;CL0209;V006;CP30;FOODSERVICE;2024-08-09;2024-09-08;CLP;8443318;1604230;10047548;ACEPTADO;PLANTA_CORONEL
DOC-2024-00960;FAC;100539;CL0116;V006;CP30;FOODSERVICE;2024-08-09;2024-09-08;CLP;3123903;593542;3717445;ACEPTADO;CD_SANTIAGO
DOC-2024-01014;FEE;8042;CL0130;V008;CP45;FOODSERVICE;2024-08-09;2024-09-23;CLP;2677131;0;2677131;ACEPTADO;PLANTA_TALCAHUANO
DOC-2024-01317;FAC;100863;CL0113;V005;CP60;FOODSERVICE;2024-08-09;2024-10-08;CLP;3034467;576549;3611016;ACEPTADO;PLANTA_TALCAHUANO
DOC-2024-01590;FAC;101117;CL0158;V007;CP30;FOODSERVICE;2024-08-09;2024-09-08;CLP;9670006;1837301;11507307;ACEPTADO;CD_SANTIAGO
DOC-2024-01641;FAC;101166;CL0089;V008;CP30;FOODSERVICE;2024-08-09;2024-09-08;CLP;3898284;740674;4638958;ACEPTADO;CD_SANTIAGO
DOC-2024-01838;FAC;101345;CL0229;V010;CP45;RETAIL;2024-08-09;2024-09-23;CLP;9678576;1838929;11517505;ACEPTADO;PLANTA_TALCAHUANO
DOC-2024-01840;FAC;101346;CL0252;V012;CP90;RETAIL;2024-08-09;2024-11-07;CLP;11970941;2274479;14245420;ACEPTADO;CD_SANTIAGO
DOC-2024-01931;FAC;101431;CL0245;V011;CP60;RETAIL;2024-08-09;2024-10-08;CLP;23407930;4447507;27855437;ACEPTADO;PLANTA_TALCAHUANO
DOC-2024-00292;FEX;50292;CL0032;V002;CP90;EXPORTACION;2024-08-12;2024-11-10;USD;55057.75;0;55057.75;ACEPTADO;PLANTA_QUELLON
DOC-2024-00477;FAC;100091;CL0184;V005;CP60;FOODSERVICE;2024-08-12;2024-10-11;CLP;13532367;2571150;16103517;ACEPTADO;PLANTA_TALCAHUANO
DOC-2024-00641;FEE;8014;CL0151;V006;CP30;FOODSERVICE;2024-08-12;2024-09-11;CLP;1725251;0;1725251;ACEPTADO;CD_SANTIAGO
DOC-2024-00986;FAC;100563;CL0214;V008;CP30;FOODSERVICE;2024-08-12;2024-09-11;CLP;3647853;693092;4340945;ACEPTADO;PLANTA_TALCAHUANO
DOC-2024-01422;FAC;100960;CL0170;V005;CP30;FOODSERVICE;2024-08-12;2024-09-11;CLP;1994621;378978;2373599;RECLAMADO;CD_SANTIAGO
DOC-2024-00113;FEX;50113;CL0032;V002;CP60;EXPORTACION;2024-08-13;2024-10-12;USD;95729.75;0;95729.75;ACEPTADO;PLANTA_TALCAHUANO
DOC-2024-00251;FEX;50251;CL0008;V002;CP90;EXPORTACION;2024-08-13;2024-11-11;USD;151933.66;0;151933.66;ACEPTADO;PLANTA_CALDERA
DOC-2024-00675;FAC;100276;CL0077;V007;CP30;FOODSERVICE;2024-08-13;2024-09-12;CLP;3833602;728384;4561986;ACEPTADO;PLANTA_TALCAHUANO
DOC-2024-01718;FAC;101235;CL0276;V012;CP45;RETAIL;2024-08-13;2024-09-27;CLP;22058321;4191081;26249402;ACEPTADO;CD_SANTIAGO
DOC-2024-00233;FEX;50233;CL0018;V003;CP60;EXPORTACION;2024-08-14;2024-10-13;USD;36809.27;0;36809.27;ACEPTADO;PLANTA_TALCAHUANO
DOC-2024-00295;FEX;50295;CL0029;V001;CP60;EXPORTACION;2024-08-14;2024-10-13;USD;72866.82;0;72866.82;ACEPTADO;PLANTA_CORONEL
DOC-2024-01048;FAC;100619;CL0164;V007;CP60;FOODSERVICE;2024-08-14;2024-10-13;CLP;5095287;968105;6063392;ACEPTADO;PLANTA_CORONEL
DOC-2024-01193;FAC;100747;CL0155;V005;CP45;FOODSERVICE;2024-08-14;2024-09-28;CLP;14390528;2734200;17124728;ACEPTADO;CD_SANTIAGO
DOC-2024-01545;FAC;101072;CL0091;V007;CP60;FOODSERVICE;2024-08-14;2024-10-13;CLP;6348863;1206284;7555147;ACEPTADO;PLANTA_CORONEL
DOC-2024-01719;FAC;101236;CL0321;V010;CP45;RETAIL;2024-08-14;2024-09-28;CLP;26433634;5022390;31456024;RECLAMADO;PLANTA_CORONEL
DOC-2024-01972;FAC;101466;CL0279;V010;CP30;RETAIL;2024-08-14;2024-09-13;CLP;33967713;6453865;40421578;ACEPTADO;PLANTA_TALCAHUANO
DOC-2024-00053;FEX;50053;CL0072;V004;CP60;EXPORTACION;2024-08-16;2024-10-15;USD;128883.98;0;128883.98;ACEPTADO;PLANTA_CALDERA
DOC-2024-00489;FAC;100102;CL0150;V006;CP45;FOODSERVICE;2024-08-16;2024-09-30;CLP;5554551;1055365;6609916;ACEPTADO;PLANTA_TALCAHUANO
DOC-2024-00631;FAC;100235;CL0118;V007;CP45;FOODSERVICE;2024-08-16;2024-09-30;CLP;15069286;2863164;17932450;ACEPTADO;CD_SANTIAGO
DOC-2024-01029;FAC;100601;CL0076;V005;CP30;FOODSERVICE;2024-08-16;2024-09-15;CLP;5570458;1058387;6628845;ACEPTADO;PLANTA_TALCAHUANO
DOC-2024-01134;FAC;100693;CL0104;V006;CP45;FOODSERVICE;2024-08-16;2024-09-30;CLP;4806883;913308;5720191;ACEPTADO;CD_SANTIAGO
DOC-2024-01304;FAC;100851;CL0142;V007;CP45;FOODSERVICE;2024-08-16;2024-09-30;CLP;11701459;2223277;13924736;ACEPTADO;PLANTA_CORONEL
DOC-2024-01350;FAC;100893;CL0134;V007;CP00;FOODSERVICE;2024-08-16;2024-08-16;CLP;4962959;942962;5905921;ACEPTADO;CD_SANTIAGO
DOC-2024-01355;FAC;100897;CL0216;V005;CP45;FOODSERVICE;2024-08-16;2024-09-30;CLP;3071495;583584;3655079;ACEPTADO;PLANTA_CORONEL
DOC-2024-01418;FAC;100956;CL0176;V008;CP45;FOODSERVICE;2024-08-16;2024-09-30;CLP;540124;102624;642748;ACEPTADO;PLANTA_TALCAHUANO
DOC-2024-01707;FAC;101226;CL0301;V009;CP30;RETAIL;2024-08-16;2024-09-15;CLP;56935255;10817698;67752953;ACEPTADO;PLANTA_CORONEL
DOC-2024-01857;FAC;101363;CL0279;V010;CP45;RETAIL;2024-08-16;2024-09-30;CLP;21266828;4040697;25307525;ANULADO;PLANTA_TALCAHUANO
DOC-2024-01974;FAC;101468;CL0265;V009;CP45;RETAIL;2024-08-16;2024-09-30;CLP;10405692;1977081;12382773;ACEPTADO;PLANTA_TALCAHUANO
DOC-2024-01993;FAC;101485;CL0316;V012;CP60;RETAIL;2024-08-16;2024-10-15;CLP;16249269;3087361;19336630;ACEPTADO;PLANTA_TALCAHUANO
DOC-2024-00296;FEX;50296;CL0032;V002;CP90;EXPORTACION;2024-08-19;2024-10-28;USD;149156.4;0;149156.4;ACEPTADO;PLANTA_CORONEL
DOC-2024-00484;FAC;100098;CL0188;V005;CP60;FOODSERVICE;2024-08-19;2024-10-18;CLP;4029766;765656;4795422;ACEPTADO;PLANTA_CORONEL
DOC-2024-00654;FAC;100255;CL0172;V005;CP30;FOODSERVICE;2024-08-19;2024-09-18;CLP;3121780;593138;3714918;ACEPTADO;PLANTA_TALCAHUANO
DOC-2024-00666;FAC;100267;CL0193;V008;CP30;FOODSERVICE;2024-08-19;2024-09-18;CLP;855709;162585;1018294;ACEPTADO;PLANTA_CORONEL
DOC-2024-01570;FAC;101097;CL0192;V006;CP60;FOODSERVICE;2024-08-19;2024-10-18;CLP;3616584;687151;4303735;ACEPTADO;PLANTA_CORONEL
DOC-2024-01672;FAC;101196;CL0260;V012;CP60;RETAIL;2024-08-19;2024-09-28;CLP;4584731;871099;5455830;ACEPTADO;PLANTA_TALCAHUANO
DOC-2024-01883;FAC;101388;CL0309;V012;CP45;RETAIL;2024-08-19;2024-10-03;CLP;13525443;2569834;16095277;ACEPTADO;CD_SANTIAGO
DOC-2024-00020;FEX;50020;CL0012;V004;CP60;EXPORTACION;2024-08-20;2024-10-19;USD;81455.16;0;81455.16;ACEPTADO;PLANTA_CALDERA
DOC-2024-00418;FAC;100034;CL0193;V008;CP30;FOODSERVICE;2024-08-20;2024-09-19;CLP;7576097;1439458;9015555;ACEPTADO;PLANTA_CORONEL
DOC-2024-00461;FAC;100075;CL0098;V005;CP45;FOODSERVICE;2024-08-20;2024-10-04;CLP;1771467;336579;2108046;ACEPTADO;PLANTA_CORONEL
DOC-2024-00550;FAC;100158;CL0164;V007;CP45;FOODSERVICE;2024-08-20;2024-10-04;CLP;4131945;785070;4917015;ACEPTADO;PLANTA_TALCAHUANO
DOC-2024-00749;FAC;100346;CL0129;V007;CP45;FOODSERVICE;2024-08-20;2024-10-04;CLP;7927885;1506298;9434183;ACEPTADO;CD_SANTIAGO
DOC-2024-00855;FAC;100446;CL0143;V006;CP45;FOODSERVICE;2024-08-20;2024-09-04;CLP;22394586;4254971;26649557;ACEPTADO;CD_SANTIAGO
DOC-2024-01044;FAC;100615;CL0087;V007;CP45;FOODSERVICE;2024-08-20;2024-10-04;CLP;16100478;3059091;19159569;ACEPTADO;PLANTA_CORONEL
DOC-2024-01273;FAC;100822;CL0219;V007;CP00;FOODSERVICE;2024-08-20;2024-08-20;CLP;3600506;684096;4284602;ACEPTADO;PLANTA_CORONEL
DOC-2024-01513;FAC;101043;CL0074;V007;CP30;FOODSERVICE;2024-08-20;2024-09-19;CLP;19600130;3724025;23324155;ACEPTADO;PLANTA_TALCAHUANO
DOC-2024-01548;FAC;101075;CL0088;V005;CP00;FOODSERVICE;2024-08-20;2024-08-20;CLP;3169678;602239;3771917;ACEPTADO;CD_SANTIAGO
DOC-2024-01644;FAC;101169;CL0222;V005;CP30;FOODSERVICE;2024-08-20;2024-09-19;CLP;4097325;778492;4875817;ACEPTADO;PLANTA_TALCAHUANO
DOC-2024-01662;FAC;101187;CL0193;V008;CP30;FOODSERVICE;2024-08-20;2024-09-19;CLP;20358983;3868207;24227190;ACEPTADO;PLANTA_TALCAHUANO
DOC-2024-01668;FAC;101193;CL0326;V009;CP45;RETAIL;2024-08-20;2024-10-04;CLP;15383182;2922805;18305987;ACEPTADO;CD_SANTIAGO
DOC-2024-00528;FAC;100137;CL0161;V005;CP30;FOODSERVICE;2024-08-21;2024-09-20;CLP;16456635;3126761;19583396;ACEPTADO;PLANTA_CORONEL
DOC-2024-01050;FAC;100621;CL0201;V005;CP60;FOODSERVICE;2024-08-21;2024-10-20;CLP;3447834;655088;4102922;ACEPTADO;CD_SANTIAGO
DOC-2024-01129;FAC;100689;CL0126;V005;CP30;FOODSERVICE;2024-08-21;2024-09-20;CLP;14190161;2696131;16886292;ACEPTADO;CD_SANTIAGO
DOC-2024-01278;FAC;100827;CL0140;V007;CP45;FOODSERVICE;2024-08-21;2024-10-05;CLP;9000661;1710126;10710787;ACEPTADO;CD_SANTIAGO
DOC-2024-01711;FAC;101228;CL0301;V009;CP45;RETAIL;2024-08-21;2024-10-20;CLP;7031022;1335894;8366916;ACEPTADO;CD_SANTIAGO
DOC-2024-01806;FAC;101315;CL0278;V010;CP30;RETAIL;2024-08-21;2024-09-20;CLP;4379995;832199;5212194;ACEPTADO;CD_SANTIAGO
DOC-2024-00352;FEX;50352;CL0032;V002;CP90;EXPORTACION;2024-08-22;2024-11-20;USD;167348.96;0;167348.96;ACEPTADO;PLANTA_QUELLON
DOC-2024-01281;FAC;100830;CL0193;V008;CP30;FOODSERVICE;2024-08-22;2024-09-21;CLP;7357209;1397870;8755079;ACEPTADO;CD_SANTIAGO
DOC-2024-01335;FEE;8073;CL0081;V005;CP45;FOODSERVICE;2024-08-22;2024-10-06;CLP;11843946;0;11843946;ACEPTADO;PLANTA_CORONEL
DOC-2024-01460;FAC;100995;CL0217;V007;CP30;FOODSERVICE;2024-08-22;2024-09-21;CLP;4637586;881141;5518727;ACEPTADO;PLANTA_CORONEL
DOC-2024-00028;FEX;50028;CL0032;V002;CP120;EXPORTACION;2024-08-23;2024-12-21;USD;77659.27;0;77659.27;ACEPTADO;PLANTA_TALCAHUANO
DOC-2024-00103;FEX;50103;CL0010;V003;CP60;EXPORTACION;2024-08-23;2024-10-22;USD;58969.51;0;58969.51;ACEPTADO;PLANTA_TALCAHUANO
DOC-2024-00106;FEX;50106;CL0014;V003;CP90;EXPORTACION;2024-08-23;2024-11-21;USD;32015.07;0;32015.07;ACEPTADO;PLANTA_TALCAHUANO
DOC-2024-00214;FEX;50214;CL0027;V002;CP60;EXPORTACION;2024-08-23;2024-10-22;USD;72570.95;0;72570.95;ACEPTADO;PLANTA_CALDERA
DOC-2024-00299;FEX;50299;CL0012;V004;CP120;EXPORTACION;2024-08-23;2024-12-21;USD;17873.0;0;17873.0;ACEPTADO;PLANTA_QUELLON
DOC-2024-00368;FEX;50368;CL0012;V004;CP60;EXPORTACION;2024-08-23;2024-10-22;USD;33599.71;0;33599.71;ACEPTADO;PLANTA_CALDERA
DOC-2024-00387;FAC;100004;CL0206;V006;CP45;FOODSERVICE;2024-08-23;2024-10-07;CLP;5484135;1041986;6526121;ACEPTADO;PLANTA_CORONEL
DOC-2024-00447;FAC;100062;CL0161;V005;CP45;FOODSERVICE;2024-08-23;2024-10-07;CLP;2313334;439533;2752867;ACEPTADO;PLANTA_CORONEL
DOC-2024-00524;FAC;100133;CL0089;V008;CP30;FOODSERVICE;2024-08-23;2024-09-22;CLP;3292070;625493;3917563;ACEPTADO;PLANTA_CORONEL
DOC-2024-00557;FAC;100164;CL0114;V008;CP60;FOODSERVICE;2024-08-23;2024-10-22;CLP;5298572;1006729;6305301;ACEPTADO;PLANTA_CORONEL
DOC-2024-00699;FAC;100298;CL0118;V007;CP30;FOODSERVICE;2024-08-23;2024-09-22;CLP;37023335;7034434;44057769;ACEPTADO;PLANTA_TALCAHUANO
DOC-2024-00733;FAC;100331;CL0088;V005;CP30;FOODSERVICE;2024-08-23;2024-09-22;CLP;4322654;821304;5143958;ACEPTADO;PLANTA_TALCAHUANO
DOC-2024-01268;FAC;100817;CL0089;V008;CP45;FOODSERVICE;2024-08-23;2024-10-07;CLP;2022186;384215;2406401;ACEPTADO;PLANTA_CORONEL
DOC-2024-01382;FAC;100921;CL0100;V008;CP45;FOODSERVICE;2024-08-23;2024-10-07;CLP;7557107;1435850;8992957;ACEPTADO;PLANTA_CORONEL
DOC-2024-01808;FAC;101317;CL0325;V011;CP30;RETAIL;2024-08-23;2024-09-22;CLP;15119495;2872704;17992199;ACEPTADO;CD_SANTIAGO
DOC-2024-01904;FAC;101406;CL0321;V010;CP60;RETAIL;2024-08-23;2024-10-22;CLP;13833907;2628442;16462349;ACEPTADO;CD_SANTIAGO
DOC-2024-01923;FAC;101424;CL0323;V011;CP30;RETAIL;2024-08-23;2024-09-22;CLP;17825564;3386857;21212421;ACEPTADO;CD_SANTIAGO
DOC-2024-00044;FEX;50044;CL0070;V002;CP60;EXPORTACION;2024-08-26;2024-10-25;USD;8141.95;0;8141.95;ACEPTADO;PLANTA_TALCAHUANO
DOC-2024-00783;FAC;100377;CL0082;V006;CP45;FOODSERVICE;2024-08-26;2024-10-10;CLP;1951958;370872;2322830;ACEPTADO;PLANTA_TALCAHUANO
DOC-2024-00874;FAC;100462;CL0192;V006;CP45;FOODSERVICE;2024-08-26;2024-09-25;CLP;5780962;1098383;6879345;ACEPTADO;CD_SANTIAGO
DOC-2024-00904;FAC;100488;CL0113;V005;CP30;FOODSERVICE;2024-08-26;2024-09-25;CLP;1963957;373152;2337109;ACEPTADO;CD_SANTIAGO
DOC-2024-01085;FAC;100652;CL0131;V006;CP60;FOODSERVICE;2024-08-26;2024-10-25;CLP;5777595;1097743;6875338;ACEPTADO;PLANTA_CORONEL
DOC-2024-01752;FAC;101267;CL0280;V010;CP30;RETAIL;2024-08-26;2024-09-25;CLP;18509781;3516858;22026639;ACEPTADO;PLANTA_CORONEL
DOC-2024-01209;FAC;100763;CL0114;V008;CP30;FOODSERVICE;2024-08-27;2024-09-26;CLP;2569692;488241;3057933;ACEPTADO;CD_SANTIAGO
DOC-2024-01414;FEE;8079;CL0211;V006;CP30;FOODSERVICE;2024-08-27;2024-09-26;CLP;3209130;0;3209130;ACEPTADO;PLANTA_TALCAHUANO
DOC-2024-00078;FEX;50078;CL0032;V002;CP60;EXPORTACION;2024-08-28;2024-10-27;USD;230758.54;0;230758.54;ACEPTADO;PLANTA_CORONEL
DOC-2024-00891;FAC;100476;CL0192;V006;CP00;FOODSERVICE;2024-08-28;2024-08-28;CLP;8834166;1678492;10512658;ACEPTADO;CD_SANTIAGO
DOC-2024-00962;FAC;100541;CL0074;V007;CP45;FOODSERVICE;2024-08-28;2024-10-12;CLP;13277099;2522649;15799748;ACEPTADO;PLANTA_CORONEL
DOC-2024-01017;FAC;100592;CL0171;V008;CP45;FOODSERVICE;2024-08-28;2024-10-12;CLP;7523896;1429540;8953436;ACEPTADO;CD_SANTIAGO
DOC-2024-01203;FAC;100757;CL0156;V008;CP30;FOODSERVICE;2024-08-28;2024-09-27;CLP;16941372;3218861;20160233;ACEPTADO;CD_SANTIAGO
DOC-2024-01297;FAC;100844;CL0172;V005;CP30;FOODSERVICE;2024-08-28;2024-09-27;CLP;4026257;764989;4791246;ACEPTADO;PLANTA_TALCAHUANO
DOC-2024-01352;FEE;8075;CL0116;V006;CP30;FOODSERVICE;2024-08-28;2024-09-27;CLP;15702341;0;15702341;ACEPTADO;PLANTA_CORONEL
DOC-2024-01824;FAC;101332;CL0291;V011;CP45;RETAIL;2024-08-28;2024-10-12;CLP;6932663;1317206;8249869;ACEPTADO;PLANTA_TALCAHUANO
DOC-2024-00066;FEX;50066;CL0032;V002;CP60;EXPORTACION;2024-08-29;2024-10-28;USD;155835.95;0;155835.95;RECLAMADO;PLANTA_CORONEL
DOC-2024-00153;FEX;50153;CL0002;V004;CP90;EXPORTACION;2024-08-29;2024-11-27;USD;19985.65;0;19985.65;ACEPTADO;PLANTA_CALDERA
DOC-2024-00665;FAC;100266;CL0205;V007;CP30;FOODSERVICE;2024-08-29;2024-09-28;CLP;4419102;839629;5258731;ACEPTADO;CD_SANTIAGO
DOC-2024-00667;FAC;100268;CL0123;V006;CP45;FOODSERVICE;2024-08-29;2024-10-13;CLP;12574849;2389221;14964070;ACEPTADO;CD_SANTIAGO
DOC-2024-01758;FAC;101272;CL0279;V010;CP45;RETAIL;2024-08-29;2024-10-13;CLP;46100613;8759116;54859729;ACEPTADO;PLANTA_CORONEL
DOC-2024-01947;FAC;101445;CL0279;V010;CP45;RETAIL;2024-08-29;2024-10-13;CLP;24675942;4688429;29364371;ACEPTADO;CD_SANTIAGO
DOC-2024-00085;FEX;50085;CL0018;V003;CP60;EXPORTACION;2024-08-30;2024-10-29;USD;14940.75;0;14940.75;ACEPTADO;PLANTA_QUELLON
DOC-2024-00374;FEX;50374;CL0072;V004;CP90;EXPORTACION;2024-08-30;2024-12-28;USD;193098.66;0;193098.66;ACEPTADO;PLANTA_CORONEL
DOC-2024-00646;FEE;8016;CL0120;V007;CP60;FOODSERVICE;2024-08-30;2024-10-29;CLP;9690216;0;9690216;RECLAMADO;PLANTA_TALCAHUANO
DOC-2024-01145;FAC;100702;CL0142;V007;CP45;FOODSERVICE;2024-08-30;2024-10-14;CLP;9018307;1713478;10731785;ACEPTADO;CD_SANTIAGO
DOC-2024-01207;FAC;100761;CL0119;V007;CP60;FOODSERVICE;2024-08-30;2024-10-29;CLP;3190125;606124;3796249;ACEPTADO;CD_SANTIAGO
DOC-2024-01267;FAC;100816;CL0217;V007;CP30;FOODSERVICE;2024-08-30;2024-09-29;CLP;5385448;1023235;6408683;ACEPTADO;CD_SANTIAGO
DOC-2024-01339;FAC;100883;CL0144;V006;CP30;FOODSERVICE;2024-08-30;2024-09-29;CLP;2552930;485057;3037987;ACEPTADO;PLANTA_CORONEL
DOC-2024-01467;FAC;101002;CL0166;V008;CP30;FOODSERVICE;2024-08-30;2024-09-09;CLP;5770868;1096465;6867333;ACEPTADO;CD_SANTIAGO
DOC-2024-01855;FAC;101361;CL0314;V009;CP30;RETAIL;2024-08-30;2024-09-07;CLP;10222106;1942200;12164306;ACEPTADO;PLANTA_TALCAHUANO
DOC-2024-01896;FAC;101399;CL0279;V010;CP45;RETAIL;2024-08-30;2024-10-14;CLP;43564484;8277252;51841736;ACEPTADO;CD_SANTIAGO
DOC-2024-01919;FAC;101420;CL0282;V009;CP45;RETAIL;2024-08-30;2024-10-14;CLP;8794037;1670867;10464904;ACEPTADO;PLANTA_CORONEL
DOC-2024-02001;FAC;101491;CL0245;V011;CP60;RETAIL;2024-08-30;2024-10-29;CLP;47752534;9072981;56825515;ACEPTADO;PLANTA_CORONEL
DOC-2024-00802;FAC;100396;CL0115;V008;CP45;FOODSERVICE;2024-09-02;2024-10-17;CLP;1712753;325423;2038176;ACEPTADO;PLANTA_CORONEL
DOC-2024-01111;FAC;100673;CL0123;V006;CP30;FOODSERVICE;2024-09-02;2024-10-02;CLP;3457820;656986;4114806;ACEPTADO;PLANTA_TALCAHUANO
DOC-2024-01579;FAC;101106;CL0181;V008;CP45;FOODSERVICE;2024-09-03;2024-10-18;CLP;2595463;493138;3088601;ACEPTADO;CD_SANTIAGO
DOC-2024-00546;FAC;100154;CL0189;V008;CP30;FOODSERVICE;2024-09-04;2024-10-04;CLP;8025436;1524833;9550269;ACEPTADO;PLANTA_CORONEL
DOC-2024-00648;FAC;100249;CL0109;V007;CP45;FOODSERVICE;2024-09-04;2024-10-19;CLP;2194527;416960;2611487;ACEPTADO;CD_SANTIAGO
DOC-2024-00873;FEE;8029;CL0184;V005;CP45;FOODSERVICE;2024-09-04;2024-10-19;CLP;4613274;0;4613274;ACEPTADO;PLANTA_TALCAHUANO
DOC-2024-00894;FAC;100479;CL0114;V008;CP60;FOODSERVICE;2024-09-04;2024-11-03;CLP;7267578;1380840;8648418;RECLAMADO;PLANTA_CORONEL
DOC-2024-01240;FEE;8066;CL0213;V006;CP45;FOODSERVICE;2024-09-04;2024-10-19;CLP;2433947;0;2433947;ACEPTADO;CD_SANTIAGO
DOC-2024-01291;FAC;100839;CL0133;V008;CP60;FOODSERVICE;2024-09-04;2024-11-03;CLP;1201807;228343;1430150;ACEPTADO;PLANTA_TALCAHUANO
DOC-2024-01396;FAC;100935;CL0161;V005;CP45;FOODSERVICE;2024-09-04;2024-10-19;CLP;9485079;1802165;11287244;ACEPTADO;PLANTA_CORONEL
DOC-2024-01514;FAC;101044;CL0150;V006;CP45;FOODSERVICE;2024-09-04;2024-10-19;CLP;1926728;366078;2292806;ACEPTADO;PLANTA_CORONEL
DOC-2024-00325;FEX;50325;CL0032;V002;CP60;EXPORTACION;2024-09-05;2024-11-04;CLP;63049283;0;63049283;ACEPTADO;PLANTA_TALCAHUANO
DOC-2024-00593;FAC;100199;CL0146;V005;CP30;FOODSERVICE;2024-09-05;2024-10-05;CLP;2540322;482661;3022983;ACEPTADO;CD_SANTIAGO
DOC-2024-00721;FAC;100319;CL0101;V008;CP60;FOODSERVICE;2024-09-05;2024-11-04;CLP;24653168;4684102;29337270;ACEPTADO;PLANTA_CORONEL
DOC-2024-00788;FAC;100382;CL0129;V007;CP30;FOODSERVICE;2024-09-05;2024-09-18;CLP;5840265;1109650;6949915;ANULADO;CD_SANTIAGO
DOC-2024-01849;FAC;101355;CL0287;V012;CP30;RETAIL;2024-09-05;2024-10-05;CLP;29379229;5582054;34961283;ACEPTADO;PLANTA_TALCAHUANO
DOC-2024-00222;FEX;50222;CL0049;V003;CP60;EXPORTACION;2024-09-06;2024-11-05;USD;15196.32;0;15196.32;ACEPTADO;PLANTA_CORONEL
DOC-2024-00229;FEX;50229;CL0058;V004;CP60;EXPORTACION;2024-09-06;2024-11-05;USD;32416.06;0;32416.06;ACEPTADO;PLANTA_QUELLON
DOC-2024-00318;FEX;50318;CL0012;V004;CP90;EXPORTACION;2024-09-06;2024-12-05;CLP;43179183;0;43179183;ACEPTADO;PLANTA_TALCAHUANO
DOC-2024-00438;FAC;100054;CL0074;V007;CP60;FOODSERVICE;2024-09-06;2024-11-05;CLP;3524918;669734;4194652;ACEPTADO;CD_SANTIAGO
DOC-2024-00458;FAC;100072;CL0138;V005;CP45;FOODSERVICE;2024-09-06;2024-10-21;CLP;12909610;2452826;15362436;ACEPTADO;CD_SANTIAGO
DOC-2024-00566;FAC;100173;CL0190;V006;CP60;FOODSERVICE;2024-09-06;2024-11-05;CLP;5634666;1070587;6705253;ACEPTADO;CD_SANTIAGO
DOC-2024-00577;FAC;100184;CL0127;V008;CP60;FOODSERVICE;2024-09-06;2024-11-05;CLP;12259224;2329253;14588477;ACEPTADO;CD_SANTIAGO
DOC-2024-00643;FAC;100246;CL0139;V008;CP45;FOODSERVICE;2024-09-06;2024-10-21;CLP;9036046;1716849;10752895;ACEPTADO;PLANTA_TALCAHUANO
DOC-2024-00991;FAC;100567;CL0136;V008;CP30;FOODSERVICE;2024-09-06;2024-10-06;CLP;6806132;1293165;8099297;ACEPTADO;PLANTA_CORONEL
DOC-2024-01075;FEE;8049;CL0153;V008;CP45;FOODSERVICE;2024-09-06;2024-10-21;CLP;4858871;0;4858871;ACEPTADO;CD_SANTIAGO
DOC-2024-01091;FAC;100655;CL0206;V006;CP30;FOODSERVICE;2024-09-06;2024-10-06;CLP;8201058;1558201;9759259;ACEPTADO;PLANTA_CORONEL
DOC-2024-01123;FAC;100684;CL0155;V005;CP45;FOODSERVICE;2024-09-06;2024-10-21;CLP;6749494;1282404;8031898;ACEPTADO;PLANTA_TALCAHUANO
DOC-2024-01253;FAC;100803;CL0135;V005;CP30;FOODSERVICE;2024-09-06;2024-10-06;CLP;1929878;366677;2296555;ACEPTADO;CD_SANTIAGO
DOC-2024-01276;FAC;100825;CL0132;V005;CP45;FOODSERVICE;2024-09-06;2024-10-21;CLP;2543066;483183;3026249;ACEPTADO;PLANTA_TALCAHUANO
DOC-2024-01494;FAC;101025;CL0208;V007;CP45;FOODSERVICE;2024-09-06;2024-10-21;CLP;5012700;952413;5965113;ACEPTADO;PLANTA_CORONEL
DOC-2024-01596;FAC;101123;CL0184;V005;CP45;FOODSERVICE;2024-09-06;2024-10-21;CLP;3323931;631547;3955478;ACEPTADO;CD_SANTIAGO
DOC-2024-01691;FAC;101211;CL0288;V010;CP45;RETAIL;2024-09-06;2024-10-21;CLP;6742916;1281154;8024070;ACEPTADO;PLANTA_CORONEL
DOC-2024-01777;FAC;101289;CL0245;V011;CP60;RETAIL;2024-09-06;2024-11-05;CLP;13196824;2507397;15704221;ACEPTADO;PLANTA_CORONEL
DOC-2024-01836;FAC;101343;CL0279;V010;CP45;RETAIL;2024-09-06;2024-10-21;CLP;40908157;7772550;48680707;ANULADO;CD_SANTIAGO
DOC-2024-01930;FAC;101430;CL0279;V010;CP45;RETAIL;2024-09-06;2024-10-21;CLP;26599494;5053904;31653398;ACEPTADO;CD_SANTIAGO
DOC-2024-00293;FEX;50293;CL0012;V004;CP60;EXPORTACION;2024-09-09;2024-11-08;USD;21488.07;0;21488.07;ACEPTADO;PLANTA_CALDERA
DOC-2024-01040;FAC;100611;CL0192;V006;CP30;FOODSERVICE;2024-09-09;2024-10-09;CLP;9730320;1848761;11579081;ACEPTADO;PLANTA_CORONEL
DOC-2024-01219;FAC;100773;CL0197;V008;CP45;FOODSERVICE;2024-09-09;2024-10-24;CLP;4977376;945701;5923077;ACEPTADO;CD_SANTIAGO
DOC-2024-01229;FAC;100781;CL0074;V007;CP30;FOODSERVICE;2024-09-09;2024-11-03;CLP;10314498;1959755;12274253;ACEPTADO;CD_SANTIAGO
DOC-2024-01561;FAC;101088;CL0084;V005;CP30;FOODSERVICE;2024-09-09;2024-10-09;CLP;1604361;304829;1909190;ACEPTADO;CD_SANTIAGO
DOC-2024-00109;FEX;50109;CL0014;V003;CP90;EXPORTACION;2024-09-10;2025-02-07;USD;20288.22;0;20288.22;ACEPTADO;PLANTA_QUELLON
DOC-2024-00253;FEX;50253;CL0032;V002;CP90;EXPORTACION;2024-09-10;2024-12-09;USD;43341.96;0;43341.96;ACEPTADO;PLANTA_QUELLON
DOC-2024-00707;FAC;100305;CL0195;V006;CP45;FOODSERVICE;2024-09-10;2024-10-25;CLP;2641591;501902;3143493;ACEPTADO;CD_SANTIAGO
DOC-2024-00731;FAC;100329;CL0171;V008;CP30;FOODSERVICE;2024-09-10;2024-10-10;CLP;8943802;1699322;10643124;ACEPTADO;CD_SANTIAGO
DOC-2024-01574;FAC;101101;CL0186;V007;CP30;FOODSERVICE;2024-09-10;2024-10-10;CLP;29355812;5577604;34933416;ACEPTADO;PLANTA_CORONEL
DOC-2024-01614;FAC;101140;CL0113;V005;CP30;FOODSERVICE;2024-09-10;2024-10-10;CLP;1006369;191210;1197579;ACEPTADO;PLANTA_TALCAHUANO
DOC-2024-01784;FAC;101296;CL0276;V012;CP30;RETAIL;2024-09-10;2024-10-10;CLP;9948505;1890216;11838721;ACEPTADO;CD_SANTIAGO
DOC-2024-01859;FAC;101365;CL0241;V011;CP60;RETAIL;2024-09-10;2024-11-09;CLP;8706202;1654178;10360380;ACEPTADO;PLANTA_TALCAHUANO
DOC-2024-01918;FEE;8116;CL0245;V011;CP45;RETAIL;2024-09-10;2024-10-25;CLP;23303027;0;23303027;ACEPTADO;PLANTA_CORONEL
DOC-2024-00380;FEX;50380;CL0032;V002;CP90;EXPORTACION;2024-09-11;2024-12-10;USD;232564.73;0;232564.73;ACEPTADO;PLANTA_TALCAHUANO
DOC-2024-00456;FAC;100070;CL0183;V005;CP45;FOODSERVICE;2024-09-11;2024-10-26;CLP;10623631;2018490;12642121;ACEPTADO;PLANTA_TALCAHUANO
DOC-2024-00751;FAC;100348;CL0166;V008;CP45;FOODSERVICE;2024-09-11;2024-10-26;CLP;2844505;540456;3384961;ACEPTADO;CD_SANTIAGO
DOC-2024-01489;FAC;101021;CL0114;V008;CP60;FOODSERVICE;2024-09-11;2024-11-10;CLP;968111;183941;1152052;ACEPTADO;PLANTA_CORONEL
DOC-2024-01585;FAC;101112;CL0118;V007;CP30;FOODSERVICE;2024-09-11;2024-10-11;CLP;3398178;645654;4043832;ACEPTADO;PLANTA_TALCAHUANO
DOC-2024-01788;FEE;8106;CL0266;V012;CP60;RETAIL;2024-09-11;2024-11-10;CLP;3431078;0;3431078;ACEPTADO;PLANTA_CORONEL
DOC-2024-00285;FEX;50285;CL0032;V002;CP90;EXPORTACION;2024-09-12;2024-12-11;USD;120228.01;0;120228.01;ACEPTADO;PLANTA_TALCAHUANO
DOC-2024-00367;FEX;50367;CL0032;V002;CP120;EXPORTACION;2024-09-12;2025-01-10;USD;179582.57;0;179582.57;ACEPTADO;PLANTA_QUELLON
DOC-2024-00531;FAC;100140;CL0183;V005;CP30;FOODSERVICE;2024-09-12;2024-10-12;CLP;11707886;2224498;13932384;ACEPTADO;CD_SANTIAGO
DOC-2024-01018;FAC;100593;CL0104;V006;CP30;FOODSERVICE;2024-09-12;2024-10-27;CLP;11224667;2132687;13357354;ACEPTADO;PLANTA_TALCAHUANO
DOC-2024-01130;FAC;100690;CL0162;V007;CP60;FOODSERVICE;2024-09-12;2024-11-11;CLP;4072420;773760;4846180;ACEPTADO;PLANTA_CORONEL
DOC-2024-01232;FAC;100784;CL0217;V007;CP30;FOODSERVICE;2024-09-12;2024-10-12;CLP;53444157;10154390;63598547;ACEPTADO;CD_SANTIAGO
DOC-2024-01540;FEE;8089;CL0201;V005;CP00;FOODSERVICE;2024-09-12;2024-09-12;CLP;1025086;0;1025086;ACEPTADO;CD_SANTIAGO
DOC-2024-00055;FEX;50055;CL0032;V002;CP90;EXPORTACION;2024-09-13;2024-12-12;USD;158208.34;0;158208.34;ACEPTADO;PLANTA_QUELLON
DOC-2024-00143;FEX;50143;CL0072;V004;CP60;EXPORTACION;2024-09-13;2024-11-12;USD;28801.02;0;28801.02;ACEPTADO;PLANTA_TALCAHUANO
DOC-2024-00188;FEX;50188;CL0032;V002;CP120;EXPORTACION;2024-09-13;2025-01-11;USD;146460.01;0;146460.01;ACEPTADO;PLANTA_CORONEL
DOC-2024-00252;FEX;50252;CL0022;V001;CP120;EXPORTACION;2024-09-13;2025-01-11;USD;30983.38;0;30983.38;ACEPTADO;PLANTA_QUELLON
DOC-2024-00408;FAC;100024;CL0074;V007;CP60;FOODSERVICE;2024-09-13;2024-11-12;CLP;8705205;1653989;10359194;ACEPTADO;PLANTA_CORONEL
DOC-2024-00544;FAC;100152;CL0222;V005;CP60;FOODSERVICE;2024-09-13;2024-11-12;CLP;17955533;3411551;21367084;ACEPTADO;CD_SANTIAGO
DOC-2024-00562;FAC;100169;CL0089;V008;CP45;FOODSERVICE;2024-09-13;2024-10-28;CLP;13350250;2536548;15886798;ACEPTADO;PLANTA_TALCAHUANO
DOC-2024-00669;FAC;100270;CL0127;V008;CP45;FOODSERVICE;2024-09-13;2024-10-28;CLP;6033418;1146349;7179767;ACEPTADO;CD_SANTIAGO
DOC-2024-00789;FAC;100383;CL0181;V008;CP45;FOODSERVICE;2024-09-13;2024-10-28;CLP;4349291;826365;5175656;ACEPTADO;CD_SANTIAGO
DOC-2024-00876;FAC;100463;CL0125;V008;CP30;FOODSERVICE;2024-09-13;2024-10-13;CLP;5427064;1031142;6458206;ACEPTADO;CD_SANTIAGO
DOC-2024-00882;FAC;100469;CL0120;V007;CP45;FOODSERVICE;2024-09-13;2024-10-28;CLP;5775531;1097351;6872882;ACEPTADO;PLANTA_CORONEL
DOC-2024-00980;FAC;100557;CL0159;V006;CP30;FOODSERVICE;2024-09-13;2024-10-13;CLP;1408835;267679;1676514;ACEPTADO;PLANTA_CORONEL
DOC-2024-01004;FAC;100580;CL0146;V005;CP30;FOODSERVICE;2024-09-13;2024-10-13;CLP;2545339;483614;3028953;ACEPTADO;PLANTA_TALCAHUANO
DOC-2024-01138;FAC;100696;CL0143;V006;CP60;FOODSERVICE;2024-09-13;2024-11-12;CLP;4403124;836594;5239718;RECLAMADO;PLANTA_TALCAHUANO
DOC-2024-01270;FAC;100819;CL0116;V006;CP45;FOODSERVICE;2024-09-13;2024-10-28;CLP;6605530;1255051;7860581;ACEPTADO;PLANTA_CORONEL
DOC-2024-01584;FAC;101111;CL0161;V005;CP30;FOODSERVICE;2024-09-13;2024-10-13;CLP;14617626;2777349;17394975;ACEPTADO;CD_SANTIAGO
DOC-2024-01628;FAC;101153;CL0217;V007;CP45;FOODSERVICE;2024-09-13;2024-10-28;CLP;12940786;2458749;15399535;ACEPTADO;PLANTA_TALCAHUANO
DOC-2024-00045;FEX;50045;CL0016;V002;CP90;EXPORTACION;2024-09-16;2024-12-15;USD;25156.28;0;25156.28;ACEPTADO;PLANTA_QUELLON
DOC-2024-00169;FEX;50169;CL0032;V002;CP90;EXPORTACION;2024-09-16;2024-12-15;USD;146166.36;0;146166.36;RECLAMADO;PLANTA_QUELLON
DOC-2024-00297;FEX;50297;CL0034;V004;CP90;EXPORTACION;2024-09-16;2024-12-15;USD;43887.91;0;43887.91;ACEPTADO;PLANTA_TALCAHUANO
DOC-2024-00012;FEX;50012;CL0049;V003;CP90;EXPORTACION;2024-09-17;2024-12-16;USD;112977.75;0;112977.75;ACEPTADO;PLANTA_QUELLON
DOC-2024-00427;FAC;100043;CL0078;V008;CP60;FOODSERVICE;2024-09-17;2024-11-16;CLP;7485397;1422225;8907622;ACEPTADO;PLANTA_CORONEL
DOC-2024-00506;FAC;100117;CL0085;V008;CP60;FOODSERVICE;2024-09-17;2024-11-16;CLP;2632837;500239;3133076;ACEPTADO;PLANTA_TALCAHUANO
DOC-2024-00715;FAC;100313;CL0149;V008;CP30;FOODSERVICE;2024-09-17;2024-10-17;CLP;3826779;727088;4553867;ACEPTADO;PLANTA_CORONEL
DOC-2024-00779;FAC;100373;CL0132;V005;CP45;FOODSERVICE;2024-09-17;2024-11-01;CLP;4280850;813362;5094212;ACEPTADO;PLANTA_TALCAHUANO
DOC-2024-00820;FAC;100414;CL0216;V005;CP30;FOODSERVICE;2024-09-17;2024-10-17;CLP;8156620;1549758;9706378;ACEPTADO;PLANTA_CORONEL
DOC-2024-00825;FAC;100419;CL0074;V007;CP30;FOODSERVICE;2024-09-17;2024-10-17;CLP;8128895;1544490;9673385;ACEPTADO;PLANTA_TALCAHUANO
DOC-2024-01002;FAC;100578;CL0073;V005;CP30;FOODSERVICE;2024-09-17;2024-10-17;CLP;13267960;2520912;15788872;ACEPTADO;PLANTA_CORONEL
DOC-2024-01013;FAC;100589;CL0143;V006;CP30;FOODSERVICE;2024-09-17;2024-10-17;CLP;3777063;717642;4494705;ACEPTADO;PLANTA_CORONEL
DOC-2024-01063;FAC;100634;CL0125;V008;CP30;FOODSERVICE;2024-09-17;2024-10-17;CLP;1927333;366193;2293526;ACEPTADO;PLANTA_CORONEL
DOC-2024-01144;FAC;100701;CL0161;V005;CP45;FOODSERVICE;2024-09-17;2024-11-01;CLP;3405479;647041;4052520;ACEPTADO;CD_SANTIAGO
DOC-2024-01161;FAC;100716;CL0128;V005;CP60;FOODSERVICE;2024-09-17;2024-11-16;CLP;6370690;1210431;7581121;ACEPTADO;CD_SANTIAGO
DOC-2024-01176;FAC;100730;CL0174;V008;CP60;FOODSERVICE;2024-09-17;2024-11-16;CLP;1465831;278508;1744339;ACEPTADO;PLANTA_CORONEL
DOC-2024-01214;FAC;100768;CL0074;V007;CP30;FOODSERVICE;2024-09-17;2024-10-17;CLP;3989795;758061;4747856;ACEPTADO;PLANTA_CORONEL
DOC-2024-01222;FEE;8064;CL0117;V008;CP30;FOODSERVICE;2024-09-17;2024-10-17;CLP;5006806;0;5006806;ACEPTADO;CD_SANTIAGO
DOC-2024-01275;FAC;100824;CL0120;V007;CP60;FOODSERVICE;2024-09-17;2024-11-16;CLP;5865795;1114501;6980296;ACEPTADO;CD_SANTIAGO
DOC-2024-01430;FAC;100968;CL0123;V006;CP45;FOODSERVICE;2024-09-17;2024-11-01;CLP;6190287;1176155;7366442;ACEPTADO;CD_SANTIAGO
DOC-2024-01523;FAC;101052;CL0183;V005;CP30;FOODSERVICE;2024-09-17;2024-12-16;CLP;4356204;827679;5183883;ACEPTADO;PLANTA_CORONEL
DOC-2024-01654;FAC;101179;CL0170;V005;CP60;FOODSERVICE;2024-09-17;2024-11-16;CLP;2796213;531280;3327493;ACEPTADO;PLANTA_TALCAHUANO
DOC-2024-01706;FAC;101225;CL0278;V010;CP30;RETAIL;2024-09-17;2024-10-17;CLP;11896795;2260391;14157186;ACEPTADO;PLANTA_CORONEL
DOC-2024-01726;FAC;101242;CL0256;V009;CP60;RETAIL;2024-09-17;2024-11-16;CLP;5694225;1081903;6776128;ACEPTADO;CD_SANTIAGO
DOC-2024-01738;FAC;101254;CL0340;V011;CP60;RETAIL;2024-09-17;2024-11-16;CLP;4140291;786655;4926946;ACEPTADO;PLANTA_CORONEL
DOC-2024-00170;FEX;50170;CL0031;V001;CP90;EXPORTACION;2024-09-20;2024-12-19;USD;40844.45;0;40844.45;ACEPTADO;PLANTA_CORONEL
DOC-2024-00218;FEX;50218;CL0062;V004;CP90;EXPORTACION;2024-09-20;2024-12-19;USD;15268.85;0;15268.85;ANULADO;PLANTA_CALDERA
DOC-2024-00220;FEX;50220;CL0012;V004;CP120;EXPORTACION;2024-09-20;2025-01-18;USD;118326.64;0;118326.64;ACEPTADO;PLANTA_CORONEL
DOC-2024-00237;FEX;50237;CL0012;V004;CP90;EXPORTACION;2024-09-20;2024-12-19;USD;34268.01;0;34268.01;ACEPTADO;PLANTA_TALCAHUANO
DOC-2024-00405;FAC;100021;CL0138;V005;CP45;FOODSERVICE;2024-09-20;2024-11-04;CLP;13028893;2475490;15504383;ACEPTADO;PLANTA_TALCAHUANO
DOC-2024-00416;FAC;100032;CL0178;V008;CP30;FOODSERVICE;2024-09-20;2024-10-20;CLP;9657934;1835007;11492941;ACEPTADO;CD_SANTIAGO
DOC-2024-00487;FAC;100101;CL0079;V008;CP30;FOODSERVICE;2024-09-20;2024-10-20;CLP;2835949;538830;3374779;ACEPTADO;CD_SANTIAGO
DOC-2024-00624;FAC;100229;CL0153;V008;CP30;FOODSERVICE;2024-09-20;2024-10-20;CLP;6737518;1280128;8017646;ACEPTADO;PLANTA_CORONEL
DOC-2024-00695;FAC;100294;CL0160;V006;CP45;FOODSERVICE;2024-09-20;2024-11-04;CLP;15985546;3037254;19022800;ACEPTADO;CD_SANTIAGO
DOC-2024-00889;FAC;100474;CL0077;V007;CP00;FOODSERVICE;2024-09-20;2024-09-20;CLP;8100730;1539139;9639869;ACEPTADO;PLANTA_TALCAHUANO
DOC-2024-01101;FAC;100663;CL0129;V007;CP30;FOODSERVICE;2024-09-20;2024-10-20;CLP;4632920;880255;5513175;ACEPTADO;PLANTA_TALCAHUANO
DOC-2024-01208;FAC;100762;CL0108;V005;CP30;FOODSERVICE;2024-09-20;2024-10-20;CLP;2216120;421063;2637183;ACEPTADO;CD_SANTIAGO
DOC-2024-01329;FAC;100874;CL0177;V005;CP60;FOODSERVICE;2024-09-20;2024-11-19;CLP;2723030;517376;3240406;ACEPTADO;PLANTA_CORONEL
DOC-2024-01844;FAC;101350;CL0279;V010;CP45;RETAIL;2024-09-20;2024-11-04;CLP;35761892;6794759;42556651;ACEPTADO;PLANTA_CORONEL
DOC-2024-01858;FAC;101364;CL0304;V009;CP45;RETAIL;2024-09-20;2024-11-04;CLP;34064690;6472291;40536981;ACEPTADO;CD_SANTIAGO
DOC-2024-01903;FAC;101405;CL0279;V010;CP60;RETAIL;2024-09-20;2024-11-19;CLP;90280160;17153230;107433390;ACEPTADO;PLANTA_TALCAHUANO
DOC-2024-01994;FAC;101486;CL0226;V009;CP60;RETAIL;2024-09-20;2024-11-19;CLP;6831787;1298040;8129827;ACEPTADO;PLANTA_CORONEL
DOC-2024-00219;FEX;50219;CL0012;V004;CP60;EXPORTACION;2024-09-23;2024-11-22;CLP;107352627;0;107352627;ACEPTADO;PLANTA_TALCAHUANO
DOC-2024-00345;FEX;50345;CL0018;V003;CP90;EXPORTACION;2024-09-23;2024-12-22;USD;15226.79;0;15226.79;ACEPTADO;PLANTA_CALDERA
DOC-2024-00737;FAC;100335;CL0076;V005;CP30;FOODSERVICE;2024-09-23;2024-10-23;CLP;8105643;1540072;9645715;ACEPTADO;PLANTA_CORONEL
DOC-2024-00008;FEX;50008;CL0032;V002;CP90;EXPORTACION;2024-09-24;2025-02-21;USD;157740.82;0;157740.82;ACEPTADO;PLANTA_CORONEL
DOC-2024-00034;FEX;50034;CL0012;V004;CP90;EXPORTACION;2024-09-24;2024-12-23;USD;222333.61;0;222333.61;ACEPTADO;PLANTA_QUELLON
DOC-2024-00042;FEX;50042;CL0051;V001;CP120;EXPORTACION;2024-09-24;2025-01-22;USD;20548.98;0;20548.98;ACEPTADO;PLANTA_QUELLON
DOC-2024-00217;FEX;50217;CL0056;V002;CP60;EXPORTACION;2024-09-24;2024-11-23;USD;32444.11;0;32444.11;ACEPTADO;PLANTA_TALCAHUANO
DOC-2024-00499;FAC;100110;CL0176;V008;CP60;FOODSERVICE;2024-09-24;2024-11-23;CLP;3708182;704555;4412737;ACEPTADO;PLANTA_CORONEL
DOC-2024-00508;FAC;100119;CL0157;V007;CP45;FOODSERVICE;2024-09-24;2024-11-08;CLP;1595733;303189;1898922;ACEPTADO;PLANTA_CORONEL
DOC-2024-00600;FAC;100205;CL0217;V007;CP30;FOODSERVICE;2024-09-24;2024-10-24;CLP;2764496;525254;3289750;RECLAMADO;PLANTA_CORONEL
DOC-2024-01198;FAC;100752;CL0174;V008;CP30;FOODSERVICE;2024-09-24;2024-10-24;CLP;2951722;560827;3512549;ACEPTADO;PLANTA_CORONEL
DOC-2024-01292;FAC;100840;CL0115;V008;CP30;FOODSERVICE;2024-09-24;2024-10-24;CLP;2707086;514346;3221432;ACEPTADO;PLANTA_TALCAHUANO
DOC-2024-01553;FAC;101080;CL0159;V006;CP30;FOODSERVICE;2024-09-24;2024-10-24;CLP;2401132;456215;2857347;ACEPTADO;CD_SANTIAGO
DOC-2024-00476;FAC;100090;CL0161;V005;CP45;FOODSERVICE;2024-09-25;2024-12-09;CLP;11069958;2103292;13173250;ACEPTADO;PLANTA_CORONEL
DOC-2024-00584;FAC;100191;CL0088;V005;CP45;FOODSERVICE;2024-09-25;2024-11-09;CLP;1773782;337019;2110801;ACEPTADO;PLANTA_TALCAHUANO
DOC-2024-01354;FAC;100896;CL0211;V006;CP45;FOODSERVICE;2024-09-25;2024-11-09;CLP;2268825;431077;2699902;ACEPTADO;PLANTA_CORONEL
DOC-2024-01791;FAC;101300;CL0321;V010;CP30;RETAIL;2024-09-25;2024-10-25;CLP;19405795;3687101;23092896;ACEPTADO;PLANTA_TALCAHUANO
DOC-2024-01847;FAC;101353;CL0331;V011;CP30;RETAIL;2024-09-25;2024-10-25;CLP;9140609;1736716;10877325;ACEPTADO;PLANTA_TALCAHUANO
DOC-2024-00086;FEX;50086;CL0032;V002;CP120;EXPORTACION;2024-09-26;2025-01-24;CLP;18602677;0;18602677;ACEPTADO;PLANTA_CALDERA
DOC-2024-01097;FEE;8054;CL0220;V007;CP00;FOODSERVICE;2024-09-26;2024-09-26;CLP;3342366;0;3342366;ACEPTADO;CD_SANTIAGO
DOC-2024-01150;FAC;100707;CL0120;V007;CP45;FOODSERVICE;2024-09-26;2024-11-10;CLP;7301959;1387372;8689331;ACEPTADO;PLANTA_CORONEL
DOC-2024-01809;FAC;101318;CL0267;V011;CP60;RETAIL;2024-09-26;2024-11-25;CLP;7448860;1415283;8864143;ACEPTADO;PLANTA_CORONEL
DOC-2024-00339;FEX;50339;CL0048;V001;CP90;EXPORTACION;2024-09-27;2024-12-26;USD;195458.18;0;195458.18;ACEPTADO;PLANTA_QUELLON
DOC-2024-00376;FEX;50376;CL0063;V003;CP90;EXPORTACION;2024-09-27;2024-12-26;CLP;110642285;0;110642285;ACEPTADO;PLANTA_QUELLON
DOC-2024-00377;FEX;50377;CL0040;V001;CP60;EXPORTACION;2024-09-27;2024-11-26;USD;54191.77;0;54191.77;ACEPTADO;PLANTA_TALCAHUANO
DOC-2024-00561;FAC;100168;CL0176;V008;CP45;FOODSERVICE;2024-09-27;2024-11-11;CLP;3808773;723667;4532440;ACEPTADO;PLANTA_CORONEL
DOC-2024-00617;FAC;100222;CL0084;V005;CP30;FOODSERVICE;2024-09-27;2024-10-27;CLP;2065325;392412;2457737;ACEPTADO;PLANTA_CORONEL
DOC-2024-00630;FEE;8013;CL0073;V005;CP30;FOODSERVICE;2024-09-27;2024-10-27;CLP;2693509;0;2693509;ACEPTADO;CD_SANTIAGO
DOC-2024-00866;FAC;100455;CL0214;V008;CP30;FOODSERVICE;2024-09-27;2024-10-27;CLP;17774706;3377194;21151900;ACEPTADO;PLANTA_CORONEL
DOC-2024-00924;FAC;100506;CL0196;V006;CP45;FOODSERVICE;2024-09-27;2024-11-11;CLP;4979620;946128;5925748;ACEPTADO;PLANTA_CORONEL
DOC-2024-00998;FAC;100574;CL0193;V008;CP45;FOODSERVICE;2024-09-27;2024-11-11;CLP;5548902;1054291;6603193;ACEPTADO;PLANTA_CORONEL
DOC-2024-01012;FAC;100588;CL0097;V007;CP30;FOODSERVICE;2024-09-27;2024-10-27;CLP;2306122;438163;2744285;ACEPTADO;PLANTA_CORONEL
DOC-2024-01037;FAC;100608;CL0116;V006;CP45;FOODSERVICE;2024-09-27;2024-11-11;CLP;8723001;1657370;10380371;ACEPTADO;PLANTA_TALCAHUANO
DOC-2024-01128;FAC;100688;CL0123;V006;CP00;FOODSERVICE;2024-09-27;2024-09-27;CLP;23078980;4385006;27463986;ACEPTADO;PLANTA_TALCAHUANO
DOC-2024-01347;FAC;100891;CL0118;V007;CP30;FOODSERVICE;2024-09-27;2024-10-27;CLP;24832450;4718166;29550616;ACEPTADO;PLANTA_TALCAHUANO
DOC-2024-01388;FAC;100927;CL0101;V008;CP45;FOODSERVICE;2024-09-27;2024-11-11;CLP;5517252;1048278;6565530;ACEPTADO;CD_SANTIAGO
DOC-2024-01425;FAC;100963;CL0128;V005;CP45;FOODSERVICE;2024-09-27;2024-11-11;CLP;4429888;841679;5271567;ACEPTADO;PLANTA_CORONEL
DOC-2024-01495;FAC;101026;CL0104;V006;CP45;FOODSERVICE;2024-09-27;2024-11-11;CLP;8636526;1640940;10277466;ACEPTADO;PLANTA_CORONEL
DOC-2024-01549;FAC;101076;CL0087;V007;CP45;FOODSERVICE;2024-09-27;2024-11-11;CLP;1834373;348531;2182904;ACEPTADO;PLANTA_CORONEL
DOC-2024-01605;FAC;101131;CL0141;V006;CP30;FOODSERVICE;2024-09-27;2024-10-27;CLP;5533701;1051403;6585104;ACEPTADO;PLANTA_CORONEL
DOC-2024-01678;FAC;101202;CL0279;V010;CP60;RETAIL;2024-09-27;2024-11-26;CLP;27056036;5140647;32196683;ACEPTADO;CD_SANTIAGO
DOC-2024-01828;FAC;101336;CL0245;V011;CP60;RETAIL;2024-09-27;2024-11-26;CLP;43500405;8265077;51765482;ACEPTADO;PLANTA_TALCAHUANO
DOC-2024-01886;FAC;101391;CL0279;V010;CP60;RETAIL;2024-09-27;2024-11-26;CLP;29185254;5545198;34730452;ACEPTADO;PLANTA_CORONEL
DOC-2024-00166;FEX;50166;CL0046;V001;CP60;EXPORTACION;2024-09-30;2024-11-29;CLP;43172393;0;43172393;ACEPTADO;PLANTA_TALCAHUANO
DOC-2024-00257;FEX;50257;CL0072;V004;CP90;EXPORTACION;2024-09-30;2024-12-29;USD;21655.21;0;21655.21;ACEPTADO;PLANTA_TALCAHUANO
DOC-2024-00289;FEX;50289;CL0012;V004;CP60;EXPORTACION;2024-09-30;2024-11-29;USD;33712.91;0;33712.91;ACEPTADO;PLANTA_TALCAHUANO
DOC-2024-00335;FEX;50335;CL0069;V001;CP60;EXPORTACION;2024-09-30;2024-11-29;USD;52349.81;0;52349.81;ACEPTADO;PLANTA_TALCAHUANO
DOC-2024-00391;FAC;100007;CL0107;V005;CP30;FOODSERVICE;2024-09-30;2024-10-30;CLP;6883241;1307816;8191057;ACEPTADO;CD_SANTIAGO
DOC-2024-01452;FAC;100988;CL0175;V008;CP60;FOODSERVICE;2024-09-30;2024-11-29;CLP;4658110;885041;5543151;ACEPTADO;PLANTA_CORONEL
DOC-2024-01710;FEE;8100;CL0266;V012;CP60;RETAIL;2024-09-30;2024-11-29;CLP;24734010;0;24734010;ACEPTADO;PLANTA_CORONEL
DOC-2024-00755;FAC;100352;CL0125;V008;CP30;FOODSERVICE;2024-10-01;2024-10-31;CLP;1815291;344905;2160196;ACEPTADO;CD_SANTIAGO
DOC-2024-01361;FAC;100903;CL0180;V006;CP45;FOODSERVICE;2024-10-01;2024-11-15;CLP;2070949;393480;2464429;ACEPTADO;PLANTA_CORONEL
DOC-2024-00201;FEX;50201;CL0032;V002;CP120;EXPORTACION;2024-10-02;2025-01-30;CLP;75234747;0;75234747;ACEPTADO;PLANTA_TALCAHUANO
DOC-2024-00775;FEE;8023;CL0074;V007;CP00;FOODSERVICE;2024-10-02;2024-10-02;CLP;13794446;0;13794446;ACEPTADO;PLANTA_CORONEL
DOC-2024-00017;FEX;50017;CL0032;V002;CP90;EXPORTACION;2024-10-03;2025-01-01;USD;82314.18;0;82314.18;ACEPTADO;PLANTA_CORONEL
DOC-2024-00022;FEX;50022;CL0012;V004;CP90;EXPORTACION;2024-10-03;2025-01-01;USD;224878.53;0;224878.53;ACEPTADO;PLANTA_TALCAHUANO
DOC-2024-00152;FEX;50152;CL0012;V004;CP120;EXPORTACION;2024-10-03;2025-01-31;USD;42870.99;0;42870.99;ACEPTADO;PLANTA_CALDERA
DOC-2024-00244;FEX;50244;CL0032;V002;CP120;EXPORTACION;2024-10-03;2025-01-31;USD;195934.32;0;195934.32;ACEPTADO;PLANTA_TALCAHUANO
DOC-2024-00784;FAC;100378;CL0206;V006;CP60;FOODSERVICE;2024-10-03;2024-12-02;CLP;3705114;703972;4409086;ACEPTADO;PLANTA_CORONEL
DOC-2024-01115;FAC;100677;CL0144;V006;CP45;FOODSERVICE;2024-10-03;2024-11-17;CLP;6941090;1318807;8259897;ACEPTADO;PLANTA_CORONEL
DOC-2024-01507;FAC;101037;CL0184;V005;CP45;FOODSERVICE;2024-10-03;2024-11-17;CLP;6647932;1263107;7911039;ACEPTADO;CD_SANTIAGO
DOC-2024-00029;FEX;50029;CL0062;V004;CP60;EXPORTACION;2024-10-04;2024-12-03;CLP;20550399;0;20550399;ACEPTADO;PLANTA_QUELLON
DOC-2024-00035;FEX;50035;CL0049;V003;CP60;EXPORTACION;2024-10-04;2024-12-03;USD;50536.69;0;50536.69;ACEPTADO;PLANTA_CALDERA
DOC-2024-00092;FEX;50092;CL0032;V002;CP60;EXPORTACION;2024-10-04;2024-12-03;USD;116042.26;0;116042.26;ACEPTADO;PLANTA_CORONEL
DOC-2024-00114;FEX;50114;CL0056;V002;CP60;EXPORTACION;2024-10-04;2024-12-03;USD;13853.16;0;13853.16;ACEPTADO;PLANTA_CORONEL
DOC-2024-00300;FEX;50300;CL0012;V004;CP60;EXPORTACION;2024-10-04;2025-01-02;USD;144848.32;0;144848.32;ACEPTADO;PLANTA_QUELLON
DOC-2024-00411;FAC;100027;CL0123;V006;CP45;FOODSERVICE;2024-10-04;2024-11-18;CLP;3005316;571010;3576326;ACEPTADO;CD_SANTIAGO
DOC-2024-00576;FAC;100183;CL0097;V007;CP00;FOODSERVICE;2024-10-04;2024-10-04;CLP;11268881;2141087;13409968;ACEPTADO;PLANTA_TALCAHUANO
DOC-2024-00587;FEE;8011;CL0184;V005;CP30;FOODSERVICE;2024-10-04;2024-11-03;CLP;2068997;0;2068997;ACEPTADO;PLANTA_TALCAHUANO
DOC-2024-00708;FAC;100306;CL0144;V006;CP45;FOODSERVICE;2024-10-04;2024-11-18;CLP;7685844;1460310;9146154;ACEPTADO;PLANTA_TALCAHUANO
DOC-2024-00718;FAC;100316;CL0131;V006;CP00;FOODSERVICE;2024-10-04;2024-10-04;CLP;2888677;548849;3437526;ACEPTADO;PLANTA_TALCAHUANO
DOC-2024-00990;FAC;100566;CL0217;V007;CP30;FOODSERVICE;2024-10-04;2024-11-03;CLP;4815645;914973;5730618;ACEPTADO;CD_SANTIAGO
DOC-2024-01052;FAC;100623;CL0120;V007;CP30;FOODSERVICE;2024-10-04;2024-11-03;CLP;5953686;1131200;7084886;ACEPTADO;CD_SANTIAGO
DOC-2024-01248;FAC;100799;CL0108;V005;CP00;FOODSERVICE;2024-10-04;2024-10-04;CLP;1570334;298363;1868697;ACEPTADO;CD_SANTIAGO
DOC-2024-01353;FAC;100895;CL0109;V007;CP30;FOODSERVICE;2024-10-04;2024-11-03;CLP;3415971;649034;4065005;ACEPTADO;PLANTA_CORONEL
DOC-2024-01634;FAC;101159;CL0214;V008;CP30;FOODSERVICE;2024-10-04;2024-11-03;CLP;4246466;806829;5053295;ACEPTADO;CD_SANTIAGO
DOC-2024-01757;FEE;8103;CL0258;V009;CP90;RETAIL;2024-10-04;2025-01-02;CLP;6340857;0;6340857;ACEPTADO;CD_SANTIAGO
DOC-2024-01771;FAC;101283;CL0240;V010;CP45;RETAIL;2024-10-04;2024-11-18;CLP;6223586;1182481;7406067;ACEPTADO;PLANTA_TALCAHUANO
DOC-2024-01787;FAC;101299;CL0266;V012;CP60;RETAIL;2024-10-04;2024-12-03;CLP;25335043;4813658;30148701;ACEPTADO;CD_SANTIAGO
DOC-2024-01799;FAC;101308;CL0266;V012;CP60;RETAIL;2024-10-04;2024-12-03;CLP;21043401;3998246;25041647;ACEPTADO;PLANTA_CORONEL
DOC-2024-01963;FAC;101458;CL0275;V011;CP30;RETAIL;2024-10-04;2024-11-03;CLP;16396071;3115253;19511324;ACEPTADO;PLANTA_TALCAHUANO
DOC-2024-01991;FAC;101483;CL0327;V010;CP30;RETAIL;2024-10-04;2024-11-03;CLP;9139099;1736429;10875528;ACEPTADO;PLANTA_TALCAHUANO
DOC-2024-00579;FAC;100186;CL0095;V007;CP30;FOODSERVICE;2024-10-07;2024-11-06;CLP;8190225;1556143;9746368;ACEPTADO;CD_SANTIAGO
DOC-2024-00850;FAC;100442;CL0214;V008;CP30;FOODSERVICE;2024-10-07;2024-11-06;CLP;14270756;2711444;16982200;ACEPTADO;CD_SANTIAGO
DOC-2024-01254;FAC;100804;CL0149;V008;CP00;FOODSERVICE;2024-10-07;2024-10-07;CLP;11232350;2134146;13366496;ACEPTADO;CD_SANTIAGO
DOC-2024-01302;FAC;100849;CL0137;V007;CP45;FOODSERVICE;2024-10-07;2024-11-21;CLP;717159;136260;853419;ACEPTADO;PLANTA_CORONEL
DOC-2024-01449;FAC;100985;CL0184;V005;CP30;FOODSERVICE;2024-10-07;2024-11-06;CLP;4988890;947889;5936779;ACEPTADO;CD_SANTIAGO
DOC-2024-01492;FAC;101024;CL0084;V005;CP30;FOODSERVICE;2024-10-07;2024-11-06;CLP;5144452;977446;6121898;ACEPTADO;PLANTA_CORONEL
DOC-2024-01557;FAC;101084;CL0104;V006;CP60;FOODSERVICE;2024-10-07;2024-12-06;CLP;21694479;4121951;25816430;ACEPTADO;CD_SANTIAGO
DOC-2024-01951;FAC;101448;CL0279;V010;CP60;RETAIL;2024-10-07;2024-12-06;CLP;28676875;5448606;34125481;ACEPTADO;PLANTA_TALCAHUANO
DOC-2024-01968;FAC;101463;CL0279;V010;CP30;RETAIL;2024-10-07;2024-11-06;CLP;51380326;9762262;61142588;ACEPTADO;CD_SANTIAGO
DOC-2024-00128;FEX;50128;CL0034;V004;CP60;EXPORTACION;2024-10-08;2024-12-07;USD;74703.03;0;74703.03;ACEPTADO;PLANTA_TALCAHUANO
DOC-2024-00385;FAC;100002;CL0118;V007;CP30;FOODSERVICE;2024-10-08;2024-11-07;CLP;6933420;1317350;8250770;ACEPTADO;PLANTA_TALCAHUANO
DOC-2024-01794;FAC;101303;CL0301;V009;CP45;RETAIL;2024-10-08;2024-11-22;CLP;13323012;2531372;15854384;ACEPTADO;PLANTA_TALCAHUANO
DOC-2024-01841;FAC;101347;CL0260;V012;CP45;RETAIL;2024-10-08;2024-12-17;CLP;8822504;1676276;10498780;ACEPTADO;PLANTA_TALCAHUANO
DOC-2024-00287;FEX;50287;CL0012;V004;CP90;EXPORTACION;2024-10-09;2025-01-07;USD;266831.72;0;266831.72;ACEPTADO;PLANTA_QUELLON
DOC-2024-00439;FAC;100055;CL0215;V008;CP45;FOODSERVICE;2024-10-09;2024-11-23;CLP;2966693;563672;3530365;ACEPTADO;CD_SANTIAGO
DOC-2024-00703;FAC;100301;CL0089;V008;CP30;FOODSERVICE;2024-10-09;2024-11-08;CLP;8432031;1602086;10034117;ACEPTADO;PLANTA_TALCAHUANO
DOC-2024-00901;FEE;8033;CL0113;V005;CP30;FOODSERVICE;2024-10-09;2024-11-08;CLP;2598219;0;2598219;ACEPTADO;PLANTA_CORONEL
DOC-2024-01196;FAC;100750;CL0186;V007;CP30;FOODSERVICE;2024-10-09;2024-11-08;CLP;10952720;2081017;13033737;ACEPTADO;PLANTA_TALCAHUANO
DOC-2024-01409;FAC;100948;CL0157;V007;CP45;FOODSERVICE;2024-10-09;2024-11-23;CLP;13133371;2495340;15628711;ACEPTADO;CD_SANTIAGO
DOC-2024-01913;FAC;101415;CL0338;V009;CP45;RETAIL;2024-10-09;2024-11-23;CLP;29947383;5690003;35637386;ACEPTADO;PLANTA_TALCAHUANO
DOC-2024-00127;FEX;50127;CL0003;V003;CP90;EXPORTACION;2024-10-10;2025-01-08;USD;44673.65;0;44673.65;ACEPTADO;PLANTA_CALDERA
DOC-2024-00569;FAC;100176;CL0126;V005;CP45;FOODSERVICE;2024-10-10;2024-11-24;CLP;20114570;3821768;23936338;ACEPTADO;CD_SANTIAGO
DOC-2024-00588;FAC;100194;CL0074;V007;CP45;FOODSERVICE;2024-10-10;2024-11-24;CLP;28344057;5385371;33729428;ACEPTADO;PLANTA_CORONEL
DOC-2024-01224;FAC;100777;CL0142;V007;CP30;FOODSERVICE;2024-10-10;2024-11-09;CLP;5898931;1120797;7019728;ACEPTADO;CD_SANTIAGO
DOC-2024-01249;FAC;100800;CL0177;V005;CP45;FOODSERVICE;2024-10-10;2024-11-24;CLP;7497652;1424554;8922206;ACEPTADO;PLANTA_TALCAHUANO
DOC-2024-01423;FAC;100961;CL0074;V007;CP45;FOODSERVICE;2024-10-10;2024-12-09;CLP;4145267;787601;4932868;ACEPTADO;CD_SANTIAGO
DOC-2024-00040;FEX;50040;CL0034;V004;CP60;EXPORTACION;2024-10-11;2024-12-10;USD;249330.13;0;249330.13;ACEPTADO;PLANTA_CALDERA
DOC-2024-00083;FEX;50083;CL0062;V004;CP60;EXPORTACION;2024-10-11;2024-12-10;CLP;201214735;0;201214735;ACEPTADO;PLANTA_CALDERA
DOC-2024-00117;FEX;50117;CL0012;V004;CP90;EXPORTACION;2024-10-11;2025-01-09;USD;105344.43;0;105344.43;ACEPTADO;PLANTA_TALCAHUANO
DOC-2024-00235;FEX;50235;CL0051;V001;CP60;EXPORTACION;2024-10-11;2024-12-10;USD;34908.23;0;34908.23;ACEPTADO;PLANTA_QUELLON
DOC-2024-00327;FEX;50327;CL0016;V002;CP90;EXPORTACION;2024-10-11;2025-01-09;USD;9482.72;0;9482.72;ACEPTADO;PLANTA_QUELLON
DOC-2024-00342;FEX;50342;CL0034;V004;CP60;EXPORTACION;2024-10-11;2024-12-10;USD;48949.51;0;48949.51;ACEPTADO;PLANTA_QUELLON
DOC-2024-00498;FEE;8006;CL0087;V007;CP30;FOODSERVICE;2024-10-11;2024-11-10;CLP;5315541;0;5315541;ACEPTADO;PLANTA_CORONEL
DOC-2024-00518;FAC;100128;CL0161;V005;CP30;FOODSERVICE;2024-10-11;2024-11-10;CLP;4258596;809133;5067729;ACEPTADO;PLANTA_TALCAHUANO
DOC-2024-00537;FAC;100145;CL0198;V006;CP30;FOODSERVICE;2024-10-11;2024-11-10;CLP;5547446;1054015;6601461;ACEPTADO;PLANTA_TALCAHUANO
DOC-2024-00597;FAC;100202;CL0214;V008;CP60;FOODSERVICE;2024-10-11;2024-12-10;CLP;9963144;1892997;11856141;ACEPTADO;CD_SANTIAGO
DOC-2024-00611;FAC;100216;CL0193;V008;CP30;FOODSERVICE;2024-10-11;2024-11-10;CLP;25713241;4885516;30598757;ACEPTADO;PLANTA_CORONEL
DOC-2024-00621;FAC;100226;CL0217;V007;CP30;FOODSERVICE;2024-10-11;2024-11-10;CLP;27665463;5256438;32921901;ACEPTADO;CD_SANTIAGO
DOC-2024-00840;FAC;100432;CL0103;V005;CP45;FOODSERVICE;2024-10-11;2024-11-25;CLP;5977447;1135715;7113162;ACEPTADO;CD_SANTIAGO
DOC-2024-00927;FAC;100509;CL0103;V005;CP45;FOODSERVICE;2024-10-11;2024-11-25;CLP;7146126;1357764;8503890;ACEPTADO;PLANTA_TALCAHUANO
DOC-2024-01031;FAC;100603;CL0185;V007;CP45;FOODSERVICE;2024-10-11;2024-11-25;CLP;5822181;1106214;6928395;ACEPTADO;PLANTA_CORONEL
DOC-2024-01357;FAC;100899;CL0196;V006;CP30;FOODSERVICE;2024-10-11;2024-11-10;CLP;2256267;428691;2684958;ACEPTADO;CD_SANTIAGO
DOC-2024-01436;FEE;8080;CL0097;V007;CP00;FOODSERVICE;2024-10-11;2024-10-11;CLP;4586270;0;4586270;ACEPTADO;CD_SANTIAGO
DOC-2024-01632;FAC;101157;CL0118;V007;CP45;FOODSERVICE;2024-10-11;2024-11-25;CLP;6177853;1173792;7351645;ACEPTADO;CD_SANTIAGO
DOC-2024-01681;FAC;101204;CL0287;V012;CP60;RETAIL;2024-10-11;2024-12-10;CLP;16914151;3213689;20127840;ACEPTADO;PLANTA_TALCAHUANO
DOC-2024-01888;FAC;101392;CL0269;V010;CP60;RETAIL;2024-10-11;2024-12-10;CLP;8999279;1709863;10709142;ACEPTADO;PLANTA_CORONEL
DOC-2024-01937;FAC;101437;CL0320;V009;CP60;RETAIL;2024-10-11;2024-12-10;CLP;5416042;1029048;6445090;ACEPTADO;CD_SANTIAGO
DOC-2024-01987;FAC;101480;CL0258;V009;CP90;RETAIL;2024-10-11;2025-01-09;CLP;15227770;2893276;18121046;ACEPTADO;PLANTA_CORONEL
DOC-2024-01016;FAC;100591;CL0177;V005;CP00;FOODSERVICE;2024-10-14;2024-12-13;CLP;3492167;663512;4155679;ACEPTADO;PLANTA_TALCAHUANO
DOC-2024-01390;FAC;100929;CL0106;V008;CP30;FOODSERVICE;2024-10-14;2024-12-28;CLP;2625382;498823;3124205;ACEPTADO;CD_SANTIAGO
DOC-2024-01735;FAC;101251;CL0325;V011;CP45;RETAIL;2024-10-14;2024-11-28;CLP;4776324;907502;5683826;ACEPTADO;CD_SANTIAGO
DOC-2024-01928;FAC;101428;CL0296;V011;CP60;RETAIL;2024-10-14;2024-12-13;CLP;2629745;499652;3129397;ACEPTADO;PLANTA_CORONEL
DOC-2024-00061;FEX;50061;CL0019;V001;CP90;EXPORTACION;2024-10-15;2025-01-13;USD;18687.28;0;18687.28;ACEPTADO;PLANTA_TALCAHUANO
DOC-2024-00224;FEX;50224;CL0032;V002;CP60;EXPORTACION;2024-10-15;2024-12-14;USD;41622.6;0;41622.6;ACEPTADO;PLANTA_QUELLON
DOC-2024-00488;FEE;8004;CL0088;V005;CP30;FOODSERVICE;2024-10-15;2024-11-14;CLP;7875206;0;7875206;ACEPTADO;PLANTA_TALCAHUANO
DOC-2024-00852;FAC;100444;CL0114;V008;CP30;FOODSERVICE;2024-10-15;2024-11-14;CLP;10464715;1988296;12453011;ACEPTADO;CD_SANTIAGO
DOC-2024-01008;FAC;100584;CL0186;V007;CP45;FOODSERVICE;2024-10-15;2024-11-29;CLP;1172806;222833;1395639;ACEPTADO;PLANTA_CORONEL
DOC-2024-01472;FAC;101007;CL0161;V005;CP45;FOODSERVICE;2024-10-15;2024-11-29;CLP;11040830;2097758;13138588;ACEPTADO;PLANTA_TALCAHUANO
DOC-2024-01633;FAC;101158;CL0128;V005;CP30;FOODSERVICE;2024-10-15;2024-11-14;CLP;6070852;1153462;7224314;ACEPTADO;CD_SANTIAGO
DOC-2024-00060;FEX;50060;CL0053;V004;CP60;EXPORTACION;2024-10-16;2024-12-15;USD;23404.43;0;23404.43;ACEPTADO;PLANTA_CORONEL
DOC-2024-00131;FEX;50131;CL0032;V002;CP120;EXPORTACION;2024-10-17;2025-02-14;USD;102872.3;0;102872.3;ACEPTADO;PLANTA_QUELLON
DOC-2024-01061;FAC;100632;CL0180;V006;CP30;FOODSERVICE;2024-10-17;2024-11-16;CLP;3934961;747643;4682604;ACEPTADO;CD_SANTIAGO
DOC-2024-00184;FEX;50184;CL0012;V004;CP60;EXPORTACION;2024-10-18;2024-11-17;USD;36391.35;0;36391.35;RECLAMADO;PLANTA_TALCAHUANO
DOC-2024-00283;FEX;50283;CL0043;V001;CP120;EXPORTACION;2024-10-18;2025-02-15;USD;6398.77;0;6398.77;ACEPTADO;PLANTA_CALDERA
DOC-2024-00360;FEX;50360;CL0056;V002;CP90;EXPORTACION;2024-10-18;2025-01-16;USD;79971.71;0;79971.71;ACEPTADO;PLANTA_CORONEL
DOC-2024-00440;FEE;8002;CL0100;V008;CP60;FOODSERVICE;2024-10-18;2024-12-17;CLP;6607209;0;6607209;ACEPTADO;PLANTA_TALCAHUANO
DOC-2024-00686;FAC;100286;CL0217;V007;CP30;FOODSERVICE;2024-10-18;2024-11-17;CLP;5032453;956166;5988619;ACEPTADO;CD_SANTIAGO
DOC-2024-00913;FAC;100495;CL0129;V007;CP45;FOODSERVICE;2024-10-18;2024-12-17;CLP;3750571;712608;4463179;ACEPTADO;PLANTA_TALCAHUANO
DOC-2024-00934;FEE;8037;CL0098;V005;CP30;FOODSERVICE;2024-10-18;2024-11-17;CLP;9452651;0;9452651;ACEPTADO;PLANTA_TALCAHUANO
DOC-2024-00949;FAC;100528;CL0116;V006;CP30;FOODSERVICE;2024-10-18;2024-11-17;CLP;8094891;1538029;9632920;ACEPTADO;PLANTA_CORONEL
DOC-2024-01023;FEE;8045;CL0185;V007;CP30;FOODSERVICE;2024-10-18;2024-10-28;CLP;3537895;0;3537895;ACEPTADO;PLANTA_CORONEL
DOC-2024-01369;FAC;100911;CL0106;V008;CP30;FOODSERVICE;2024-10-18;2024-11-17;CLP;5268831;1001078;6269909;ACEPTADO;CD_SANTIAGO
DOC-2024-01384;FAC;100923;CL0123;V006;CP30;FOODSERVICE;2024-10-18;2024-11-17;CLP;1875019;356254;2231273;ACEPTADO;PLANTA_TALCAHUANO
DOC-2024-01497;FAC;101028;CL0094;V007;CP45;FOODSERVICE;2024-10-18;2024-12-02;CLP;2811035;534097;3345132;ACEPTADO;CD_SANTIAGO
DOC-2024-01525;FAC;101054;CL0183;V005;CP30;FOODSERVICE;2024-10-18;2024-11-17;CLP;4154405;789337;4943742;ACEPTADO;PLANTA_TALCAHUANO
DOC-2024-01562;FAC;101089;CL0073;V005;CP00;FOODSERVICE;2024-10-18;2024-10-18;CLP;7135159;1355680;8490839;ACEPTADO;PLANTA_CORONEL
DOC-2024-01671;FAC;101195;CL0325;V011;CP45;RETAIL;2024-10-18;2024-12-02;CLP;13886828;2638497;16525325;ACEPTADO;CD_SANTIAGO
DOC-2024-01783;FAC;101295;CL0245;V011;CP90;RETAIL;2024-10-18;2025-01-16;CLP;26976468;5125529;32101997;ACEPTADO;PLANTA_TALCAHUANO
DOC-2024-00413;FAC;100029;CL0143;V006;CP30;FOODSERVICE;2024-10-21;2024-12-15;CLP;26774456;5087147;31861603;ACEPTADO;CD_SANTIAGO
DOC-2024-00795;FAC;100389;CL0141;V006;CP60;FOODSERVICE;2024-10-21;2024-12-20;CLP;2973411;564948;3538359;ACEPTADO;PLANTA_TALCAHUANO
DOC-2024-01341;FAC;100885;CL0169;V007;CP30;FOODSERVICE;2024-10-21;2024-11-20;CLP;3765350;715416;4480766;ACEPTADO;CD_SANTIAGO
DOC-2024-00072;FEX;50072;CL0012;V004;CP90;EXPORTACION;2024-10-22;2025-01-20;USD;70836.07;0;70836.07;ACEPTADO;PLANTA_CALDERA
DOC-2024-00363;FEX;50363;CL0032;V002;CP60;EXPORTACION;2024-10-22;2024-12-21;USD;103702.9;0;103702.9;ACEPTADO;PLANTA_CORONEL
DOC-2024-00628;FAC;100233;CL0180;V006;CP60;FOODSERVICE;2024-10-22;2024-12-21;CLP;4872906;925852;5798758;ACEPTADO;CD_SANTIAGO
DOC-2024-00629;FAC;100234;CL0091;V007;CP30;FOODSERVICE;2024-10-22;2024-11-21;CLP;1893171;359702;2252873;ACEPTADO;CD_SANTIAGO
DOC-2024-01825;FAC;101333;CL0228;V010;CP60;RETAIL;2024-10-22;2024-12-21;CLP;6419942;1219789;7639731;ACEPTADO;PLANTA_CORONEL
DOC-2024-00682;FAC;100283;CL0126;V005;CP00;FOODSERVICE;2024-10-23;2024-10-23;CLP;18903039;3591577;22494616;ACEPTADO;CD_SANTIAGO
DOC-2024-00830;FAC;100423;CL0157;V007;CP30;FOODSERVICE;2024-10-23;2024-11-22;CLP;3792750;720622;4513372;ANULADO;PLANTA_TALCAHUANO
DOC-2024-00930;FAC;100512;CL0104;V006;CP30;FOODSERVICE;2024-10-23;2024-11-22;CLP;3894895;740030;4634925;ACEPTADO;PLANTA_TALCAHUANO
DOC-2024-01084;FAC;100651;CL0218;V008;CP30;FOODSERVICE;2024-10-23;2024-11-22;CLP;4140918;786774;4927692;ACEPTADO;PLANTA_CORONEL
DOC-2024-01120;FEE;8056;CL0077;V007;CP45;FOODSERVICE;2024-10-23;2024-12-07;CLP;2895146;0;2895146;ACEPTADO;PLANTA_CORONEL
DOC-2024-01250;FAC;100801;CL0164;V007;CP45;FOODSERVICE;2024-10-23;2024-12-07;CLP;4509871;856875;5366746;ACEPTADO;PLANTA_TALCAHUANO
DOC-2024-01997;FAC;101487;CL0279;V010;CP30;RETAIL;2024-10-23;2025-01-21;CLP;41070213;7803340;48873553;ACEPTADO;CD_SANTIAGO
DOC-2024-00238;FEX;50238;CL0032;V002;CP90;EXPORTACION;2024-10-24;2025-01-22;USD;49394.53;0;49394.53;ACEPTADO;PLANTA_TALCAHUANO
DOC-2024-00353;FEX;50353;CL0032;V002;CP120;EXPORTACION;2024-10-24;2025-02-21;USD;54983.07;0;54983.07;ACEPTADO;PLANTA_CORONEL
DOC-2024-00729;FAC;100327;CL0217;V007;CP45;FOODSERVICE;2024-10-24;2024-12-08;CLP;30145425;5727631;35873056;ACEPTADO;PLANTA_TALCAHUANO
DOC-2024-01038;FAC;100609;CL0118;V007;CP45;FOODSERVICE;2024-10-24;2024-12-08;CLP;3936176;747873;4684049;ACEPTADO;CD_SANTIAGO
DOC-2024-01631;FAC;101156;CL0183;V005;CP30;FOODSERVICE;2024-10-24;2024-11-23;CLP;2007270;381381;2388651;ANULADO;CD_SANTIAGO
DOC-2024-02010;FAC;101500;CL0269;V010;CP30;RETAIL;2024-10-24;2024-11-23;CLP;5958517;1132118;7090635;ACEPTADO;PLANTA_CORONEL
DOC-2024-00463;FAC;100077;CL0084;V005;CP00;FOODSERVICE;2024-10-25;2024-11-19;CLP;5409192;1027746;6436938;ACEPTADO;PLANTA_TALCAHUANO
DOC-2024-00465;FAC;100079;CL0073;V005;CP60;FOODSERVICE;2024-10-25;2024-12-24;CLP;17611151;3346119;20957270;ACEPTADO;PLANTA_CORONEL
DOC-2024-00511;FAC;100122;CL0102;V008;CP30;FOODSERVICE;2024-10-25;2024-11-24;CLP;4639776;881557;5521333;ACEPTADO;CD_SANTIAGO
DOC-2024-00594;FAC;100200;CL0171;V008;CP30;FOODSERVICE;2024-10-25;2024-11-24;CLP;8561845;1626751;10188596;ACEPTADO;CD_SANTIAGO
DOC-2024-00604;FAC;100209;CL0118;V007;CP30;FOODSERVICE;2024-10-25;2024-11-24;CLP;111096718;21108376;132205094;RECLAMADO;PLANTA_TALCAHUANO
DOC-2024-00614;FAC;100219;CL0074;V007;CP45;FOODSERVICE;2024-10-25;2024-12-09;CLP;8053078;1530085;9583163;ACEPTADO;PLANTA_TALCAHUANO
DOC-2024-00688;FAC;100288;CL0124;V006;CP30;FOODSERVICE;2024-10-25;2024-11-24;CLP;8483857;1611933;10095790;ACEPTADO;PLANTA_TALCAHUANO
DOC-2024-00719;FAC;100317;CL0207;V008;CP60;FOODSERVICE;2024-10-25;2024-12-24;CLP;3323341;631435;3954776;ACEPTADO;PLANTA_TALCAHUANO
DOC-2024-00734;FAC;100332;CL0192;V006;CP45;FOODSERVICE;2024-10-25;2024-11-09;CLP;3338585;634331;3972916;ACEPTADO;CD_SANTIAGO
DOC-2024-00754;FAC;100351;CL0090;V007;CP45;FOODSERVICE;2024-10-25;2024-12-09;CLP;5253206;998109;6251315;ACEPTADO;CD_SANTIAGO
DOC-2024-00781;FAC;100375;CL0217;V007;CP60;FOODSERVICE;2024-10-25;2024-12-24;CLP;3225853;612912;3838765;ACEPTADO;CD_SANTIAGO
DOC-2024-00946;FAC;100525;CL0220;V007;CP30;FOODSERVICE;2024-10-25;2024-11-09;CLP;2568440;488004;3056444;ACEPTADO;PLANTA_TALCAHUANO
DOC-2024-01088;FEE;8052;CL0149;V008;CP30;FOODSERVICE;2024-10-25;2024-11-24;CLP;5441403;0;5441403;ACEPTADO;PLANTA_TALCAHUANO
DOC-2024-01108;FAC;100670;CL0118;V007;CP60;FOODSERVICE;2024-10-25;2024-12-24;CLP;10587582;2011641;12599223;ACEPTADO;PLANTA_CORONEL
DOC-2024-01182;FAC;100736;CL0116;V006;CP60;FOODSERVICE;2024-10-25;2024-12-24;CLP;8151988;1548878;9700866;ACEPTADO;PLANTA_CORONEL
DOC-2024-01211;FAC;100765;CL0189;V008;CP45;FOODSERVICE;2024-10-25;2024-12-09;CLP;10936149;2077868;13014017;ACEPTADO;CD_SANTIAGO
DOC-2024-01225;FEE;8065;CL0153;V008;CP60;FOODSERVICE;2024-10-25;2024-12-24;CLP;1319168;0;1319168;ACEPTADO;CD_SANTIAGO
DOC-2024-01527;FAC;101056;CL0129;V007;CP45;FOODSERVICE;2024-10-25;2024-12-09;CLP;4061681;771719;4833400;ACEPTADO;CD_SANTIAGO
DOC-2024-01587;FAC;101114;CL0198;V006;CP45;FOODSERVICE;2024-10-25;2024-12-09;CLP;3755413;713528;4468941;ACEPTADO;CD_SANTIAGO
DOC-2024-01709;FAC;101227;CL0314;V009;CP45;RETAIL;2024-10-25;2024-12-09;CLP;2366384;449613;2815997;ACEPTADO;PLANTA_CORONEL
DOC-2024-01731;FAC;101247;CL0279;V010;CP45;RETAIL;2024-10-25;2024-12-09;CLP;73705069;14003963;87709032;ACEPTADO;PLANTA_TALCAHUANO
DOC-2024-00041;FEX;50041;CL0032;V002;CP60;EXPORTACION;2024-10-28;2024-12-27;USD;37462.84;0;37462.84;ACEPTADO;PLANTA_QUELLON
DOC-2024-00108;FEX;50108;CL0012;V004;CP90;EXPORTACION;2024-10-28;2025-01-26;USD;228477.72;0;228477.72;ACEPTADO;PLANTA_TALCAHUANO
DOC-2024-00453;FAC;100067;CL0158;V007;CP60;FOODSERVICE;2024-10-28;2024-12-27;CLP;1734834;329618;2064452;ACEPTADO;PLANTA_TALCAHUANO
DOC-2024-01465;FAC;101000;CL0075;V007;CP30;FOODSERVICE;2024-10-28;2024-11-27;CLP;4788889;909889;5698778;ACEPTADO;PLANTA_TALCAHUANO
DOC-2024-01875;FAC;101380;CL0320;V009;CP60;RETAIL;2024-10-28;2024-12-27;CLP;8592867;1632645;10225512;ACEPTADO;PLANTA_CORONEL
DOC-2024-01908;FAC;101410;CL0245;V011;CP90;RETAIL;2024-10-28;2025-01-26;CLP;18965133;3603375;22568508;ACEPTADO;PLANTA_CORONEL
DOC-2024-00307;FEX;50307;CL0012;V004;CP90;EXPORTACION;2024-10-29;2025-01-27;USD;154702.67;0;154702.67;ACEPTADO;PLANTA_CORONEL
DOC-2024-00064;FEX;50064;CL0018;V003;CP60;EXPORTACION;2024-10-30;2024-12-29;USD;28052.91;0;28052.91;ACEPTADO;PLANTA_CORONEL
DOC-2024-00129;FEX;50129;CL0032;V002;CP90;EXPORTACION;2024-10-30;2025-01-28;USD;130700.37;0;130700.37;ACEPTADO;PLANTA_CALDERA
DOC-2024-00130;FEX;50130;CL0046;V001;CP60;EXPORTACION;2024-10-30;2024-12-29;USD;38065.21;0;38065.21;ACEPTADO;PLANTA_QUELLON
DOC-2024-00156;FEX;50156;CL0051;V001;CP60;EXPORTACION;2024-10-30;2024-12-29;CLP;15034280;0;15034280;ACEPTADO;PLANTA_TALCAHUANO
DOC-2024-00210;FEX;50210;CL0012;V004;CP60;EXPORTACION;2024-10-30;2024-12-29;USD;82400.33;0;82400.33;ACEPTADO;PLANTA_QUELLON
DOC-2024-00239;FEX;50239;CL0032;V002;CP60;EXPORTACION;2024-10-30;2024-12-29;USD;90914.17;0;90914.17;ACEPTADO;PLANTA_TALCAHUANO
DOC-2024-00243;FEX;50243;CL0031;V001;CP60;EXPORTACION;2024-10-30;2024-12-29;USD;27766.13;0;27766.13;ACEPTADO;PLANTA_QUELLON
DOC-2024-00310;FEX;50310;CL0056;V002;CP120;EXPORTACION;2024-10-30;2025-02-27;USD;26461.13;0;26461.13;ACEPTADO;PLANTA_CORONEL
DOC-2024-00355;FEX;50355;CL0032;V002;CP120;EXPORTACION;2024-10-30;2025-02-27;USD;97197.59;0;97197.59;ACEPTADO;PLANTA_TALCAHUANO
DOC-2024-00388;FEE;8001;CL0081;V005;CP30;FOODSERVICE;2024-10-30;2024-11-29;CLP;7592311;0;7592311;ACEPTADO;PLANTA_CORONEL
DOC-2024-00459;FAC;100073;CL0211;V006;CP60;FOODSERVICE;2024-10-30;2024-12-29;CLP;7080848;1345361;8426209;ACEPTADO;CD_SANTIAGO
DOC-2024-00478;FAC;100092;CL0174;V008;CP30;FOODSERVICE;2024-10-30;2024-11-29;CLP;2613456;496557;3110013;ACEPTADO;PLANTA_TALCAHUANO
DOC-2024-00480;FAC;100094;CL0112;V008;CP30;FOODSERVICE;2024-10-30;2024-11-29;CLP;12891875;2449456;15341331;ACEPTADO;PLANTA_TALCAHUANO
DOC-2024-00559;FAC;100166;CL0164;V007;CP30;FOODSERVICE;2024-10-30;2024-11-29;CLP;8096204;1538279;9634483;ACEPTADO;CD_SANTIAGO
DOC-2024-00581;FAC;100188;CL0120;V007;CP45;FOODSERVICE;2024-10-30;2024-12-14;CLP;3329900;632681;3962581;ACEPTADO;PLANTA_CORONEL
DOC-2024-00812;FAC;100406;CL0152;V006;CP30;FOODSERVICE;2024-10-30;2024-11-29;CLP;5418186;1029455;6447641;ACEPTADO;PLANTA_TALCAHUANO
DOC-2024-00842;FAC;100434;CL0204;V006;CP30;FOODSERVICE;2024-10-30;2024-11-29;CLP;10925540;2075853;13001393;ACEPTADO;CD_SANTIAGO
DOC-2024-00844;FAC;100436;CL0144;V006;CP00;FOODSERVICE;2024-10-30;2024-10-30;CLP;6049947;1149490;7199437;ACEPTADO;PLANTA_TALCAHUANO
DOC-2024-00860;FAC;100450;CL0215;V008;CP60;FOODSERVICE;2024-10-30;2024-12-29;CLP;3605289;685005;4290294;ACEPTADO;PLANTA_TALCAHUANO
DOC-2024-01009;FAC;100585;CL0189;V008;CP45;FOODSERVICE;2024-10-30;2024-12-14;CLP;4543901;863341;5407242;ACEPTADO;CD_SANTIAGO
DOC-2024-01058;FAC;100629;CL0097;V007;CP60;FOODSERVICE;2024-10-30;2024-12-29;CLP;9134179;1735494;10869673;ACEPTADO;PLANTA_CORONEL
DOC-2024-01076;FAC;100644;CL0188;V005;CP60;FOODSERVICE;2024-10-30;2024-12-29;CLP;9642314;1832040;11474354;ACEPTADO;PLANTA_TALCAHUANO
DOC-2024-01444;FAC;100980;CL0173;V006;CP45;FOODSERVICE;2024-10-30;2024-12-14;CLP;4531815;861045;5392860;ACEPTADO;PLANTA_TALCAHUANO
DOC-2024-01531;FAC;101060;CL0138;V005;CP30;FOODSERVICE;2024-10-30;2024-11-29;CLP;15760114;2994422;18754536;ACEPTADO;PLANTA_CORONEL
DOC-2024-01560;FAC;101087;CL0214;V008;CP45;FOODSERVICE;2024-10-30;2024-12-14;CLP;6954969;1321444;8276413;ACEPTADO;PLANTA_TALCAHUANO
DOC-2024-01615;FAC;101141;CL0217;V007;CP30;FOODSERVICE;2024-10-30;2024-11-29;CLP;19844331;3770423;23614754;ACEPTADO;PLANTA_CORONEL
DOC-2024-01661;FAC;101186;CL0188;V005;CP00;FOODSERVICE;2024-10-30;2024-10-30;CLP;3826611;727056;4553667;ACEPTADO;PLANTA_TALCAHUANO
DOC-2024-01730;FAC;101246;CL0288;V010;CP30;RETAIL;2024-10-30;2024-11-29;CLP;10100305;1919058;12019363;ACEPTADO;PLANTA_CORONEL
DOC-2024-01823;FAC;101331;CL0304;V009;CP45;RETAIL;2024-10-30;2024-12-14;CLP;4534011;861462;5395473;ACEPTADO;CD_SANTIAGO
DOC-2024-00039;FEX;50039;CL0044;V004;CP120;EXPORTACION;2024-11-04;2025-03-04;USD;7781.59;0;7781.59;ACEPTADO;PLANTA_CORONEL
DOC-2024-00479;FAC;100093;CL0082;V006;CP30;FOODSERVICE;2024-11-04;2024-12-04;CLP;3944336;749424;4693760;ACEPTADO;PLANTA_TALCAHUANO
DOC-2024-01829;FAC;101337;CL0301;V009;CP45;RETAIL;2024-11-04;2024-12-19;CLP;25708407;4884597;30593004;ACEPTADO;PLANTA_CORONEL
DOC-2024-01952;FAC;101449;CL0309;V012;CP30;RETAIL;2024-11-04;2024-12-04;CLP;5205421;989030;6194451;ACEPTADO;PLANTA_TALCAHUANO
DOC-2024-00095;FEX;50095;CL0032;V002;CP60;EXPORTACION;2024-11-05;2025-01-04;USD;213364.23;0;213364.23;ACEPTADO;PLANTA_QUELLON
DOC-2024-00272;FEX;50272;CL0032;V002;CP120;EXPORTACION;2024-11-05;2025-03-05;USD;143445.17;0;143445.17;ACEPTADO;PLANTA_TALCAHUANO
DOC-2024-00612;FAC;100217;CL0192;V006;CP30;FOODSERVICE;2024-11-05;2024-12-05;CLP;2163414;411049;2574463;ACEPTADO;CD_SANTIAGO
DOC-2024-00619;FAC;100224;CL0120;V007;CP45;FOODSERVICE;2024-11-05;2024-12-20;CLP;4427405;841207;5268612;ACEPTADO;PLANTA_CORONEL
DOC-2024-01768;FEE;8105;CL0255;V009;CP60;RETAIL;2024-11-05;2025-01-04;CLP;8894164;0;8894164;ACEPTADO;PLANTA_CORONEL
DOC-2024-00370;FEX;50370;CL0012;V004;CP90;EXPORTACION;2024-11-06;2025-02-04;USD;18503.13;0;18503.13;ACEPTADO;PLANTA_TALCAHUANO
DOC-2024-00462;FAC;100076;CL0118;V007;CP30;FOODSERVICE;2024-11-06;2024-12-06;CLP;12836517;2438938;15275455;ACEPTADO;PLANTA_CORONEL
DOC-2024-00704;FAC;100302;CL0161;V005;CP60;FOODSERVICE;2024-11-06;2025-01-05;CLP;5632033;1070086;6702119;ACEPTADO;PLANTA_CORONEL
DOC-2024-01571;FAC;101098;CL0155;V005;CP30;FOODSERVICE;2024-11-06;2024-12-06;CLP;1321241;251036;1572277;ACEPTADO;PLANTA_CORONEL
DOC-2024-01940;FAC;101440;CL0316;V012;CP45;RETAIL;2024-11-06;2024-12-21;CLP;18956980;3601826;22558806;ACEPTADO;PLANTA_TALCAHUANO
DOC-2024-00255;FEX;50255;CL0032;V002;CP60;EXPORTACION;2024-11-07;2025-01-06;USD;62551.68;0;62551.68;ACEPTADO;PLANTA_CALDERA
DOC-2024-00359;FEX;50359;CL0022;V001;CP60;EXPORTACION;2024-11-07;2025-01-06;USD;250567.74;0;250567.74;ACEPTADO;PLANTA_TALCAHUANO
DOC-2024-00527;FAC;100136;CL0215;V008;CP30;FOODSERVICE;2024-11-07;2024-12-07;CLP;13418981;2549606;15968587;ACEPTADO;PLANTA_TALCAHUANO
DOC-2024-00801;FAC;100395;CL0171;V008;CP45;FOODSERVICE;2024-11-07;2024-12-22;CLP;5517932;1048407;6566339;ACEPTADO;PLANTA_TALCAHUANO
DOC-2024-01505;FAC;101035;CL0142;V007;CP45;FOODSERVICE;2024-11-07;2024-12-22;CLP;17378055;3301830;20679885;ACEPTADO;PLANTA_TALCAHUANO
DOC-2024-01625;FAC;101150;CL0074;V007;CP30;FOODSERVICE;2024-11-07;2024-12-07;CLP;8962809;1702934;10665743;ACEPTADO;PLANTA_CORONEL
DOC-2024-01736;FAC;101252;CL0301;V009;CP30;RETAIL;2024-11-07;2024-12-07;CLP;15659148;2975238;18634386;ACEPTADO;CD_SANTIAGO
DOC-2024-00099;FEX;50099;CL0033;V002;CP120;EXPORTACION;2024-11-08;2025-03-08;USD;19968.74;0;19968.74;ACEPTADO;PLANTA_QUELLON
DOC-2024-00212;FEX;50212;CL0012;V004;CP90;EXPORTACION;2024-11-08;2025-02-06;USD;83506.45;0;83506.45;ACEPTADO;PLANTA_CORONEL
DOC-2024-00455;FAC;100069;CL0088;V005;CP30;FOODSERVICE;2024-11-08;2024-12-08;CLP;5958066;1132033;7090099;ACEPTADO;PLANTA_CORONEL
DOC-2024-00650;FAC;100251;CL0160;V006;CP00;FOODSERVICE;2024-11-08;2024-11-08;CLP;4128101;784339;4912440;ACEPTADO;CD_SANTIAGO
DOC-2024-00746;FAC;100343;CL0138;V005;CP30;FOODSERVICE;2024-11-08;2024-12-08;CLP;5988944;1137899;7126843;ACEPTADO;PLANTA_TALCAHUANO
DOC-2024-00768;FAC;100363;CL0083;V007;CP30;FOODSERVICE;2024-11-08;2024-12-08;CLP;5473671;1039997;6513668;ACEPTADO;CD_SANTIAGO
DOC-2024-00811;FAC;100405;CL0158;V007;CP45;FOODSERVICE;2024-11-08;2024-12-23;CLP;7602333;1444443;9046776;ACEPTADO;CD_SANTIAGO
DOC-2024-00890;FAC;100475;CL0170;V005;CP60;FOODSERVICE;2024-11-08;2025-01-07;CLP;1711963;325273;2037236;ACEPTADO;PLANTA_CORONEL
DOC-2024-00907;FAC;100490;CL0082;V006;CP30;FOODSERVICE;2024-11-08;2024-12-08;CLP;4261670;809717;5071387;ACEPTADO;CD_SANTIAGO
DOC-2024-00995;FAC;100571;CL0074;V007;CP45;FOODSERVICE;2024-11-08;2024-12-23;CLP;14827137;2817156;17644293;ACEPTADO;PLANTA_TALCAHUANO
DOC-2024-01053;FAC;100624;CL0217;V007;CP60;FOODSERVICE;2024-11-08;2025-01-07;CLP;20724435;3937643;24662078;ACEPTADO;CD_SANTIAGO
DOC-2024-01316;FAC;100862;CL0144;V006;CP45;FOODSERVICE;2024-11-08;2024-12-23;CLP;955782;181599;1137381;ACEPTADO;PLANTA_TALCAHUANO
DOC-2024-01510;FAC;101040;CL0078;V008;CP30;FOODSERVICE;2024-11-08;2024-12-08;CLP;3132207;595119;3727326;ACEPTADO;PLANTA_TALCAHUANO
DOC-2024-01532;FAC;101061;CL0080;V007;CP30;FOODSERVICE;2024-11-08;2024-12-08;CLP;11655432;2214532;13869964;ACEPTADO;PLANTA_TALCAHUANO
DOC-2024-01733;FAC;101249;CL0316;V012;CP30;RETAIL;2024-11-08;2024-12-08;CLP;7562848;1436941;8999789;ACEPTADO;PLANTA_CORONEL
DOC-2024-00279;FEX;50279;CL0049;V003;CP120;EXPORTACION;2024-11-11;2025-03-11;USD;35639.17;0;35639.17;ACEPTADO;PLANTA_CORONEL
DOC-2024-00532;FAC;100141;CL0191;V006;CP45;FOODSERVICE;2024-11-11;2024-12-26;CLP;2712739;515420;3228159;ACEPTADO;CD_SANTIAGO
DOC-2024-00725;FAC;100323;CL0074;V007;CP30;FOODSERVICE;2024-11-11;2024-12-11;CLP;14982960;2846762;17829722;ACEPTADO;PLANTA_TALCAHUANO
DOC-2024-01086;FEE;8051;CL0113;V005;CP30;FOODSERVICE;2024-11-11;2024-12-11;CLP;7677628;0;7677628;ACEPTADO;PLANTA_TALCAHUANO
DOC-2024-01413;FAC;100952;CL0215;V008;CP30;FOODSERVICE;2024-11-11;2024-12-11;CLP;10349234;1966354;12315588;ACEPTADO;PLANTA_TALCAHUANO
DOC-2024-01666;FAC;101191;CL0231;V009;CP45;RETAIL;2024-11-11;2024-12-26;CLP;10462835;1987939;12450774;ACEPTADO;PLANTA_CORONEL
DOC-2024-01815;FAC;101324;CL0256;V009;CP45;RETAIL;2024-11-11;2024-12-26;CLP;2069169;393142;2462311;ACEPTADO;PLANTA_TALCAHUANO
DOC-2024-01867;FAC;101373;CL0313;V009;CP45;RETAIL;2024-11-11;2024-12-26;CLP;11106471;2110229;13216700;ACEPTADO;PLANTA_TALCAHUANO
DOC-2024-00236;FEX;50236;CL0032;V002;CP60;EXPORTACION;2024-11-12;2025-01-11;USD;375478.07;0;375478.07;ACEPTADO;PLANTA_CORONEL
DOC-2024-01036;FAC;100607;CL0178;V008;CP60;FOODSERVICE;2024-11-12;2025-01-11;CLP;20946904;3979912;24926816;ACEPTADO;PLANTA_TALCAHUANO
DOC-2024-01060;FAC;100631;CL0104;V006;CP60;FOODSERVICE;2024-11-12;2025-01-11;CLP;13952270;2650931;16603201;ACEPTADO;PLANTA_TALCAHUANO
DOC-2024-01397;FAC;100936;CL0207;V008;CP30;FOODSERVICE;2024-11-12;2024-12-12;CLP;4888376;928791;5817167;ACEPTADO;PLANTA_TALCAHUANO
DOC-2024-01851;FAC;101357;CL0245;V011;CP60;RETAIL;2024-11-12;2025-01-11;CLP;54570721;10368437;64939158;ACEPTADO;PLANTA_TALCAHUANO
DOC-2024-00364;FEX;50364;CL0032;V002;CP90;EXPORTACION;2024-11-13;2025-02-11;USD;38238.35;0;38238.35;ACEPTADO;PLANTA_QUELLON
DOC-2024-00701;FAC;100300;CL0074;V007;CP30;FOODSERVICE;2024-11-13;2024-12-13;CLP;58092395;11037555;69129950;ACEPTADO;PLANTA_CORONEL
DOC-2024-01334;FAC;100879;CL0110;V008;CP30;FOODSERVICE;2024-11-13;2024-12-13;CLP;7383228;1402813;8786041;ACEPTADO;PLANTA_CORONEL
DOC-2024-01496;FAC;101027;CL0082;V006;CP30;FOODSERVICE;2024-11-13;2024-12-13;CLP;2786433;529422;3315855;ACEPTADO;PLANTA_CORONEL
DOC-2024-00121;FEX;50121;CL0018;V003;CP90;EXPORTACION;2024-11-14;2025-02-12;USD;41943.05;0;41943.05;ACEPTADO;PLANTA_CORONEL
DOC-2024-00141;FEX;50141;CL0032;V002;CP60;EXPORTACION;2024-11-14;2025-01-13;USD;32891.78;0;32891.78;ACEPTADO;PLANTA_CALDERA
DOC-2024-00605;FAC;100210;CL0156;V008;CP30;FOODSERVICE;2024-11-14;2024-12-14;CLP;2935789;557800;3493589;ACEPTADO;PLANTA_CORONEL
DOC-2024-00661;FAC;100262;CL0092;V005;CP45;FOODSERVICE;2024-11-14;2024-12-29;CLP;2991979;568476;3560455;ACEPTADO;PLANTA_TALCAHUANO
DOC-2024-01173;FAC;100727;CL0074;V007;CP30;FOODSERVICE;2024-11-14;2024-12-14;CLP;9607356;1825398;11432754;ACEPTADO;PLANTA_TALCAHUANO
DOC-2024-01479;FEE;8084;CL0196;V006;CP30;FOODSERVICE;2024-11-14;2024-12-14;CLP;1874222;0;1874222;ACEPTADO;PLANTA_CORONEL
DOC-2024-01483;FAC;101016;CL0106;V008;CP45;FOODSERVICE;2024-11-14;2024-12-29;CLP;4905009;931952;5836961;ACEPTADO;CD_SANTIAGO
DOC-2024-01743;FAC;101258;CL0301;V009;CP30;RETAIL;2024-11-14;2024-12-14;CLP;20763892;3945139;24709031;ACEPTADO;PLANTA_TALCAHUANO
DOC-2024-01764;FAC;101278;CL0301;V009;CP45;RETAIL;2024-11-14;2024-12-29;CLP;6203966;1178754;7382720;ACEPTADO;CD_SANTIAGO
DOC-2024-01969;FEE;8123;CL0241;V011;CP45;RETAIL;2024-11-14;2024-12-29;CLP;26490039;0;26490039;ACEPTADO;PLANTA_CORONEL
DOC-2024-00302;FEX;50302;CL0068;V002;CP60;EXPORTACION;2024-11-15;2025-01-14;USD;255695.63;0;255695.63;ACEPTADO;PLANTA_QUELLON
DOC-2024-00516;FAC;100126;CL0184;V005;CP30;FOODSERVICE;2024-11-15;2024-12-15;CLP;6796063;1291252;8087315;ACEPTADO;PLANTA_CORONEL
DOC-2024-00627;FAC;100232;CL0154;V005;CP60;FOODSERVICE;2024-11-15;2025-01-14;CLP;6603805;1254723;7858528;ACEPTADO;PLANTA_TALCAHUANO
DOC-2024-00676;FAC;100277;CL0120;V007;CP00;FOODSERVICE;2024-11-15;2024-11-15;CLP;4192973;796665;4989638;ACEPTADO;PLANTA_TALCAHUANO
DOC-2024-00742;FAC;100340;CL0155;V005;CP00;FOODSERVICE;2024-11-15;2024-11-15;CLP;2441714;463926;2905640;ACEPTADO;PLANTA_TALCAHUANO
DOC-2024-00764;FAC;100360;CL0178;V008;CP30;FOODSERVICE;2024-11-15;2024-12-15;CLP;19442778;3694128;23136906;ACEPTADO;PLANTA_CORONEL
DOC-2024-00790;FAC;100384;CL0139;V008;CP00;FOODSERVICE;2024-11-15;2024-11-30;CLP;6212171;1180312;7392483;ACEPTADO;PLANTA_CORONEL
DOC-2024-00837;FAC;100429;CL0074;V007;CP00;FOODSERVICE;2024-11-15;2024-11-15;CLP;7647805;1453083;9100888;ACEPTADO;CD_SANTIAGO
DOC-2024-00843;FAC;100435;CL0088;V005;CP30;FOODSERVICE;2024-11-15;2024-12-15;CLP;15159732;2880349;18040081;ACEPTADO;CD_SANTIAGO
DOC-2024-00926;FAC;100508;CL0164;V007;CP30;FOODSERVICE;2024-11-15;2024-12-15;CLP;7181375;1364461;8545836;ACEPTADO;PLANTA_TALCAHUANO
DOC-2024-00929;FAC;100511;CL0080;V007;CP30;FOODSERVICE;2024-11-15;2024-12-15;CLP;24504064;4655772;29159836;ACEPTADO;PLANTA_CORONEL
DOC-2024-00956;FAC;100535;CL0135;V005;CP45;FOODSERVICE;2024-11-15;2024-12-30;CLP;3294047;625869;3919916;ACEPTADO;PLANTA_TALCAHUANO
DOC-2024-01148;FAC;100705;CL0155;V005;CP30;FOODSERVICE;2024-11-15;2024-12-15;CLP;15927751;3026273;18954024;ACEPTADO;PLANTA_CORONEL
DOC-2024-01295;FAC;100842;CL0074;V007;CP30;FOODSERVICE;2024-11-15;2024-12-15;CLP;7391025;1404295;8795320;ACEPTADO;CD_SANTIAGO
DOC-2024-01309;FAC;100855;CL0125;V008;CP30;FOODSERVICE;2024-11-15;2024-12-15;CLP;1978237;375865;2354102;ACEPTADO;PLANTA_TALCAHUANO
DOC-2024-01368;FAC;100910;CL0151;V006;CP30;FOODSERVICE;2024-11-15;2024-12-15;CLP;2229397;423585;2652982;ACEPTADO;PLANTA_CORONEL
DOC-2024-01565;FAC;101092;CL0178;V008;CP60;FOODSERVICE;2024-11-15;2025-01-14;CLP;3085124;586174;3671298;ACEPTADO;CD_SANTIAGO
DOC-2024-01598;FAC;101125;CL0074;V007;CP60;FOODSERVICE;2024-11-15;2025-01-14;CLP;28698239;5452665;34150904;ACEPTADO;CD_SANTIAGO
DOC-2024-01646;FAC;101171;CL0095;V007;CP30;FOODSERVICE;2024-11-15;2024-12-15;CLP;2466263;468590;2934853;ACEPTADO;PLANTA_CORONEL
DOC-2024-01687;FAC;101209;CL0344;V010;CP30;RETAIL;2024-11-15;2024-12-15;CLP;2321901;441161;2763062;ACEPTADO;PLANTA_TALCAHUANO
DOC-2024-01701;FAC;101221;CL0297;V009;CP60;RETAIL;2024-11-15;2025-01-14;CLP;10360837;1968559;12329396;ACEPTADO;PLANTA_CORONEL
DOC-2024-01812;FAC;101321;CL0322;V011;CP30;RETAIL;2024-11-15;2024-12-15;CLP;17018268;3233471;20251739;ACEPTADO;CD_SANTIAGO
DOC-2024-01895;FEE;8114;CL0322;V011;CP60;RETAIL;2024-11-15;2025-01-14;CLP;12872891;0;12872891;ACEPTADO;PLANTA_CORONEL
DOC-2024-01932;FAC;101432;CL0307;V010;CP30;RETAIL;2024-11-15;2025-01-14;CLP;15283223;2903812;18187035;ACEPTADO;PLANTA_TALCAHUANO
DOC-2024-01942;FEE;8118;CL0337;V011;CP45;RETAIL;2024-11-15;2024-12-30;CLP;7013657;0;7013657;ACEPTADO;CD_SANTIAGO
DOC-2024-00125;FEX;50125;CL0012;V004;CP90;EXPORTACION;2024-11-18;2025-02-16;USD;93336.15;0;93336.15;ACEPTADO;PLANTA_CORONEL
DOC-2024-00740;FAC;100338;CL0144;V006;CP60;FOODSERVICE;2024-11-18;2025-01-17;CLP;8671897;1647660;10319557;ACEPTADO;PLANTA_TALCAHUANO
DOC-2024-00808;FAC;100402;CL0117;V008;CP45;FOODSERVICE;2024-11-18;2025-01-02;CLP;5071563;963597;6035160;ACEPTADO;PLANTA_TALCAHUANO
DOC-2024-01131;FEE;8058;CL0214;V008;CP45;FOODSERVICE;2024-11-18;2025-01-02;CLP;12765621;0;12765621;ACEPTADO;PLANTA_TALCAHUANO
DOC-2024-01300;FAC;100847;CL0128;V005;CP60;FOODSERVICE;2024-11-18;2025-01-17;CLP;4969216;944151;5913367;ACEPTADO;PLANTA_CORONEL
DOC-2024-01366;FAC;100908;CL0140;V007;CP30;FOODSERVICE;2024-11-18;2024-12-18;CLP;5334979;1013646;6348625;RECLAMADO;CD_SANTIAGO
DOC-2024-01381;FAC;100920;CL0143;V006;CP30;FOODSERVICE;2024-11-18;2024-12-18;CLP;2846766;540886;3387652;ACEPTADO;PLANTA_TALCAHUANO
DOC-2024-01395;FAC;100934;CL0156;V008;CP60;FOODSERVICE;2024-11-18;2025-01-17;CLP;3607754;685473;4293227;ACEPTADO;PLANTA_TALCAHUANO
DOC-2024-01526;FAC;101055;CL0102;V008;CP30;FOODSERVICE;2024-11-18;2024-12-18;CLP;3936248;747887;4684135;ACEPTADO;PLANTA_CORONEL
DOC-2024-01705;FAC;101224;CL0339;V011;CP45;RETAIL;2024-11-18;2025-01-02;CLP;3673230;697914;4371144;ACEPTADO;PLANTA_CORONEL
DOC-2024-01776;FAC;101288;CL0301;V009;CP45;RETAIL;2024-11-18;2025-01-02;CLP;6935037;1317657;8252694;ACEPTADO;PLANTA_CORONEL
DOC-2024-01861;FAC;101367;CL0279;V010;CP45;RETAIL;2024-11-18;2025-01-02;CLP;42855573;8142559;50998132;ACEPTADO;PLANTA_TALCAHUANO
DOC-2024-00337;FEX;50337;CL0032;V002;CP60;EXPORTACION;2024-11-19;2025-03-04;USD;160006.97;0;160006.97;ACEPTADO;PLANTA_TALCAHUANO
DOC-2024-00553;FEE;8010;CL0102;V008;CP30;FOODSERVICE;2024-11-19;2024-12-19;CLP;1819668;0;1819668;ACEPTADO;PLANTA_TALCAHUANO
DOC-2024-01146;FAC;100703;CL0143;V006;CP00;FOODSERVICE;2024-11-19;2024-11-19;CLP;10770108;2046321;12816429;ACEPTADO;PLANTA_CORONEL
DOC-2024-01162;FAC;100717;CL0119;V007;CP30;FOODSERVICE;2024-11-19;2024-12-19;CLP;1254556;238366;1492922;ACEPTADO;PLANTA_CORONEL
DOC-2024-01459;FAC;100994;CL0131;V006;CP30;FOODSERVICE;2024-11-19;2024-12-19;CLP;6786796;1289491;8076287;ACEPTADO;CD_SANTIAGO
DOC-2024-00349;FEX;50349;CL0003;V003;CP120;EXPORTACION;2024-11-20;2025-03-20;USD;26597.42;0;26597.42;ACEPTADO;PLANTA_QUELLON
DOC-2024-00396;FAC;100012;CL0214;V008;CP45;FOODSERVICE;2024-11-20;2025-01-04;CLP;9226948;1753120;10980068;ACEPTADO;PLANTA_TALCAHUANO
DOC-2024-00496;FAC;100108;CL0118;V007;CP45;FOODSERVICE;2024-11-20;2025-01-04;CLP;7323142;1391397;8714539;ACEPTADO;PLANTA_CORONEL
DOC-2024-00623;FAC;100228;CL0143;V006;CP30;FOODSERVICE;2024-11-20;2024-12-20;CLP;3798653;721744;4520397;ACEPTADO;PLANTA_TALCAHUANO
DOC-2024-01071;FAC;100641;CL0215;V008;CP45;FOODSERVICE;2024-11-20;2025-01-04;CLP;1505893;286120;1792013;ACEPTADO;PLANTA_CORONEL
DOC-2024-01188;FAC;100742;CL0124;V006;CP45;FOODSERVICE;2024-11-20;2025-01-04;CLP;7504206;1425799;8930005;ACEPTADO;PLANTA_CORONEL
DOC-2024-01567;FAC;101094;CL0209;V006;CP30;FOODSERVICE;2024-11-20;2024-12-20;CLP;3606431;685222;4291653;ACEPTADO;PLANTA_CORONEL
DOC-2024-01780;FAC;101292;CL0342;V011;CP45;RETAIL;2024-11-20;2025-01-04;CLP;8952601;1700994;10653595;ACEPTADO;CD_SANTIAGO
DOC-2024-01941;FAC;101441;CL0314;V009;CP45;RETAIL;2024-11-20;2025-01-04;CLP;8205356;1559018;9764374;ACEPTADO;PLANTA_CORONEL
DOC-2024-00032;FEX;50032;CL0058;V004;CP60;EXPORTACION;2024-11-21;2025-01-20;USD;44691.48;0;44691.48;ACEPTADO;PLANTA_CALDERA
DOC-2024-00354;FEX;50354;CL0068;V002;CP90;EXPORTACION;2024-11-21;2025-02-19;USD;27455.26;0;27455.26;ACEPTADO;PLANTA_TALCAHUANO
DOC-2024-00570;FAC;100177;CL0220;V007;CP45;FOODSERVICE;2024-11-21;2025-01-05;CLP;9277225;1762673;11039898;RECLAMADO;PLANTA_TALCAHUANO
DOC-2024-01147;FAC;100704;CL0205;V007;CP30;FOODSERVICE;2024-11-21;2024-12-21;CLP;4191605;796405;4988010;ACEPTADO;CD_SANTIAGO
DOC-2024-01813;FAC;101322;CL0335;V011;CP45;RETAIL;2024-11-21;2025-01-05;CLP;5996726;1139378;7136104;ACEPTADO;PLANTA_CORONEL
DOC-2024-02021;FAC;101511;CL0265;V009;CP45;RETAIL;2024-11-21;2025-01-05;CLP;32273969;6132054;38406023;ACEPTADO;PLANTA_TALCAHUANO
DOC-2024-00134;FEX;50134;CL0048;V001;CP60;EXPORTACION;2024-11-22;2025-01-21;USD;20860.56;0;20860.56;ACEPTADO;PLANTA_TALCAHUANO
DOC-2024-00203;FEX;50203;CL0072;V004;CP60;EXPORTACION;2024-11-22;2025-01-21;USD;39508.71;0;39508.71;ACEPTADO;PLANTA_CALDERA
DOC-2024-00227;FEX;50227;CL0032;V002;CP120;EXPORTACION;2024-11-22;2025-03-02;USD;32430.58;0;32430.58;ACEPTADO;PLANTA_QUELLON
DOC-2024-00259;FEX;50259;CL0032;V002;CP120;EXPORTACION;2024-11-22;2025-05-06;USD;34083.21;0;34083.21;ACEPTADO;PLANTA_TALCAHUANO
DOC-2024-00872;FAC;100461;CL0198;V006;CP30;FOODSERVICE;2024-11-22;2024-12-22;CLP;4282656;813705;5096361;ACEPTADO;CD_SANTIAGO
DOC-2024-01095;FAC;100659;CL0091;V007;CP30;FOODSERVICE;2024-11-22;2024-12-22;CLP;5858364;1113089;6971453;RECLAMADO;PLANTA_TALCAHUANO
DOC-2024-01230;FAC;100782;CL0148;V006;CP45;FOODSERVICE;2024-11-22;2025-01-06;CLP;8953235;1701115;10654350;ACEPTADO;PLANTA_CORONEL
DOC-2024-01244;FAC;100795;CL0123;V006;CP30;FOODSERVICE;2024-11-22;2024-12-22;CLP;3113899;591641;3705540;ACEPTADO;PLANTA_TALCAHUANO
DOC-2024-01508;FAC;101038;CL0137;V007;CP45;FOODSERVICE;2024-11-22;2025-01-06;CLP;4067828;772887;4840715;ACEPTADO;CD_SANTIAGO
DOC-2024-01680;FEE;8094;CL0245;V011;CP60;RETAIL;2024-11-22;2025-01-21;CLP;31619383;0;31619383;ACEPTADO;CD_SANTIAGO
DOC-2024-01684;FAC;101206;CL0279;V010;CP45;RETAIL;2024-11-22;2025-01-06;CLP;77086706;14646474;91733180;ACEPTADO;CD_SANTIAGO
DOC-2024-01782;FAC;101294;CL0232;V009;CP90;RETAIL;2024-11-22;2025-02-20;CLP;8814211;1674700;10488911;ACEPTADO;CD_SANTIAGO
DOC-2024-01831;FAC;101339;CL0288;V010;CP30;RETAIL;2024-11-22;2024-12-22;CLP;5186483;985432;6171915;ACEPTADO;CD_SANTIAGO
DOC-2024-00190;FEX;50190;CL0012;V004;CP90;EXPORTACION;2024-11-25;2025-02-23;USD;83447.35;0;83447.35;ACEPTADO;PLANTA_QUELLON
DOC-2024-00471;FAC;100085;CL0203;V008;CP30;FOODSERVICE;2024-11-25;2024-12-25;CLP;6350076;1206514;7556590;ACEPTADO;CD_SANTIAGO
DOC-2024-00507;FAC;100118;CL0100;V008;CP30;FOODSERVICE;2024-11-25;2024-12-25;CLP;3010815;572055;3582870;ACEPTADO;PLANTA_CORONEL
DOC-2024-00858;FAC;100448;CL0203;V008;CP00;FOODSERVICE;2024-11-25;2024-11-25;CLP;2499642;474932;2974574;ACEPTADO;PLANTA_CORONEL
DOC-2024-01213;FAC;100767;CL0137;V007;CP00;FOODSERVICE;2024-11-25;2024-11-25;CLP;4079363;775079;4854442;ACEPTADO;PLANTA_TALCAHUANO
DOC-2024-01597;FAC;101124;CL0167;V008;CP45;FOODSERVICE;2024-11-25;2025-01-09;CLP;2440689;463731;2904420;ACEPTADO;PLANTA_CORONEL
DOC-2024-01800;FAC;101309;CL0279;V010;CP30;RETAIL;2024-11-25;2024-12-25;CLP;39493259;7503719;46996978;ACEPTADO;PLANTA_TALCAHUANO
DOC-2024-00578;FAC;100185;CL0074;V007;CP45;FOODSERVICE;2024-11-26;2025-01-10;CLP;7756912;1473813;9230725;ACEPTADO;CD_SANTIAGO
DOC-2024-00814;FAC;100408;CL0147;V005;CP30;FOODSERVICE;2024-11-26;2024-12-26;CLP;7584410;1441038;9025448;ACEPTADO;PLANTA_CORONEL
DOC-2024-00849;FAC;100441;CL0090;V007;CP45;FOODSERVICE;2024-11-26;2025-01-10;CLP;3759669;714337;4474006;ACEPTADO;CD_SANTIAGO
DOC-2024-01266;FAC;100815;CL0144;V006;CP30;FOODSERVICE;2024-11-26;2024-12-26;CLP;1815572;344959;2160531;ACEPTADO;PLANTA_TALCAHUANO
DOC-2024-01399;FAC;100938;CL0074;V007;CP60;FOODSERVICE;2024-11-26;2025-01-25;CLP;10122629;1923300;12045929;ACEPTADO;PLANTA_CORONEL
DOC-2024-01754;FAC;101269;CL0266;V012;CP60;RETAIL;2024-11-26;2025-01-25;CLP;44211360;8400158;52611518;ACEPTADO;CD_SANTIAGO
DOC-2024-00097;FEX;50097;CL0012;V004;CP90;EXPORTACION;2024-11-27;2025-02-25;USD;117282.85;0;117282.85;ACEPTADO;PLANTA_TALCAHUANO
DOC-2024-00381;FEX;50381;CL0032;V002;CP90;EXPORTACION;2024-11-27;2025-02-25;USD;68811.19;0;68811.19;ACEPTADO;PLANTA_TALCAHUANO
DOC-2024-00437;FAC;100053;CL0123;V006;CP45;FOODSERVICE;2024-11-27;2025-01-11;CLP;5889072;1118924;7007996;ACEPTADO;PLANTA_CORONEL
DOC-2024-01519;FAC;101048;CL0090;V007;CP30;FOODSERVICE;2024-11-27;2024-12-27;CLP;4129743;784651;4914394;ACEPTADO;CD_SANTIAGO
DOC-2024-00036;FEX;50036;CL0034;V004;CP60;EXPORTACION;2024-11-28;2025-01-27;USD;104588.76;0;104588.76;ACEPTADO;PLANTA_CORONEL
DOC-2024-00992;FAC;100568;CL0073;V005;CP60;FOODSERVICE;2024-11-28;2025-01-27;CLP;6896963;1310423;8207386;ACEPTADO;PLANTA_TALCAHUANO
DOC-2024-01092;FAC;100656;CL0215;V008;CP45;FOODSERVICE;2024-11-28;2025-01-12;CLP;13387840;2543690;15931530;ACEPTADO;PLANTA_CORONEL
DOC-2024-01205;FAC;100759;CL0095;V007;CP30;FOODSERVICE;2024-11-28;2024-12-28;CLP;3216907;611212;3828119;ACEPTADO;CD_SANTIAGO
DOC-2024-01298;FAC;100845;CL0118;V007;CP30;FOODSERVICE;2024-11-28;2024-12-28;CLP;5878567;1116928;6995495;ACEPTADO;PLANTA_CORONEL
DOC-2024-01344;FAC;100888;CL0073;V005;CP30;FOODSERVICE;2024-11-28;2024-12-28;CLP;30165437;5731433;35896870;ACEPTADO;PLANTA_CORONEL
DOC-2024-01372;FEE;8076;CL0099;V008;CP30;FOODSERVICE;2024-11-28;2024-12-28;CLP;5343514;0;5343514;ACEPTADO;PLANTA_CORONEL
DOC-2024-00181;FEX;50181;CL0049;V003;CP60;EXPORTACION;2024-11-29;2025-01-28;USD;104064.75;0;104064.75;ACEPTADO;PLANTA_CALDERA
DOC-2024-00607;FAC;100212;CL0128;V005;CP30;FOODSERVICE;2024-11-29;2024-12-29;CLP;2643867;502335;3146202;ACEPTADO;PLANTA_CORONEL
DOC-2024-00765;FAC;100361;CL0089;V008;CP30;FOODSERVICE;2024-11-29;2024-12-29;CLP;1472180;279714;1751894;ACEPTADO;CD_SANTIAGO
DOC-2024-00916;FAC;100498;CL0219;V007;CP30;FOODSERVICE;2024-11-29;2024-12-29;CLP;3592504;682576;4275080;ACEPTADO;PLANTA_TALCAHUANO
DOC-2024-00928;FAC;100510;CL0144;V006;CP60;FOODSERVICE;2024-11-29;2025-01-28;CLP;14305288;2718005;17023293;ACEPTADO;PLANTA_CORONEL
DOC-2024-01055;FAC;100626;CL0138;V005;CP30;FOODSERVICE;2024-11-29;2024-12-29;CLP;4756290;903695;5659985;ACEPTADO;PLANTA_CORONEL
DOC-2024-01285;FAC;100833;CL0168;V005;CP60;FOODSERVICE;2024-11-29;2025-01-28;CLP;5515369;1047920;6563289;ACEPTADO;PLANTA_CORONEL
DOC-2024-01416;FAC;100954;CL0123;V006;CP60;FOODSERVICE;2024-11-29;2025-01-28;CLP;11705907;2224122;13930029;ACEPTADO;PLANTA_CORONEL
DOC-2024-01419;FAC;100957;CL0079;V008;CP60;FOODSERVICE;2024-11-29;2025-01-28;CLP;17889553;3399015;21288568;ACEPTADO;CD_SANTIAGO
DOC-2024-01500;FAC;101030;CL0117;V008;CP30;FOODSERVICE;2024-11-29;2024-12-29;CLP;3018200;573458;3591658;RECLAMADO;CD_SANTIAGO
DOC-2024-01601;FAC;101128;CL0119;V007;CP30;FOODSERVICE;2024-11-29;2024-12-29;CLP;5725848;1087911;6813759;ACEPTADO;PLANTA_CORONEL
DOC-2024-01658;FAC;101183;CL0205;V007;CP45;FOODSERVICE;2024-11-29;2025-01-13;CLP;5358367;1018090;6376457;ACEPTADO;CD_SANTIAGO
DOC-2024-00448;FAC;100063;CL0184;V005;CP45;FOODSERVICE;2024-12-02;2025-01-16;CLP;2892675;549608;3442283;ACEPTADO;PLANTA_TALCAHUANO
DOC-2024-01262;FAC;100811;CL0088;V005;CP00;FOODSERVICE;2024-12-02;2024-12-02;CLP;5310691;1009031;6319722;ACEPTADO;PLANTA_CORONEL
DOC-2024-01699;FAC;101219;CL0255;V009;CP90;RETAIL;2024-12-02;2025-03-02;CLP;3435758;652794;4088552;ACEPTADO;PLANTA_TALCAHUANO
DOC-2024-01720;FAC;101237;CL0260;V012;CP90;RETAIL;2024-12-02;2025-03-02;CLP;10896101;2070259;12966360;ACEPTADO;PLANTA_TALCAHUANO
DOC-2024-00490;FAC;100103;CL0171;V008;CP60;FOODSERVICE;2024-12-03;2025-02-01;CLP;3091586;587401;3678987;ACEPTADO;PLANTA_CORONEL
DOC-2024-00595;FAC;100201;CL0118;V007;CP45;FOODSERVICE;2024-12-03;2025-03-18;CLP;22765381;4325422;27090803;ACEPTADO;CD_SANTIAGO
DOC-2024-01914;FAC;101416;CL0280;V010;CP30;RETAIL;2024-12-03;2025-01-02;CLP;2295022;436054;2731076;ACEPTADO;PLANTA_TALCAHUANO
DOC-2024-00723;FAC;100321;CL0112;V008;CP00;FOODSERVICE;2024-12-04;2024-12-04;CLP;3484340;662025;4146365;ACEPTADO;CD_SANTIAGO
DOC-2024-01328;FAC;100873;CL0151;V006;CP60;FOODSERVICE;2024-12-04;2025-02-02;CLP;5557746;1055972;6613718;ACEPTADO;CD_SANTIAGO
DOC-2024-01580;FAC;101107;CL0117;V008;CP30;FOODSERVICE;2024-12-04;2025-01-03;CLP;12548141;2384147;14932288;ACEPTADO;PLANTA_TALCAHUANO
DOC-2024-01907;FAC;101409;CL0321;V010;CP30;RETAIL;2024-12-04;2025-01-03;CLP;11211759;2130234;13341993;ACEPTADO;PLANTA_TALCAHUANO
DOC-2024-00403;FAC;100019;CL0195;V006;CP30;FOODSERVICE;2024-12-05;2025-01-04;CLP;15781862;2998554;18780416;ACEPTADO;PLANTA_CORONEL
DOC-2024-00486;FAC;100100;CL0091;V007;CP30;FOODSERVICE;2024-12-05;2025-01-04;CLP;8550302;1624557;10174859;ACEPTADO;PLANTA_TALCAHUANO
DOC-2024-00554;FAC;100161;CL0158;V007;CP60;FOODSERVICE;2024-12-05;2025-02-03;CLP;3401074;646204;4047278;ACEPTADO;PLANTA_TALCAHUANO
DOC-2024-00961;FAC;100540;CL0215;V008;CP60;FOODSERVICE;2024-12-05;2025-02-03;CLP;2924618;555677;3480295;ACEPTADO;PLANTA_TALCAHUANO
DOC-2024-01223;FAC;100776;CL0111;V008;CP30;FOODSERVICE;2024-12-05;2025-01-04;CLP;10656964;2024823;12681787;ACEPTADO;CD_SANTIAGO
DOC-2024-01348;FAC;100892;CL0119;V007;CP30;FOODSERVICE;2024-12-05;2025-01-04;CLP;3358630;638140;3996770;ACEPTADO;PLANTA_TALCAHUANO
DOC-2024-01520;FAC;101049;CL0106;V008;CP60;FOODSERVICE;2024-12-05;2025-02-03;CLP;2283201;433808;2717009;ACEPTADO;CD_SANTIAGO
DOC-2024-01984;FAC;101477;CL0223;V011;CP90;RETAIL;2024-12-05;2025-04-19;CLP;9315723;1769987;11085710;ACEPTADO;CD_SANTIAGO
DOC-2024-00145;FEX;50145;CL0032;V002;CP90;EXPORTACION;2024-12-06;2025-03-06;USD;289307.36;0;289307.36;ACEPTADO;PLANTA_CORONEL
DOC-2024-00230;FEX;50230;CL0012;V004;CP90;EXPORTACION;2024-12-06;2025-03-06;USD;50093.17;0;50093.17;ACEPTADO;PLANTA_QUELLON
DOC-2024-00264;FEX;50264;CL0032;V002;CP60;EXPORTACION;2024-12-06;2025-02-04;USD;87253.46;0;87253.46;ACEPTADO;PLANTA_CORONEL
DOC-2024-00270;FEX;50270;CL0049;V003;CP60;EXPORTACION;2024-12-06;2025-02-04;USD;81044.9;0;81044.9;ACEPTADO;PLANTA_CALDERA
DOC-2024-00390;FAC;100006;CL0126;V005;CP30;FOODSERVICE;2024-12-06;2025-01-05;CLP;31838934;6049397;37888331;ACEPTADO;PLANTA_TALCAHUANO
DOC-2024-00457;FAC;100071;CL0097;V007;CP30;FOODSERVICE;2024-12-06;2025-01-05;CLP;2631075;499904;3130979;ACEPTADO;CD_SANTIAGO
DOC-2024-00662;FAC;100263;CL0140;V007;CP30;FOODSERVICE;2024-12-06;2025-01-05;CLP;4353040;827078;5180118;ACEPTADO;PLANTA_CORONEL
DOC-2024-00679;FAC;100280;CL0118;V007;CP30;FOODSERVICE;2024-12-06;2025-01-05;CLP;1987091;377547;2364638;ACEPTADO;PLANTA_TALCAHUANO
DOC-2024-00744;FAC;100342;CL0161;V005;CP30;FOODSERVICE;2024-12-06;2025-01-05;CLP;3126574;594049;3720623;ACEPTADO;PLANTA_CORONEL
DOC-2024-00763;FAC;100359;CL0197;V008;CP60;FOODSERVICE;2024-12-06;2025-02-04;CLP;7268341;1380985;8649326;ACEPTADO;CD_SANTIAGO
DOC-2024-00841;FAC;100433;CL0189;V008;CP45;FOODSERVICE;2024-12-06;2025-01-20;CLP;3386281;643393;4029674;ACEPTADO;PLANTA_TALCAHUANO
DOC-2024-00863;FEE;8028;CL0193;V008;CP45;FOODSERVICE;2024-12-06;2025-01-20;CLP;18897101;0;18897101;ACEPTADO;CD_SANTIAGO
DOC-2024-01098;FAC;100661;CL0178;V008;CP60;FOODSERVICE;2024-12-06;2025-02-04;CLP;3510692;667031;4177723;ACEPTADO;PLANTA_CORONEL
DOC-2024-01157;FEE;8062;CL0171;V008;CP30;FOODSERVICE;2024-12-06;2025-01-05;CLP;3758011;0;3758011;ACEPTADO;PLANTA_CORONEL
DOC-2024-01234;FAC;100786;CL0178;V008;CP30;FOODSERVICE;2024-12-06;2025-01-05;CLP;5056715;960776;6017491;ACEPTADO;PLANTA_TALCAHUANO
DOC-2024-01251;FAC;100802;CL0155;V005;CP45;FOODSERVICE;2024-12-06;2025-01-20;CLP;9860902;1873571;11734473;ACEPTADO;PLANTA_CORONEL
DOC-2024-01474;FEE;8083;CL0161;V005;CP45;FOODSERVICE;2024-12-06;2025-01-20;CLP;7180305;0;7180305;ACEPTADO;PLANTA_TALCAHUANO
DOC-2024-01713;FAC;101230;CL0305;V009;CP60;RETAIL;2024-12-06;2025-02-04;CLP;1986652;377464;2364116;ACEPTADO;CD_SANTIAGO
DOC-2024-01775;FAC;101287;CL0331;V011;CP30;RETAIL;2024-12-06;2025-01-05;CLP;6962009;1322782;8284791;ACEPTADO;PLANTA_CORONEL
DOC-2024-01943;FAC;101442;CL0248;V011;CP60;RETAIL;2024-12-06;2025-02-04;CLP;10061002;1911590;11972592;ACEPTADO;PLANTA_CORONEL
DOC-2024-01965;FAC;101460;CL0226;V009;CP90;RETAIL;2024-12-06;2025-03-06;CLP;4228470;803409;5031879;ACEPTADO;PLANTA_TALCAHUANO
DOC-2024-01999;FAC;101489;CL0321;V010;CP60;RETAIL;2024-12-06;2025-02-04;CLP;52881681;10047519;62929200;ACEPTADO;PLANTA_CORONEL
DOC-2024-02006;FAC;101496;CL0298;V012;CP45;RETAIL;2024-12-06;2025-01-20;CLP;7745507;1471646;9217153;ACEPTADO;PLANTA_CORONEL
DOC-2024-00378;FEX;50378;CL0069;V001;CP60;EXPORTACION;2024-12-09;2025-02-07;USD;23732.88;0;23732.88;ACEPTADO;PLANTA_QUELLON
DOC-2024-01155;FAC;100711;CL0116;V006;CP45;FOODSERVICE;2024-12-09;2025-01-23;CLP;5529970;1050694;6580664;ACEPTADO;PLANTA_TALCAHUANO
DOC-2024-01197;FAC;100751;CL0108;V005;CP45;FOODSERVICE;2024-12-09;2025-01-23;CLP;7209440;1369794;8579234;ACEPTADO;PLANTA_TALCAHUANO
DOC-2024-01201;FAC;100755;CL0221;V005;CP60;FOODSERVICE;2024-12-09;2025-02-07;CLP;11219153;2131639;13350792;ACEPTADO;PLANTA_CORONEL
DOC-2024-01509;FAC;101039;CL0084;V005;CP60;FOODSERVICE;2024-12-09;2025-02-07;CLP;999916;189984;1189900;ACEPTADO;PLANTA_TALCAHUANO
DOC-2024-01807;FAC;101316;CL0245;V011;CP90;RETAIL;2024-12-09;2025-03-09;CLP;118143721;22447307;140591028;ACEPTADO;CD_SANTIAGO
DOC-2024-01877;FAC;101382;CL0224;V010;CP60;RETAIL;2024-12-09;2025-02-07;CLP;33631577;6390000;40021577;RECLAMADO;PLANTA_CORONEL
DOC-2024-01929;FAC;101429;CL0243;V010;CP60;RETAIL;2024-12-09;2025-02-07;CLP;5370946;1020480;6391426;ACEPTADO;PLANTA_CORONEL
DOC-2024-00003;FEX;50003;CL0060;V003;CP90;EXPORTACION;2024-12-10;2025-03-10;USD;13566.54;0;13566.54;ACEPTADO;PLANTA_CORONEL
DOC-2024-00023;FEX;50023;CL0032;V002;CP60;EXPORTACION;2024-12-10;2025-02-08;USD;87059.27;0;87059.27;ACEPTADO;PLANTA_QUELLON
DOC-2024-00090;FEX;50090;CL0032;V002;CP60;EXPORTACION;2024-12-10;2025-02-08;USD;136620.83;0;136620.83;ACEPTADO;PLANTA_CORONEL
DOC-2024-00234;FEX;50234;CL0032;V002;CP90;EXPORTACION;2024-12-10;2025-03-10;USD;409986.97;0;409986.97;ACEPTADO;PLANTA_CORONEL
DOC-2024-00705;FAC;100303;CL0074;V007;CP30;FOODSERVICE;2024-12-10;2025-01-09;CLP;31559238;5996255;37555493;ACEPTADO;PLANTA_CORONEL
DOC-2024-01697;FAC;101217;CL0307;V010;CP45;RETAIL;2024-12-10;2025-01-24;CLP;8504439;1615843;10120282;ACEPTADO;PLANTA_CORONEL
DOC-2024-01769;FAC;101281;CL0320;V009;CP30;RETAIL;2024-12-10;2025-01-09;CLP;18799783;3571959;22371742;ACEPTADO;CD_SANTIAGO
DOC-2024-01864;FAC;101370;CL0342;V011;CP45;RETAIL;2024-12-10;2025-01-24;CLP;10005437;1901033;11906470;ACEPTADO;PLANTA_TALCAHUANO
DOC-2024-00135;FEX;50135;CL0032;V002;CP120;EXPORTACION;2024-12-11;2025-04-10;USD;103163.47;0;103163.47;ACEPTADO;PLANTA_CALDERA
DOC-2024-00552;FAC;100160;CL0076;V005;CP30;FOODSERVICE;2024-12-11;2025-01-10;CLP;1116671;212167;1328838;ACEPTADO;CD_SANTIAGO
DOC-2024-00618;FAC;100223;CL0142;V007;CP45;FOODSERVICE;2024-12-11;2025-01-25;CLP;2038626;387339;2425965;ACEPTADO;CD_SANTIAGO
DOC-2024-00834;FAC;100427;CL0192;V006;CP45;FOODSERVICE;2024-12-11;2025-01-25;CLP;5286525;1004440;6290965;ANULADO;PLANTA_CORONEL
DOC-2024-01046;FAC;100617;CL0155;V005;CP00;FOODSERVICE;2024-12-11;2024-12-11;CLP;8688865;1650884;10339749;ACEPTADO;PLANTA_TALCAHUANO
DOC-2024-01103;FAC;100665;CL0112;V008;CP45;FOODSERVICE;2024-12-11;2025-02-09;CLP;2635185;500685;3135870;ACEPTADO;PLANTA_CORONEL
DOC-2024-01939;FAC;101439;CL0279;V010;CP30;RETAIL;2024-12-11;2025-01-10;CLP;48733973;9259455;57993428;ACEPTADO;PLANTA_CORONEL
DOC-2024-02012;FAC;101502;CL0325;V011;CP45;RETAIL;2024-12-11;2025-01-25;CLP;12390220;2354142;14744362;ACEPTADO;PLANTA_TALCAHUANO
DOC-2024-00079;FEX;50079;CL0023;V002;CP60;EXPORTACION;2024-12-12;2025-02-10;USD;45792.77;0;45792.77;ACEPTADO;PLANTA_CALDERA
DOC-2024-00350;FEX;50350;CL0014;V003;CP120;EXPORTACION;2024-12-12;2025-04-11;USD;83929.78;0;83929.78;ACEPTADO;PLANTA_TALCAHUANO
DOC-2024-00429;FAC;100045;CL0161;V005;CP45;FOODSERVICE;2024-12-12;2025-01-26;CLP;6316529;1200141;7516670;ACEPTADO;CD_SANTIAGO
DOC-2024-01117;FAC;100679;CL0161;V005;CP60;FOODSERVICE;2024-12-12;2025-02-10;CLP;8006261;1521190;9527451;ACEPTADO;PLANTA_TALCAHUANO
DOC-2024-01164;FEE;8063;CL0140;V007;CP30;FOODSERVICE;2024-12-12;2025-02-10;CLP;2616125;0;2616125;ACEPTADO;PLANTA_TALCAHUANO
DOC-2024-01475;FAC;101009;CL0193;V008;CP30;FOODSERVICE;2024-12-12;2025-01-11;CLP;4110662;781026;4891688;ACEPTADO;PLANTA_CORONEL
DOC-2024-00278;FEX;50278;CL0037;V002;CP60;EXPORTACION;2024-12-13;2025-02-11;USD;27963.96;0;27963.96;ACEPTADO;PLANTA_CALDERA
DOC-2024-00303;FEX;50303;CL0046;V001;CP60;EXPORTACION;2024-12-13;2025-02-11;USD;32476.11;0;32476.11;ACEPTADO;PLANTA_QUELLON
DOC-2024-00346;FEX;50346;CL0032;V002;CP90;EXPORTACION;2024-12-13;2025-03-13;USD;121106.88;0;121106.88;ACEPTADO;PLANTA_CORONEL
DOC-2024-00407;FAC;100023;CL0121;V007;CP30;FOODSERVICE;2024-12-13;2025-01-12;CLP;2879714;547146;3426860;ACEPTADO;CD_SANTIAGO
DOC-2024-00443;FAC;100058;CL0176;V008;CP45;FOODSERVICE;2024-12-13;2025-01-27;CLP;7871136;1495516;9366652;ACEPTADO;CD_SANTIAGO
DOC-2024-00522;FAC;100131;CL0141;V006;CP30;FOODSERVICE;2024-12-13;2025-01-12;CLP;1495080;284065;1779145;ACEPTADO;CD_SANTIAGO
DOC-2024-00533;FAC;100142;CL0102;V008;CP30;FOODSERVICE;2024-12-13;2025-01-12;CLP;2506257;476189;2982446;ACEPTADO;CD_SANTIAGO
DOC-2024-00645;FEE;8015;CL0141;V006;CP45;FOODSERVICE;2024-12-13;2025-01-27;CLP;12384980;0;12384980;ACEPTADO;CD_SANTIAGO
DOC-2024-00659;FAC;100260;CL0160;V006;CP30;FOODSERVICE;2024-12-13;2025-01-12;CLP;2577397;489705;3067102;ACEPTADO;CD_SANTIAGO
DOC-2024-00698;FAC;100297;CL0073;V005;CP60;FOODSERVICE;2024-12-13;2025-02-11;CLP;7028007;1335321;8363328;ACEPTADO;PLANTA_CORONEL
DOC-2024-00865;FAC;100454;CL0073;V005;CP60;FOODSERVICE;2024-12-13;2025-02-11;CLP;32720973;6216985;38937958;ACEPTADO;PLANTA_CORONEL
DOC-2024-01011;FAC;100587;CL0074;V007;CP30;FOODSERVICE;2024-12-13;2025-01-12;CLP;17357170;3297862;20655032;ACEPTADO;CD_SANTIAGO
DOC-2024-01114;FAC;100676;CL0211;V006;CP00;FOODSERVICE;2024-12-13;2024-12-13;CLP;24810700;4714033;29524733;ACEPTADO;PLANTA_CORONEL
DOC-2024-01118;FAC;100680;CL0161;V005;CP45;FOODSERVICE;2024-12-13;2025-01-27;CLP;7013861;1332634;8346495;ACEPTADO;PLANTA_TALCAHUANO
DOC-2024-01210;FAC;100764;CL0161;V005;CP30;FOODSERVICE;2024-12-13;2025-01-12;CLP;10929129;2076535;13005664;ACEPTADO;PLANTA_TALCAHUANO
DOC-2024-01320;FAC;100866;CL0190;V006;CP45;FOODSERVICE;2024-12-13;2025-01-27;CLP;6618987;1257608;7876595;ACEPTADO;PLANTA_TALCAHUANO
DOC-2024-01412;FAC;100951;CL0120;V007;CP60;FOODSERVICE;2024-12-13;2025-02-11;CLP;8990175;1708133;10698308;ACEPTADO;PLANTA_CORONEL
DOC-2024-01426;FAC;100964;CL0139;V008;CP30;FOODSERVICE;2024-12-13;2025-01-12;CLP;7516440;1428124;8944564;ACEPTADO;PLANTA_CORONEL
DOC-2024-01481;FAC;101014;CL0214;V008;CP45;FOODSERVICE;2024-12-13;2025-01-27;CLP;8999785;1709959;10709744;ACEPTADO;PLANTA_CORONEL
DOC-2024-01619;FAC;101145;CL0129;V007;CP45;FOODSERVICE;2024-12-13;2025-01-27;CLP;7185414;1365229;8550643;ACEPTADO;PLANTA_CORONEL
DOC-2024-01728;FAC;101244;CL0279;V010;CP30;RETAIL;2024-12-13;2025-01-12;CLP;23530945;4470880;28001825;ACEPTADO;CD_SANTIAGO
DOC-2024-01881;FAC;101386;CL0223;V011;CP90;RETAIL;2024-12-13;2025-03-28;CLP;4360693;828532;5189225;ACEPTADO;PLANTA_CORONEL
DOC-2024-02009;FAC;101499;CL0296;V011;CP45;RETAIL;2024-12-13;2025-01-27;CLP;13098729;2488759;15587488;ACEPTADO;PLANTA_TALCAHUANO
DOC-2024-00697;FAC;100296;CL0217;V007;CP45;FOODSERVICE;2024-12-16;2025-01-30;CLP;6437366;1223100;7660466;ACEPTADO;PLANTA_CORONEL
DOC-2024-00709;FAC;100307;CL0171;V008;CP30;FOODSERVICE;2024-12-16;2025-01-15;CLP;2686088;510357;3196445;ACEPTADO;CD_SANTIAGO
DOC-2024-01022;FAC;100595;CL0155;V005;CP45;FOODSERVICE;2024-12-16;2025-01-30;CLP;6002939;1140558;7143497;RECLAMADO;PLANTA_TALCAHUANO
DOC-2024-01501;FAC;101031;CL0128;V005;CP30;FOODSERVICE;2024-12-16;2025-01-30;CLP;2728294;518376;3246670;ACEPTADO;PLANTA_CORONEL
DOC-2024-01973;FAC;101467;CL0313;V009;CP30;RETAIL;2024-12-16;2025-01-15;CLP;6995613;1329166;8324779;ACEPTADO;CD_SANTIAGO
DOC-2024-00173;FEX;50173;CL0056;V002;CP90;EXPORTACION;2024-12-17;2025-03-17;USD;46104.48;0;46104.48;ACEPTADO;PLANTA_TALCAHUANO
DOC-2024-00357;FEX;50357;CL0032;V002;CP60;EXPORTACION;2024-12-17;2025-02-15;USD;26339.52;0;26339.52;ACEPTADO;PLANTA_QUELLON
DOC-2024-00574;FAC;100181;CL0129;V007;CP30;FOODSERVICE;2024-12-17;2025-01-16;CLP;7598947;1443800;9042747;ACEPTADO;PLANTA_TALCAHUANO
DOC-2024-00677;FAC;100278;CL0177;V005;CP45;FOODSERVICE;2024-12-17;2025-01-31;CLP;10342445;1965065;12307510;ACEPTADO;PLANTA_TALCAHUANO
DOC-2024-00678;FAC;100279;CL0124;V006;CP45;FOODSERVICE;2024-12-17;2025-01-16;CLP;7583761;1440915;9024676;ACEPTADO;PLANTA_CORONEL
DOC-2024-00791;FAC;100385;CL0082;V006;CP30;FOODSERVICE;2024-12-17;2025-01-16;CLP;4842491;920073;5762564;ACEPTADO;PLANTA_CORONEL
DOC-2024-01873;FAC;101378;CL0245;V011;CP60;RETAIL;2024-12-17;2025-02-15;CLP;12632150;2400108;15032258;ACEPTADO;CD_SANTIAGO
DOC-2024-00155;FEX;50155;CL0032;V002;CP120;EXPORTACION;2024-12-18;2025-04-17;USD;125241.81;0;125241.81;ACEPTADO;PLANTA_TALCAHUANO
DOC-2024-00393;FAC;100009;CL0090;V007;CP45;FOODSERVICE;2024-12-18;2025-02-01;CLP;10649000;2023310;12672310;ACEPTADO;PLANTA_TALCAHUANO
DOC-2024-00939;FAC;100519;CL0202;V005;CP45;FOODSERVICE;2024-12-18;2025-02-01;CLP;6810893;1294070;8104963;ACEPTADO;PLANTA_CORONEL
DOC-2024-01178;FAC;100732;CL0175;V008;CP45;FOODSERVICE;2024-12-18;2025-02-01;CLP;935588;177762;1113350;ACEPTADO;PLANTA_TALCAHUANO
DOC-2024-01429;FAC;100967;CL0118;V007;CP30;FOODSERVICE;2024-12-18;2025-01-17;CLP;5462895;1037950;6500845;ACEPTADO;PLANTA_CORONEL
DOC-2024-01770;FAC;101282;CL0258;V009;CP90;RETAIL;2024-12-18;2025-03-18;CLP;5292081;1005495;6297576;ACEPTADO;CD_SANTIAGO
DOC-2024-00104;FEX;50104;CL0034;V004;CP120;EXPORTACION;2024-12-19;2025-04-18;USD;47936.89;0;47936.89;ACEPTADO;PLANTA_QUELLON
DOC-2024-00575;FAC;100182;CL0154;V005;CP30;FOODSERVICE;2024-12-19;2025-01-18;CLP;315517;59948;375465;ACEPTADO;CD_SANTIAGO
DOC-2024-00694;FAC;100293;CL0214;V008;CP45;FOODSERVICE;2024-12-19;2025-02-02;CLP;3077641;584752;3662393;ACEPTADO;CD_SANTIAGO
DOC-2024-01028;FAC;100600;CL0147;V005;CP00;FOODSERVICE;2024-12-19;2024-12-19;CLP;7851028;1491695;9342723;ACEPTADO;CD_SANTIAGO
DOC-2024-01284;FAC;100832;CL0209;V006;CP45;FOODSERVICE;2024-12-19;2025-02-02;CLP;5571085;1058506;6629591;ACEPTADO;PLANTA_TALCAHUANO
DOC-2024-01289;FAC;100837;CL0161;V005;CP30;FOODSERVICE;2024-12-19;2025-01-18;CLP;8063299;1532027;9595326;ACEPTADO;PLANTA_CORONEL
DOC-2024-01338;FAC;100882;CL0105;V006;CP30;FOODSERVICE;2024-12-19;2025-01-18;CLP;4821454;916076;5737530;ACEPTADO;PLANTA_CORONEL
DOC-2024-01693;FAC;101213;CL0280;V010;CP45;RETAIL;2024-12-19;2025-02-02;CLP;7723471;1467459;9190930;ACEPTADO;PLANTA_TALCAHUANO
DOC-2024-01956;FAC;101452;CL0237;V011;CP45;RETAIL;2024-12-19;2025-02-02;CLP;20607228;3915373;24522601;ACEPTADO;PLANTA_TALCAHUANO
DOC-2024-01961;FAC;101456;CL0270;V012;CP45;RETAIL;2024-12-19;2025-02-02;CLP;12053720;2290207;14343927;ACEPTADO;CD_SANTIAGO
DOC-2024-00151;FEX;50151;CL0032;V002;CP90;EXPORTACION;2024-12-20;2025-03-20;USD;216403.55;0;216403.55;ACEPTADO;PLANTA_CALDERA
DOC-2024-00182;FEX;50182;CL0012;V004;CP90;EXPORTACION;2024-12-20;2025-03-20;USD;40975.11;0;40975.11;ACEPTADO;PLANTA_CORONEL
DOC-2024-00501;FAC;100112;CL0193;V008;CP45;FOODSERVICE;2024-12-20;2025-04-04;CLP;21640081;4111615;25751696;ACEPTADO;PLANTA_TALCAHUANO
DOC-2024-00680;FAC;100281;CL0144;V006;CP30;FOODSERVICE;2024-12-20;2025-01-19;CLP;2494110;473881;2967991;ACEPTADO;PLANTA_TALCAHUANO
DOC-2024-00792;FAC;100386;CL0209;V006;CP00;FOODSERVICE;2024-12-20;2025-01-04;CLP;930644;176822;1107466;ACEPTADO;PLANTA_TALCAHUANO
DOC-2024-00935;FAC;100515;CL0217;V007;CP00;FOODSERVICE;2024-12-20;2024-12-20;CLP;4314948;819840;5134788;ACEPTADO;CD_SANTIAGO
DOC-2024-00967;FAC;100546;CL0112;V008;CP45;FOODSERVICE;2024-12-20;2025-02-03;CLP;3130274;594752;3725026;ACEPTADO;CD_SANTIAGO
DOC-2024-01003;FAC;100579;CL0193;V008;CP30;FOODSERVICE;2024-12-20;2025-01-19;CLP;89582144;17020607;106602751;ACEPTADO;PLANTA_TALCAHUANO
DOC-2024-01047;FAC;100618;CL0111;V008;CP45;FOODSERVICE;2024-12-20;2025-02-03;CLP;1566685;297670;1864355;ACEPTADO;PLANTA_CORONEL
DOC-2024-01247;FAC;100798;CL0201;V005;CP30;FOODSERVICE;2024-12-20;2025-01-19;CLP;4733159;899300;5632459;ACEPTADO;PLANTA_TALCAHUANO
DOC-2024-01259;FAC;100808;CL0110;V008;CP30;FOODSERVICE;2024-12-20;2025-01-19;CLP;6905601;1312064;8217665;ACEPTADO;PLANTA_CORONEL
DOC-2024-01385;FAC;100924;CL0097;V007;CP60;FOODSERVICE;2024-12-20;2025-02-18;CLP;904146;171788;1075934;ACEPTADO;PLANTA_TALCAHUANO
DOC-2024-01401;FAC;100940;CL0110;V008;CP30;FOODSERVICE;2024-12-20;2025-01-19;CLP;2121871;403155;2525026;ACEPTADO;PLANTA_TALCAHUANO
DOC-2024-01458;FAC;100993;CL0161;V005;CP60;FOODSERVICE;2024-12-20;2025-02-18;CLP;13950746;2650642;16601388;ACEPTADO;PLANTA_TALCAHUANO
DOC-2024-01504;FAC;101034;CL0074;V007;CP30;FOODSERVICE;2024-12-20;2025-01-19;CLP;7587334;1441593;9028927;ACEPTADO;PLANTA_CORONEL
DOC-2024-01521;FAC;101050;CL0202;V005;CP30;FOODSERVICE;2024-12-20;2025-01-19;CLP;3787354;719597;4506951;ACEPTADO;PLANTA_CORONEL
DOC-2024-01797;FAC;101306;CL0288;V010;CP30;RETAIL;2024-12-20;2025-01-19;CLP;20137615;3826147;23963762;ACEPTADO;PLANTA_TALCAHUANO
DOC-2024-01912;FAC;101414;CL0288;V010;CP45;RETAIL;2024-12-20;2025-02-03;CLP;23099095;4388828;27487923;ACEPTADO;PLANTA_CORONEL
DOC-2024-01933;FAC;101433;CL0321;V010;CP30;RETAIL;2024-12-20;2025-01-19;CLP;14212081;2700295;16912376;ACEPTADO;CD_SANTIAGO
DOC-2024-01989;FEE;8125;CL0245;V011;CP60;RETAIL;2024-12-20;2025-02-18;CLP;11728014;0;11728014;ACEPTADO;PLANTA_CORONEL
DOC-2024-00267;FEX;50267;CL0014;V003;CP90;EXPORTACION;2024-12-23;2025-03-23;USD;26484.11;0;26484.11;ACEPTADO;PLANTA_CORONEL
DOC-2024-00406;FAC;100022;CL0210;V005;CP30;FOODSERVICE;2024-12-23;2025-01-22;CLP;4096658;778365;4875023;ACEPTADO;PLANTA_TALCAHUANO
DOC-2024-00743;FAC;100341;CL0182;V008;CP45;FOODSERVICE;2024-12-23;2025-02-06;CLP;6383045;1212779;7595824;ACEPTADO;CD_SANTIAGO
DOC-2024-01015;FAC;100590;CL0161;V005;CP30;FOODSERVICE;2024-12-23;2025-01-22;CLP;17619570;3347718;20967288;ACEPTADO;CD_SANTIAGO
DOC-2024-01529;FAC;101058;CL0162;V007;CP45;FOODSERVICE;2024-12-23;2025-02-06;CLP;3429745;651652;4081397;ACEPTADO;PLANTA_TALCAHUANO
DOC-2024-01593;FAC;101120;CL0130;V008;CP45;FOODSERVICE;2024-12-23;2025-02-06;CLP;3048977;579306;3628283;ACEPTADO;PLANTA_CORONEL
DOC-2024-01675;FAC;101199;CL0311;V012;CP45;RETAIL;2024-12-23;2025-02-06;CLP;21881812;4157544;26039356;ACEPTADO;PLANTA_TALCAHUANO
DOC-2024-01774;FAC;101286;CL0279;V010;CP60;RETAIL;2024-12-23;2025-02-21;CLP;113214611;21510776;134725387;ACEPTADO;CD_SANTIAGO
DOC-2024-00025;FEX;50025;CL0032;V002;CP60;EXPORTACION;2024-12-24;2025-02-22;USD;166497.85;0;166497.85;ACEPTADO;PLANTA_QUELLON
DOC-2024-00076;FEX;50076;CL0039;V001;CP60;EXPORTACION;2024-12-24;2025-02-22;USD;86457.61;0;86457.61;ACEPTADO;PLANTA_CALDERA
DOC-2024-00139;FEX;50139;CL0062;V004;CP60;EXPORTACION;2024-12-24;2025-02-22;USD;27765.27;0;27765.27;ACEPTADO;PLANTA_CORONEL
DOC-2024-00469;FAC;100083;CL0215;V008;CP30;FOODSERVICE;2024-12-24;2025-01-23;CLP;8434681;1602589;10037270;ACEPTADO;CD_SANTIAGO
DOC-2024-00921;FAC;100503;CL0215;V008;CP30;FOODSERVICE;2024-12-24;2025-01-23;CLP;11152290;2118935;13271225;ACEPTADO;PLANTA_CORONEL
DOC-2024-01104;FAC;100666;CL0178;V008;CP30;FOODSERVICE;2024-12-24;2025-01-23;CLP;3369403;640187;4009590;ACEPTADO;PLANTA_TALCAHUANO
DOC-2024-01171;FAC;100725;CL0118;V007;CP45;FOODSERVICE;2024-12-24;2025-02-07;CLP;22348402;4246196;26594598;ACEPTADO;PLANTA_CORONEL
DOC-2024-01332;FAC;100877;CL0123;V006;CP30;FOODSERVICE;2024-12-24;2025-01-23;CLP;19677098;3738649;23415747;ACEPTADO;PLANTA_CORONEL
DOC-2024-01367;FAC;100909;CL0171;V008;CP45;FOODSERVICE;2024-12-24;2025-02-07;CLP;3164641;601282;3765923;ACEPTADO;PLANTA_TALCAHUANO
DOC-2024-01464;FAC;100999;CL0172;V005;CP45;FOODSERVICE;2024-12-24;2025-02-07;CLP;4937533;938131;5875664;ACEPTADO;PLANTA_TALCAHUANO
DOC-2024-01854;FAC;101360;CL0226;V009;CP90;RETAIL;2024-12-24;2025-03-24;CLP;10042940;1908159;11951099;ACEPTADO;PLANTA_TALCAHUANO
DOC-2024-00074;FEX;50074;CL0032;V002;CP120;EXPORTACION;2024-12-26;2025-04-25;USD;292296.61;0;292296.61;ACEPTADO;PLANTA_CALDERA
DOC-2024-00347;FEX;50347;CL0032;V002;CP90;EXPORTACION;2024-12-26;2025-03-26;USD;93281.8;0;93281.8;ACEPTADO;PLANTA_CALDERA
DOC-2024-00384;FAC;100001;CL0156;V008;CP00;FOODSERVICE;2024-12-26;2024-12-26;CLP;5842237;1110025;6952262;ACEPTADO;PLANTA_TALCAHUANO
DOC-2024-00635;FAC;100239;CL0143;V006;CP45;FOODSERVICE;2024-12-26;2025-02-09;CLP;12326417;2342019;14668436;ACEPTADO;PLANTA_TALCAHUANO
DOC-2024-00683;FAC;100284;CL0202;V005;CP30;FOODSERVICE;2024-12-26;2025-01-25;CLP;6428475;1221410;7649885;ACEPTADO;PLANTA_CORONEL
DOC-2024-00971;FAC;100549;CL0177;V005;CP30;FOODSERVICE;2024-12-26;2025-01-25;CLP;17811811;3384244;21196055;ACEPTADO;PLANTA_TALCAHUANO
DOC-2024-01375;FAC;100916;CL0097;V007;CP45;FOODSERVICE;2024-12-26;2025-02-09;CLP;5786862;1099504;6886366;ACEPTADO;PLANTA_CORONEL
DOC-2024-00049;FEX;50049;CL0056;V002;CP60;EXPORTACION;2024-12-27;2025-02-25;USD;73594.79;0;73594.79;ACEPTADO;PLANTA_CORONEL
DOC-2024-00050;FEX;50050;CL0028;V001;CP90;EXPORTACION;2024-12-27;2025-03-27;USD;12134.77;0;12134.77;ACEPTADO;PLANTA_CALDERA
DOC-2024-00111;FEX;50111;CL0051;V001;CP60;EXPORTACION;2024-12-27;2025-02-25;USD;74558.69;0;74558.69;ACEPTADO;PLANTA_QUELLON
DOC-2024-00149;FEX;50149;CL0056;V002;CP60;EXPORTACION;2024-12-27;2025-02-25;USD;58803.05;0;58803.05;ACEPTADO;PLANTA_CORONEL
DOC-2024-00200;FEX;50200;CL0017;V003;CP90;EXPORTACION;2024-12-27;2025-03-27;USD;9634.15;0;9634.15;ACEPTADO;PLANTA_CORONEL
DOC-2024-00268;FEX;50268;CL0018;V003;CP60;EXPORTACION;2024-12-27;2025-02-25;USD;38947.78;0;38947.78;ACEPTADO;PLANTA_CALDERA
DOC-2024-00362;FEX;50362;CL0014;V003;CP120;EXPORTACION;2024-12-27;2025-04-26;USD;79624.75;0;79624.75;ACEPTADO;PLANTA_TALCAHUANO
DOC-2024-00521;FAC;100130;CL0132;V005;CP30;FOODSERVICE;2024-12-27;2025-01-26;CLP;1821707;346124;2167831;ACEPTADO;PLANTA_TALCAHUANO
DOC-2024-00616;FAC;100221;CL0184;V005;CP60;FOODSERVICE;2024-12-27;2025-02-25;CLP;6049741;1149451;7199192;ACEPTADO;CD_SANTIAGO
DOC-2024-00776;FAC;100370;CL0198;V006;CP60;FOODSERVICE;2024-12-27;2025-02-25;CLP;3705651;704074;4409725;ANULADO;CD_SANTIAGO
DOC-2024-00966;FAC;100545;CL0181;V008;CP30;FOODSERVICE;2024-12-27;2025-01-26;CLP;6424408;1220638;7645046;ACEPTADO;CD_SANTIAGO
DOC-2024-00978;FAC;100555;CL0193;V008;CP60;FOODSERVICE;2024-12-27;2025-02-25;CLP;7548933;1434297;8983230;ACEPTADO;PLANTA_CORONEL
DOC-2024-01255;FAC;100805;CL0120;V007;CP60;FOODSERVICE;2024-12-27;2025-02-25;CLP;12506607;2376255;14882862;ACEPTADO;PLANTA_TALCAHUANO
DOC-2024-01261;FAC;100810;CL0118;V007;CP00;FOODSERVICE;2024-12-27;2024-12-27;CLP;1924305;365618;2289923;ACEPTADO;CD_SANTIAGO
DOC-2024-01626;FAC;101151;CL0109;V007;CP45;FOODSERVICE;2024-12-27;2025-02-10;CLP;5252241;997926;6250167;ACEPTADO;PLANTA_TALCAHUANO
DOC-2024-01694;FAC;101214;CL0329;V011;CP30;RETAIL;2024-12-27;2025-01-26;CLP;7465352;1418417;8883769;ACEPTADO;CD_SANTIAGO
DOC-2024-00205;FEX;50205;CL0012;V004;CP90;EXPORTACION;2024-12-30;2025-03-30;USD;74329.73;0;74329.73;ACEPTADO;PLANTA_CALDERA
DOC-2024-00261;FEX;50261;CL0037;V002;CP90;EXPORTACION;2024-12-30;2025-03-30;USD;48054.97;0;48054.97;ACEPTADO;PLANTA_QUELLON
DOC-2024-00277;FEX;50277;CL0023;V002;CP120;EXPORTACION;2024-12-30;2025-04-29;USD;18319.28;0;18319.28;ACEPTADO;PLANTA_TALCAHUANO
DOC-2024-00859;FAC;100449;CL0090;V007;CP45;FOODSERVICE;2024-12-30;2025-02-13;CLP;3273629;621990;3895619;ACEPTADO;PLANTA_CORONEL
DOC-2024-00994;FAC;100570;CL0186;V007;CP00;FOODSERVICE;2024-12-30;2024-12-30;CLP;9283614;1763887;11047501;ACEPTADO;CD_SANTIAGO
DOC-2024-01124;FAC;100685;CL0194;V008;CP60;FOODSERVICE;2024-12-30;2025-02-28;CLP;3880730;737339;4618069;ACEPTADO;PLANTA_TALCAHUANO
DOC-2024-01288;FAC;100836;CL0074;V007;CP45;FOODSERVICE;2024-12-30;2025-02-13;CLP;10085980;1916336;12002316;ACEPTADO;CD_SANTIAGO
DOC-2024-01870;FAC;101375;CL0301;V009;CP45;RETAIL;2024-12-30;2025-02-13;CLP;16841063;3199802;20040865;ACEPTADO;PLANTA_TALCAHUANO
DOC-2024-01882;FAC;101387;CL0251;V010;CP60;RETAIL;2024-12-30;2025-02-08;CLP;16447923;3125105;19573028;ACEPTADO;PLANTA_CORONEL
DOC-2024-00473;FAC;100087;CL0185;V007;CP45;FOODSERVICE;2024-12-31;2025-02-14;CLP;12769814;2426265;15196079;ACEPTADO;PLANTA_TALCAHUANO
DOC-2024-01891;FAC;101395;CL0311;V012;CP45;RETAIL;2024-12-31;2025-02-14;CLP;4928957;936502;5865459;ACEPTADO;PLANTA_CORONEL
DOC-2024-02015;FAC;101505;CL0241;V011;CP90;RETAIL;2024-12-31;2025-03-31;CLP;12223247;2322417;14545664;ACEPTADO;PLANTA_CORONEL
DOC-2024-02017;FAC;101507;CL0325;V011;CP30;RETAIL;2024-12-31;2025-01-30;CLP;15336474;2913930;18250404;ACEPTADO;CD_SANTIAGO
DOC-2025-02109;FEX;50471;CL0058;V004;CP60;EXPORTACION;2025-01-02;2025-03-03;USD;66014.53;0;66014.53;ACEPTADO;PLANTA_CORONEL
DOC-2025-02220;FEX;50582;CL0062;V004;CP90;EXPORTACION;2025-01-02;2025-04-02;USD;78356.35;0;78356.35;ACEPTADO;PLANTA_TALCAHUANO
DOC-2025-02462;FEX;50824;CL0012;V004;CP60;EXPORTACION;2025-01-02;2025-03-03;USD;136492.91;0;136492.91;ACEPTADO;PLANTA_TALCAHUANO
DOC-2025-02817;FAC;101790;CL0170;V005;CP30;FOODSERVICE;2025-01-02;2025-02-01;CLP;9512149;1807308;11319457;ACEPTADO;PLANTA_TALCAHUANO
DOC-2025-02978;FAC;101942;CL0158;V007;CP30;FOODSERVICE;2025-01-02;2025-02-01;CLP;2257721;428967;2686688;ACEPTADO;CD_SANTIAGO
DOC-2025-03204;FAC;102155;CL0097;V007;CP30;FOODSERVICE;2025-01-02;2025-02-01;CLP;7840947;1489780;9330727;ACEPTADO;PLANTA_CORONEL
DOC-2025-03513;FEE;8191;CL0193;V008;CP30;FOODSERVICE;2025-01-02;2025-02-01;CLP;11650509;0;11650509;ACEPTADO;CD_SANTIAGO
DOC-2025-03571;FAC;102501;CL0120;V007;CP30;FOODSERVICE;2025-01-02;2025-02-01;CLP;9582569;1820688;11403257;ACEPTADO;PLANTA_CORONEL
DOC-2025-03870;FAC;102772;CL0182;V008;CP30;FOODSERVICE;2025-01-02;2025-02-01;CLP;15602325;2964442;18566767;ACEPTADO;PLANTA_TALCAHUANO
DOC-2025-03990;FAC;102885;CL0240;V010;CP60;RETAIL;2025-01-02;2025-03-03;CLP;4416444;839124;5255568;ACEPTADO;PLANTA_CORONEL
DOC-2025-04049;FAC;102939;CL0231;V009;CP90;RETAIL;2025-01-02;2025-04-02;CLP;12959837;2462369;15422206;ACEPTADO;PLANTA_CORONEL
DOC-2025-04298;FAC;103178;CL0325;V011;CP30;RETAIL;2025-01-02;2025-02-01;CLP;17267597;3280843;20548440;ACEPTADO;CD_SANTIAGO
DOC-2025-02054;FEX;50416;CL0034;V004;CP60;EXPORTACION;2025-01-03;2025-03-04;USD;31232.52;0;31232.52;ACEPTADO;PLANTA_CORONEL
DOC-2025-02060;FEX;50422;CL0048;V001;CP90;EXPORTACION;2025-01-03;2025-04-03;USD;10558.49;0;10558.49;ACEPTADO;PLANTA_QUELLON
DOC-2025-02118;FEX;50480;CL0032;V002;CP90;EXPORTACION;2025-01-03;2025-04-03;USD;63545.27;0;63545.27;ACEPTADO;PLANTA_CORONEL
DOC-2025-02135;FEX;50497;CL0001;V004;CP60;EXPORTACION;2025-01-03;2025-03-04;USD;14320.03;0;14320.03;ACEPTADO;PLANTA_TALCAHUANO
DOC-2025-02529;FAC;101525;CL0074;V007;CP60;FOODSERVICE;2025-01-03;2025-03-04;CLP;20221718;3842126;24063844;ACEPTADO;PLANTA_TALCAHUANO
DOC-2025-02530;FAC;101526;CL0178;V008;CP30;FOODSERVICE;2025-01-03;2025-02-02;CLP;5343652;1015294;6358946;ACEPTADO;CD_SANTIAGO
DOC-2025-02922;FAC;101888;CL0218;V008;CP60;FOODSERVICE;2025-01-03;2025-03-04;CLP;2429514;461608;2891122;ACEPTADO;PLANTA_CORONEL
DOC-2025-02959;FAC;101923;CL0104;V006;CP45;FOODSERVICE;2025-01-03;2025-02-17;CLP;5423586;1030481;6454067;ACEPTADO;PLANTA_TALCAHUANO
DOC-2025-03009;FAC;101972;CL0175;V008;CP30;FOODSERVICE;2025-01-03;2025-02-02;CLP;6533959;1241452;7775411;ACEPTADO;CD_SANTIAGO
DOC-2025-03214;FAC;102164;CL0087;V007;CP00;FOODSERVICE;2025-01-03;2025-01-03;CLP;1513384;287543;1800927;ACEPTADO;PLANTA_TALCAHUANO
DOC-2025-03248;FAC;102197;CL0099;V008;CP30;FOODSERVICE;2025-01-03;2025-02-27;CLP;8965958;1703532;10669490;ACEPTADO;PLANTA_TALCAHUANO
DOC-2025-03278;FAC;102225;CL0173;V006;CP30;FOODSERVICE;2025-01-03;2024-10-04;CLP;2681836;509549;3191385;ACEPTADO;PLANTA_CORONEL
DOC-2025-03303;FAC;102250;CL0205;V007;CP00;FOODSERVICE;2025-01-03;2025-01-03;CLP;2263444;430054;2693498;ACEPTADO;PLANTA_CORONEL
DOC-2025-03564;FAC;102494;CL0183;V005;CP45;FOODSERVICE;2025-01-03;2025-02-17;CLP;5885350;1118216;7003566;ACEPTADO;PLANTA_CORONEL
DOC-2025-04043;FAC;102934;CL0265;V009;CP60;RETAIL;2025-01-03;2025-03-04;CLP;30599759;5813954;36413713;ACEPTADO;CD_SANTIAGO
DOC-2025-04079;FAC;102969;CL0325;V011;CP45;RETAIL;2025-01-03;2025-02-17;CLP;7099364;1348879;8448243;ACEPTADO;PLANTA_TALCAHUANO
DOC-2025-04116;FAC;103005;CL0245;V011;CP60;RETAIL;2025-01-03;2025-03-04;CLP;12662738;2405920;15068658;ACEPTADO;PLANTA_CORONEL
DOC-2025-04122;FAC;103011;CL0266;V012;CP60;RETAIL;2025-01-03;2025-03-04;CLP;17569145;3338138;20907283;ACEPTADO;PLANTA_CORONEL
DOC-2025-04125;FAC;103014;CL0337;V011;CP60;RETAIL;2025-01-03;2025-03-04;CLP;4333133;823295;5156428;ACEPTADO;PLANTA_CORONEL
DOC-2025-04175;FAC;103062;CL0245;V011;CP45;RETAIL;2025-01-03;2025-02-17;CLP;19928375;3786391;23714766;ACEPTADO;PLANTA_CORONEL
DOC-2025-02459;FEX;50821;CL0032;V002;CP60;EXPORTACION;2025-01-06;2025-03-07;USD;62018.33;0;62018.33;ACEPTADO;PLANTA_QUELLON
DOC-2025-02607;FAC;101595;CL0131;V006;CP30;FOODSERVICE;2025-01-06;2025-02-05;CLP;6832193;1298117;8130310;ACEPTADO;PLANTA_CORONEL
DOC-2025-02872;FAC;101841;CL0214;V008;CP60;FOODSERVICE;2025-01-06;2025-03-07;CLP;23010091;4371917;27382008;ACEPTADO;PLANTA_TALCAHUANO
DOC-2025-02894;FAC;101861;CL0074;V007;CP45;FOODSERVICE;2025-01-06;2025-02-20;CLP;11751315;2232750;13984065;ACEPTADO;PLANTA_TALCAHUANO
DOC-2025-03258;FAC;102206;CL0189;V008;CP30;FOODSERVICE;2025-01-06;2025-02-05;CLP;3432968;652264;4085232;ACEPTADO;PLANTA_TALCAHUANO
DOC-2025-03261;FAC;102209;CL0087;V007;CP30;FOODSERVICE;2025-01-06;2025-02-05;CLP;1137832;216188;1354020;ACEPTADO;CD_SANTIAGO
DOC-2025-03348;FAC;102291;CL0203;V008;CP30;FOODSERVICE;2025-01-06;2025-02-05;CLP;10676236;2028485;12704721;ACEPTADO;CD_SANTIAGO
DOC-2025-03708;FAC;102626;CL0217;V007;CP30;FOODSERVICE;2025-01-06;2025-02-05;CLP;16073348;3053936;19127284;ACEPTADO;PLANTA_TALCAHUANO
DOC-2025-04226;FAC;103110;CL0321;V010;CP30;RETAIL;2025-01-06;2025-02-05;CLP;21025312;3994809;25020121;ACEPTADO;PLANTA_CORONEL
DOC-2025-04231;FAC;103115;CL0313;V009;CP30;RETAIL;2025-01-06;2025-02-05;CLP;3962390;752854;4715244;ACEPTADO;PLANTA_CORONEL
DOC-2025-02079;FEX;50441;CL0032;V002;CP90;EXPORTACION;2025-01-07;2025-04-07;CLP;54147461;0;54147461;ACEPTADO;PLANTA_CALDERA
DOC-2025-02306;FEX;50668;CL0059;V001;CP60;EXPORTACION;2025-01-07;2025-03-08;USD;47500.66;0;47500.66;ACEPTADO;PLANTA_CORONEL
DOC-2025-02366;FEX;50728;CL0059;V001;CP90;EXPORTACION;2025-01-07;2025-04-07;USD;12398.29;0;12398.29;ACEPTADO;PLANTA_QUELLON
DOC-2025-02470;FEX;50832;CL0032;V002;CP60;EXPORTACION;2025-01-07;2025-03-08;USD;330601.24;0;330601.24;ACEPTADO;PLANTA_QUELLON
DOC-2025-02826;FAC;101798;CL0086;V008;CP45;FOODSERVICE;2025-01-07;2025-02-01;CLP;6863130;1303995;8167125;ACEPTADO;PLANTA_TALCAHUANO
DOC-2025-02853;FAC;101823;CL0143;V006;CP60;FOODSERVICE;2025-01-07;2025-03-08;CLP;8807815;1673485;10481300;ACEPTADO;PLANTA_CORONEL
DOC-2025-03276;FAC;102223;CL0194;V008;CP45;FOODSERVICE;2025-01-07;2025-02-21;CLP;4539060;862421;5401481;ACEPTADO;PLANTA_TALCAHUANO
DOC-2025-02326;FEX;50688;CL0049;V003;CP60;EXPORTACION;2025-01-08;2025-03-09;USD;23959.56;0;23959.56;ACEPTADO;PLANTA_CORONEL
DOC-2025-02386;FEX;50748;CL0048;V001;CP60;EXPORTACION;2025-01-08;2025-03-09;USD;97992.37;0;97992.37;ACEPTADO;PLANTA_TALCAHUANO
DOC-2025-02729;FAC;101707;CL0132;V005;CP30;FOODSERVICE;2025-01-08;2025-02-07;CLP;4433976;842455;5276431;ACEPTADO;PLANTA_TALCAHUANO
DOC-2025-02799;FAC;101774;CL0128;V005;CP60;FOODSERVICE;2025-01-08;2025-03-09;CLP;13537706;2572164;16109870;ACEPTADO;PLANTA_TALCAHUANO
DOC-2025-02808;FAC;101782;CL0142;V007;CP30;FOODSERVICE;2025-01-09;2025-02-08;CLP;5208628;989639;6198267;ACEPTADO;CD_SANTIAGO
DOC-2025-03617;FEE;8198;CL0214;V008;CP45;FOODSERVICE;2025-01-09;2025-02-23;CLP;11594761;0;11594761;ACEPTADO;PLANTA_TALCAHUANO
DOC-2025-03761;FAC;102676;CL0205;V007;CP30;FOODSERVICE;2025-01-09;2025-01-15;CLP;5317396;1010305;6327701;ACEPTADO;CD_SANTIAGO
DOC-2025-03902;FAC;102802;CL0184;V005;CP00;FOODSERVICE;2025-01-09;2025-01-09;CLP;1552484;294972;1847456;ACEPTADO;PLANTA_TALCAHUANO
DOC-2025-02099;FEX;50461;CL0032;V002;CP60;EXPORTACION;2025-01-10;2025-03-11;USD;214963.72;0;214963.72;ACEPTADO;PLANTA_CORONEL
DOC-2025-02176;FEX;50538;CL0012;V004;CP60;EXPORTACION;2025-01-10;2025-03-11;USD;61406.74;0;61406.74;ACEPTADO;PLANTA_CORONEL
DOC-2025-02501;FEX;50863;CL0034;V004;CP60;EXPORTACION;2025-01-10;2025-03-11;CLP;47874654;0;47874654;ACEPTADO;PLANTA_CORONEL
DOC-2025-02578;FAC;101570;CL0104;V006;CP45;FOODSERVICE;2025-01-10;2025-02-24;CLP;6057650;1150954;7208604;ACEPTADO;CD_SANTIAGO
DOC-2025-02745;FAC;101720;CL0176;V008;CP30;FOODSERVICE;2025-01-10;2024-11-12;CLP;7899433;1500892;9400325;ACEPTADO;CD_SANTIAGO
DOC-2025-02935;FAC;101899;CL0120;V007;CP45;FOODSERVICE;2025-01-10;2025-02-24;CLP;2251464;427778;2679242;ACEPTADO;PLANTA_CORONEL
DOC-2025-03001;FAC;101965;CL0161;V005;CP30;FOODSERVICE;2025-01-10;2025-02-09;CLP;14708037;2794527;17502564;ACEPTADO;CD_SANTIAGO
DOC-2025-03123;FAC;102080;CL0189;V008;CP60;FOODSERVICE;2025-01-10;2025-03-11;CLP;4989888;948079;5937967;ACEPTADO;PLANTA_TALCAHUANO
DOC-2025-03254;FAC;102202;CL0214;V008;CP45;FOODSERVICE;2025-01-10;2025-02-24;CLP;3937417;748109;4685526;ACEPTADO;CD_SANTIAGO
DOC-2025-03299;FAC;102246;CL0131;V006;CP45;FOODSERVICE;2025-01-10;2025-02-24;CLP;1884155;357989;2242144;ACEPTADO;PLANTA_TALCAHUANO
DOC-2025-03455;FAC;102394;CL0219;V007;CP60;FOODSERVICE;2025-01-10;2025-03-11;CLP;2243931;426347;2670278;ACEPTADO;PLANTA_CORONEL
DOC-2025-03706;FAC;102624;CL0101;V008;CP30;FOODSERVICE;2025-01-10;2025-02-09;CLP;10476842;1990600;12467442;ACEPTADO;CD_SANTIAGO
DOC-2025-03778;FEE;8211;CL0121;V007;CP00;FOODSERVICE;2025-01-10;2025-01-10;CLP;5581830;0;5581830;ACEPTADO;PLANTA_TALCAHUANO
DOC-2025-04337;FAC;103214;CL0304;V009;CP60;RETAIL;2025-01-10;2025-03-11;CLP;13340072;2534614;15874686;ACEPTADO;CD_SANTIAGO
DOC-2025-03042;FAC;102004;CL0142;V007;CP30;FOODSERVICE;2025-01-13;2024-12-17;CLP;10670970;2027484;12698454;ACEPTADO;PLANTA_CORONEL
DOC-2025-03183;FAC;102137;CL0196;V006;CP30;FOODSERVICE;2025-01-13;2025-02-12;CLP;7518455;1428506;8946961;RECLAMADO;PLANTA_CORONEL
DOC-2025-03320;FAC;102265;CL0201;V005;CP45;FOODSERVICE;2025-01-13;2025-02-27;CLP;7303052;1387580;8690632;ACEPTADO;PLANTA_TALCAHUANO
DOC-2025-03929;FAC;102826;CL0073;V005;CP45;FOODSERVICE;2025-01-13;2025-02-27;CLP;10520264;1998850;12519114;ACEPTADO;PLANTA_TALCAHUANO
DOC-2025-02258;FEX;50620;CL0032;V002;CP60;EXPORTACION;2025-01-14;2025-03-15;USD;323320.73;0;323320.73;ACEPTADO;PLANTA_QUELLON
DOC-2025-02796;FAC;101771;CL0087;V007;CP30;FOODSERVICE;2025-01-14;2025-02-13;CLP;3246435;616823;3863258;ACEPTADO;PLANTA_TALCAHUANO
DOC-2025-02887;FAC;101856;CL0144;V006;CP30;FOODSERVICE;2025-01-14;2025-02-13;CLP;3033497;576364;3609861;ACEPTADO;PLANTA_CORONEL
DOC-2025-03002;FAC;101966;CL0116;V006;CP30;FOODSERVICE;2025-01-14;2025-02-13;CLP;20818009;3955422;24773431;ACEPTADO;CD_SANTIAGO
DOC-2025-03131;FAC;102088;CL0214;V008;CP00;FOODSERVICE;2025-01-14;2025-01-14;CLP;5716527;1086140;6802667;ACEPTADO;CD_SANTIAGO
DOC-2025-03251;FAC;102199;CL0133;V008;CP45;FOODSERVICE;2025-01-14;2025-02-28;CLP;3308216;628561;3936777;ACEPTADO;PLANTA_CORONEL
DOC-2025-03286;FAC;102233;CL0183;V005;CP30;FOODSERVICE;2025-01-14;2025-02-13;CLP;4560154;866429;5426583;ACEPTADO;PLANTA_TALCAHUANO
DOC-2025-03375;FEE;8183;CL0099;V008;CP60;FOODSERVICE;2025-01-14;2025-03-15;CLP;1111976;0;1111976;ACEPTADO;PLANTA_TALCAHUANO
DOC-2025-03614;FAC;102541;CL0156;V008;CP30;FOODSERVICE;2025-01-14;2025-02-13;CLP;11361297;2158646;13519943;RECLAMADO;PLANTA_CORONEL
DOC-2025-03712;FAC;102630;CL0189;V008;CP45;FOODSERVICE;2025-01-14;2025-02-28;CLP;21983053;4176780;26159833;ACEPTADO;PLANTA_TALCAHUANO
DOC-2025-03741;FAC;102656;CL0165;V007;CP45;FOODSERVICE;2025-01-14;2025-02-28;CLP;2007174;381363;2388537;ACEPTADO;PLANTA_TALCAHUANO
DOC-2025-02627;FAC;101614;CL0120;V007;CP30;FOODSERVICE;2025-01-15;2025-02-14;CLP;15007208;2851370;17858578;ACEPTADO;CD_SANTIAGO
DOC-2025-03018;FAC;101981;CL0182;V008;CP00;FOODSERVICE;2025-01-15;2025-01-15;CLP;4387274;833582;5220856;ACEPTADO;PLANTA_CORONEL
DOC-2025-03417;FAC;102356;CL0161;V005;CP30;FOODSERVICE;2025-01-15;2025-02-14;CLP;30623864;5818534;36442398;ACEPTADO;PLANTA_TALCAHUANO
DOC-2025-03494;FAC;102429;CL0161;V005;CP00;FOODSERVICE;2025-01-15;2025-01-15;CLP;9945292;1889605;11834897;ACEPTADO;CD_SANTIAGO
DOC-2025-03817;FAC;102726;CL0103;V005;CP30;FOODSERVICE;2025-01-15;2025-02-14;CLP;4630581;879810;5510391;ACEPTADO;CD_SANTIAGO
DOC-2025-04327;FAC;103205;CL0309;V012;CP60;RETAIL;2025-01-15;2025-03-16;CLP;11457765;2176975;13634740;ACEPTADO;CD_SANTIAGO
DOC-DUP-017;FAC;101981;CL0182;V008;CP00;FOODSERVICE;2025-01-15;2025-01-15;CLP;4387274;833582;5220856;ACEPTADO;PLANTA_CORONEL
DOC-2025-03240;FAC;102190;CL0125;V008;CP00;FOODSERVICE;2025-01-16;2025-01-16;CLP;4008578;761630;4770208;ACEPTADO;PLANTA_CORONEL
DOC-2025-03337;FAC;102280;CL0169;V007;CP30;FOODSERVICE;2025-01-16;2025-02-15;CLP;5303728;1007708;6311436;ACEPTADO;CD_SANTIAGO
DOC-2025-03993;FAC;102888;CL0255;V009;CP90;RETAIL;2025-01-16;2025-04-16;CLP;3346479;635831;3982310;ACEPTADO;CD_SANTIAGO
DOC-2025-04328;FAC;103206;CL0279;V010;CP45;RETAIL;2025-01-16;2025-03-02;CLP;20275035;3852257;24127292;ACEPTADO;PLANTA_CORONEL
DOC-2025-04330;FAC;103208;CL0252;V012;CP90;RETAIL;2025-01-16;2025-04-16;CLP;6269696;1191242;7460938;ACEPTADO;PLANTA_CORONEL
DOC-DUP-006;FAC;102280;CL0169;V007;CP30;FOODSERVICE;2025-01-16;2025-02-15;CLP;5303728;1007708;6311436;ACEPTADO;CD_SANTIAGO
DOC-2025-02181;FEX;50543;CL0024;V002;CP60;EXPORTACION;2025-01-17;2025-03-18;CLP;25568405;0;25568405;ACEPTADO;PLANTA_TALCAHUANO
DOC-2025-02458;FEX;50820;CL0072;V004;CP60;EXPORTACION;2025-01-17;2025-03-18;USD;59139.06;0;59139.06;ACEPTADO;PLANTA_CORONEL
DOC-2025-02471;FEX;50833;CL0018;V003;CP90;EXPORTACION;2025-01-17;2025-04-17;USD;88416.03;0;88416.03;ACEPTADO;PLANTA_QUELLON
DOC-2025-02624;FAC;101611;CL0207;V008;CP45;FOODSERVICE;2025-01-17;2025-03-03;CLP;8771316;1666550;10437866;ACEPTADO;CD_SANTIAGO
DOC-2025-03003;FEE;8161;CL0113;V005;CP30;FOODSERVICE;2025-01-17;2025-02-16;CLP;2962347;0;2962347;ACEPTADO;CD_SANTIAGO
DOC-2025-03376;FAC;102317;CL0122;V007;CP60;FOODSERVICE;2025-01-17;2025-03-18;CLP;3793767;720816;4514583;ACEPTADO;PLANTA_CORONEL
DOC-2025-03405;FAC;102344;CL0202;V005;CP45;FOODSERVICE;2025-01-17;2025-04-17;CLP;5397482;1025522;6423004;ACEPTADO;CD_SANTIAGO
DOC-2025-03466;FAC;102403;CL0129;V007;CP30;FOODSERVICE;2025-01-17;2025-02-16;CLP;4764743;905301;5670044;ACEPTADO;CD_SANTIAGO
DOC-2025-03515;FEE;8192;CL0119;V007;CP30;FOODSERVICE;2025-01-17;2025-02-16;CLP;13779460;0;13779460;ACEPTADO;PLANTA_TALCAHUANO
DOC-2025-03544;FAC;102475;CL0200;V008;CP45;FOODSERVICE;2025-01-17;2025-03-03;CLP;5052394;959955;6012349;ACEPTADO;CD_SANTIAGO
DOC-2025-03642;FAC;102568;CL0108;V005;CP30;FOODSERVICE;2025-01-17;2025-04-17;CLP;6722587;1277292;7999879;ACEPTADO;PLANTA_CORONEL
DOC-2025-03737;FAC;102653;CL0118;V007;CP30;FOODSERVICE;2025-01-17;2025-02-01;CLP;2806740;533281;3340021;ACEPTADO;PLANTA_TALCAHUANO
DOC-2025-03742;FAC;102657;CL0129;V007;CP45;FOODSERVICE;2025-01-17;2025-03-03;CLP;5731437;1088973;6820410;ACEPTADO;CD_SANTIAGO
DOC-2025-03825;FAC;102731;CL0083;V007;CP30;FOODSERVICE;2025-01-17;2025-02-16;CLP;6738045;1280229;8018274;ACEPTADO;CD_SANTIAGO
DOC-2025-03935;FAC;102832;CL0076;V005;CP45;FOODSERVICE;2025-01-17;2025-03-03;CLP;6738894;1280390;8019284;ACEPTADO;CD_SANTIAGO
DOC-2025-03944;FAC;102841;CL0120;V007;CP30;FOODSERVICE;2025-01-17;2025-03-18;CLP;8220067;1561813;9781880;ACEPTADO;PLANTA_TALCAHUANO
DOC-2025-03991;FAC;102886;CL0269;V010;CP60;RETAIL;2025-01-17;2025-03-18;CLP;17926594;3406053;21332647;ACEPTADO;PLANTA_CORONEL
DOC-2025-04053;FAC;102943;CL0279;V010;CP30;RETAIL;2025-01-17;2025-02-16;CLP;60344165;11465391;71809556;ACEPTADO;CD_SANTIAGO
DOC-2025-04266;FAC;103147;CL0301;V009;CP30;RETAIL;2025-01-17;2025-02-16;CLP;35701984;6783377;42485361;ACEPTADO;PLANTA_TALCAHUANO
DOC-2025-02037;FEX;50399;CL0032;V002;CP120;EXPORTACION;2025-01-20;2025-05-20;USD;143841.08;0;143841.08;ACEPTADO;PLANTA_TALCAHUANO
DOC-2025-02094;FEX;50456;CL0024;V002;CP90;EXPORTACION;2025-01-20;2025-04-20;CLP;38078062;0;38078062;ACEPTADO;PLANTA_QUELLON
DOC-2025-02414;FEX;50776;CL0034;V004;CP60;EXPORTACION;2025-01-20;2025-03-21;USD;342543.54;0;342543.54;ACEPTADO;PLANTA_CORONEL
DOC-2025-02546;FAC;101539;CL0118;V007;CP30;FOODSERVICE;2025-01-20;2025-02-19;CLP;5450425;1035581;6486006;ACEPTADO;PLANTA_TALCAHUANO
DOC-2025-03391;FAC;102331;CL0205;V007;CP30;FOODSERVICE;2025-01-20;2025-02-19;CLP;5136429;975922;6112351;ACEPTADO;PLANTA_TALCAHUANO
DOC-2025-03653;FAC;102576;CL0185;V007;CP45;FOODSERVICE;2025-01-20;2025-03-06;CLP;5026956;955122;5982078;ACEPTADO;CD_SANTIAGO
DOC-2025-03905;FAC;102805;CL0118;V007;CP45;FOODSERVICE;2025-01-20;2025-03-06;CLP;10724500;2037655;12762155;ACEPTADO;PLANTA_TALCAHUANO
DOC-2025-03907;FAC;102807;CL0132;V005;CP30;FOODSERVICE;2025-01-20;2025-02-19;CLP;10688806;2030873;12719679;ACEPTADO;PLANTA_CORONEL
DOC-2025-02247;FEX;50609;CL0051;V001;CP90;EXPORTACION;2025-01-21;2025-04-21;USD;13541.36;0;13541.36;ACEPTADO;PLANTA_TALCAHUANO
DOC-2025-03452;FAC;102391;CL0217;V007;CP30;FOODSERVICE;2025-01-21;2025-02-20;CLP;10310932;1959077;12270009;ACEPTADO;PLANTA_CORONEL
DOC-2025-03800;FAC;102710;CL0145;V008;CP45;FOODSERVICE;2025-01-21;2025-03-07;CLP;52716692;10016171;62732863;ACEPTADO;PLANTA_CORONEL
DOC-2025-04051;FAC;102941;CL0287;V012;CP30;RETAIL;2025-01-21;2025-02-20;CLP;24086898;4576511;28663409;ACEPTADO;PLANTA_CORONEL
DOC-2025-04106;FAC;102996;CL0304;V009;CP45;RETAIL;2025-01-21;2025-03-07;CLP;14847934;2821107;17669041;ACEPTADO;PLANTA_CORONEL
DOC-2025-04336;FAC;103213;CL0343;V011;CP45;RETAIL;2025-01-21;2025-03-07;CLP;5489918;1043084;6533002;ACEPTADO;PLANTA_CORONEL
DOC-2025-02031;FEX;50393;CL0069;V001;CP60;EXPORTACION;2025-01-22;2025-03-23;USD;20075.77;0;20075.77;ACEPTADO;PLANTA_CALDERA
DOC-2025-03151;FAC;102107;CL0153;V008;CP45;FOODSERVICE;2025-01-22;2025-05-07;CLP;10108377;1920592;12028969;ACEPTADO;CD_SANTIAGO
DOC-2025-03867;FEE;8222;CL0214;V008;CP30;FOODSERVICE;2025-01-22;2025-02-06;CLP;9904368;0;9904368;ACEPTADO;CD_SANTIAGO
DOC-2025-03950;FAC;102847;CL0077;V007;CP60;FOODSERVICE;2025-01-22;2025-03-23;CLP;12782067;2428593;15210660;ACEPTADO;CD_SANTIAGO
DOC-2025-04293;FAC;103173;CL0299;V011;CP30;RETAIL;2025-01-22;2025-02-21;CLP;6259515;1189308;7448823;ACEPTADO;PLANTA_CORONEL
DOC-2025-02384;FEX;50746;CL0034;V004;CP60;EXPORTACION;2025-01-23;2025-03-24;CLP;28700937;0;28700937;ACEPTADO;PLANTA_CALDERA
DOC-2025-02454;FEX;50816;CL0028;V001;CP90;EXPORTACION;2025-01-23;2025-04-23;USD;18313.04;0;18313.04;ACEPTADO;PLANTA_TALCAHUANO
DOC-2025-02592;FAC;101583;CL0216;V005;CP45;FOODSERVICE;2025-01-23;2025-03-09;CLP;2155949;409630;2565579;ACEPTADO;PLANTA_CORONEL
DOC-2025-03977;FAC;102873;CL0314;V009;CP30;RETAIL;2025-01-23;2025-02-22;CLP;5198013;987622;6185635;ACEPTADO;PLANTA_CORONEL
DOC-2025-02257;FEX;50619;CL0032;V002;CP90;EXPORTACION;2025-01-24;2025-04-24;CLP;30638565;0;30638565;ACEPTADO;PLANTA_CALDERA
DOC-2025-02281;FEX;50643;CL0018;V003;CP60;EXPORTACION;2025-01-24;2025-03-25;USD;25291.09;0;25291.09;ACEPTADO;PLANTA_TALCAHUANO
DOC-2025-02560;FAC;101553;CL0134;V007;CP45;FOODSERVICE;2025-01-24;2025-03-10;CLP;1929921;366685;2296606;ACEPTADO;PLANTA_CORONEL
DOC-2025-02561;FAC;101554;CL0082;V006;CP30;FOODSERVICE;2025-01-24;2025-02-23;CLP;8512557;1617386;10129943;ACEPTADO;PLANTA_TALCAHUANO
DOC-2025-02824;FAC;101796;CL0202;V005;CP30;FOODSERVICE;2025-01-24;2025-02-23;CLP;2354800;447412;2802212;ACEPTADO;CD_SANTIAGO
DOC-2025-02878;FAC;101847;CL0184;V005;CP30;FOODSERVICE;2025-01-24;2025-02-23;CLP;6987035;1327537;8314572;ACEPTADO;CD_SANTIAGO
DOC-2025-03056;FAC;102018;CL0116;V006;CP30;FOODSERVICE;2025-01-24;2025-02-23;CLP;7649541;1453413;9102954;ACEPTADO;PLANTA_CORONEL
DOC-2025-03083;FEE;8163;CL0097;V007;CP45;FOODSERVICE;2025-01-24;2025-03-10;CLP;2713630;0;2713630;ACEPTADO;PLANTA_TALCAHUANO
DOC-2025-03103;FAC;102060;CL0201;V005;CP60;FOODSERVICE;2025-01-24;2025-03-25;CLP;1481594;281503;1763097;ACEPTADO;PLANTA_TALCAHUANO
DOC-2025-03275;FAC;102222;CL0118;V007;CP30;FOODSERVICE;2025-01-24;2025-02-23;CLP;8988593;1707833;10696426;ACEPTADO;CD_SANTIAGO
DOC-2025-03535;FAC;102466;CL0143;V006;CP60;FOODSERVICE;2025-01-24;2025-03-25;CLP;2269408;431188;2700596;ACEPTADO;CD_SANTIAGO
DOC-2025-03595;FAC;102524;CL0181;V008;CP45;FOODSERVICE;2025-01-24;2025-03-10;CLP;4165555;791455;4957010;ACEPTADO;PLANTA_CORONEL
DOC-2025-03937;FAC;102834;CL0073;V005;CP30;FOODSERVICE;2025-01-24;2025-02-23;CLP;9456550;1796744;11253294;ACEPTADO;PLANTA_CORONEL
DOC-2025-03946;FAC;102843;CL0102;V008;CP60;FOODSERVICE;2025-01-24;2025-03-25;CLP;4809580;913820;5723400;ACEPTADO;PLANTA_CORONEL
DOC-2025-04044;FAC;102935;CL0323;V011;CP60;RETAIL;2025-01-24;2025-03-25;CLP;21491229;4083334;25574563;ACEPTADO;PLANTA_CORONEL
DOC-2025-04184;FAC;103070;CL0269;V010;CP45;RETAIL;2025-01-24;2025-03-10;CLP;4419066;839623;5258689;ACEPTADO;PLANTA_CORONEL
DOC-2025-04247;FAC;103130;CL0246;V009;CP90;RETAIL;2025-01-24;2025-04-24;CLP;6486982;1232527;7719509;ACEPTADO;PLANTA_TALCAHUANO
DOC-2025-04320;FAC;103199;CL0258;V009;CP90;RETAIL;2025-01-24;2025-04-24;CLP;8498309;1614679;10112988;ACEPTADO;PLANTA_TALCAHUANO
DOC-2025-02300;FEX;50662;CL0057;V004;CP90;EXPORTACION;2025-01-27;2025-04-27;USD;114739.57;0;114739.57;ACEPTADO;PLANTA_TALCAHUANO
DOC-2025-03745;FAC;102660;CL0175;V008;CP30;FOODSERVICE;2025-01-27;2025-02-26;CLP;672152;127709;799861;ACEPTADO;PLANTA_TALCAHUANO
DOC-2025-03824;FAC;102730;CL0179;V006;CP30;FOODSERVICE;2025-01-27;2025-02-26;CLP;4199837;797969;4997806;ACEPTADO;PLANTA_TALCAHUANO
DOC-2025-03948;FAC;102845;CL0156;V008;CP30;FOODSERVICE;2025-01-27;2025-02-26;CLP;11783845;2238931;14022776;ACEPTADO;PLANTA_TALCAHUANO
DOC-2025-04277;FAC;103158;CL0237;V011;CP60;RETAIL;2025-01-27;2025-03-28;CLP;3156678;599769;3756447;ACEPTADO;CD_SANTIAGO
DOC-2025-02023;FEX;50385;CL0003;V003;CP60;EXPORTACION;2025-01-28;2025-03-29;USD;12260.38;0;12260.38;ACEPTADO;PLANTA_TALCAHUANO
DOC-2025-02361;FEX;50723;CL0001;V004;CP120;EXPORTACION;2025-01-28;2025-05-28;USD;30390.37;0;30390.37;ACEPTADO;PLANTA_CORONEL
DOC-2025-02563;FAC;101556;CL0116;V006;CP30;FOODSERVICE;2025-01-28;2025-02-27;CLP;4482988;851768;5334756;ACEPTADO;PLANTA_TALCAHUANO
DOC-2025-03085;FAC;102046;CL0075;V007;CP45;FOODSERVICE;2025-01-28;2025-04-28;CLP;1721333;327053;2048386;ACEPTADO;PLANTA_CORONEL
DOC-2025-03509;FAC;102444;CL0176;V008;CP30;FOODSERVICE;2025-01-28;2025-02-27;CLP;17129771;3254656;20384427;ACEPTADO;CD_SANTIAGO
DOC-2025-03521;FAC;102453;CL0129;V007;CP00;FOODSERVICE;2025-01-28;2025-01-28;CLP;4647390;883004;5530394;ACEPTADO;PLANTA_TALCAHUANO
DOC-2025-02266;FEX;50628;CL0032;V002;CP60;EXPORTACION;2025-01-29;2024-11-30;USD;252724.57;0;252724.57;ACEPTADO;PLANTA_CORONEL
DOC-2025-02279;FEX;50641;CL0064;V002;CP120;EXPORTACION;2025-01-29;2025-05-29;USD;15764.67;0;15764.67;ACEPTADO;PLANTA_CALDERA
DOC-2025-02426;FEX;50788;CL0032;V002;CP120;EXPORTACION;2025-01-29;2025-05-29;USD;52991.74;0;52991.74;ACEPTADO;PLANTA_CORONEL
DOC-2025-03326;FEE;8181;CL0073;V005;CP45;FOODSERVICE;2025-01-29;2025-03-15;CLP;12662891;0;12662891;ACEPTADO;PLANTA_TALCAHUANO
DOC-2025-03516;FAC;102448;CL0155;V005;CP60;FOODSERVICE;2025-01-29;2025-03-30;CLP;16118890;3062589;19181479;ACEPTADO;PLANTA_TALCAHUANO
DOC-2025-03705;FAC;102623;CL0171;V008;CP30;FOODSERVICE;2025-01-29;2025-02-28;CLP;12544866;2383525;14928391;ACEPTADO;PLANTA_CORONEL
DOC-2025-04179;FAC;103065;CL0325;V011;CP45;RETAIL;2025-01-29;2025-03-15;CLP;1847435;351013;2198448;ACEPTADO;CD_SANTIAGO
DOC-2025-02160;FEX;50522;CL0012;V004;CP60;EXPORTACION;2025-01-30;2025-03-31;USD;59283.4;0;59283.4;ACEPTADO;PLANTA_CALDERA
DOC-2025-03463;FAC;102401;CL0158;V007;CP30;FOODSERVICE;2025-01-30;2025-03-01;CLP;7305700;1388083;8693783;ACEPTADO;PLANTA_TALCAHUANO
DOC-2025-03939;FAC;102836;CL0135;V005;CP60;FOODSERVICE;2025-01-30;2025-03-31;CLP;4155935;789628;4945563;ACEPTADO;PLANTA_TALCAHUANO
DOC-2025-03967;FAC;102863;CL0179;V006;CP60;FOODSERVICE;2025-01-30;2025-03-31;CLP;7390478;1404191;8794669;ACEPTADO;PLANTA_CORONEL
DOC-2025-04332;FAC;103210;CL0279;V010;CP45;RETAIL;2025-01-30;2025-03-16;CLP;49371951;9380671;58752622;ACEPTADO;PLANTA_TALCAHUANO
DOC-2025-02038;FEX;50400;CL0032;V002;CP90;EXPORTACION;2025-01-31;2025-05-01;USD;65122.51;0;65122.51;ACEPTADO;PLANTA_QUELLON
DOC-2025-02084;FEX;50446;CL0028;V001;CP60;EXPORTACION;2025-01-31;2025-04-01;USD;47491.5;0;47491.5;ACEPTADO;PLANTA_CORONEL
DOC-2025-02085;FEX;50447;CL0022;V001;CP60;EXPORTACION;2025-01-31;2025-04-01;USD;77224.75;0;77224.75;ACEPTADO;PLANTA_TALCAHUANO
DOC-2025-02218;FEX;50580;CL0022;V001;CP90;EXPORTACION;2025-01-31;2025-04-16;CLP;21971694;0;21971694;ACEPTADO;PLANTA_QUELLON
DOC-2025-02265;FEX;50627;CL0049;V003;CP120;EXPORTACION;2025-01-31;2025-05-31;USD;51857.82;0;51857.82;ACEPTADO;PLANTA_TALCAHUANO
DOC-2025-02289;FEX;50651;CL0032;V002;CP90;EXPORTACION;2025-01-31;2025-05-01;USD;70116.61;0;70116.61;ACEPTADO;PLANTA_CORONEL
DOC-2025-02320;FEX;50682;CL0032;V002;CP90;EXPORTACION;2025-01-31;2025-05-01;USD;75006.59;0;75006.59;RECLAMADO;PLANTA_CALDERA
DOC-2025-02336;FEX;50698;CL0072;V004;CP60;EXPORTACION;2025-01-31;2025-04-01;USD;16110.24;0;16110.24;ACEPTADO;PLANTA_CORONEL
DOC-2025-02545;FAC;101538;CL0120;V007;CP60;FOODSERVICE;2025-01-31;2025-04-01;CLP;1552614;294997;1847611;ACEPTADO;PLANTA_CORONEL
DOC-2025-02660;FAC;101643;CL0123;V006;CP60;FOODSERVICE;2025-01-31;2025-04-01;CLP;16329410;3102588;19431998;ACEPTADO;CD_SANTIAGO
DOC-2025-02675;FAC;101658;CL0160;V006;CP45;FOODSERVICE;2025-01-31;2025-03-17;CLP;4154629;789380;4944009;ACEPTADO;PLANTA_TALCAHUANO
DOC-2025-02698;FAC;101678;CL0123;V006;CP45;FOODSERVICE;2025-01-31;2025-03-17;CLP;12009286;2281764;14291050;ACEPTADO;PLANTA_TALCAHUANO
DOC-2025-02699;FAC;101679;CL0183;V005;CP45;FOODSERVICE;2025-01-31;2025-03-17;CLP;9252773;1758027;11010800;ACEPTADO;PLANTA_CORONEL
DOC-2025-02735;FAC;101713;CL0189;V008;CP00;FOODSERVICE;2025-01-31;2025-01-31;CLP;8528663;1620446;10149109;ACEPTADO;CD_SANTIAGO
DOC-2025-02773;FAC;101748;CL0111;V008;CP30;FOODSERVICE;2025-01-31;2025-03-02;CLP;1584328;301022;1885350;ACEPTADO;PLANTA_CORONEL
DOC-2025-03108;FAC;102065;CL0195;V006;CP45;FOODSERVICE;2025-01-31;2025-03-17;CLP;1424784;270709;1695493;ACEPTADO;PLANTA_TALCAHUANO
DOC-2025-03447;FAC;102386;CL0208;V007;CP30;FOODSERVICE;2025-01-31;2025-03-02;CLP;10323066;1961383;12284449;ACEPTADO;CD_SANTIAGO
DOC-2025-03486;FAC;102421;CL0074;V007;CP30;FOODSERVICE;2025-01-31;2025-03-02;CLP;4544953;863541;5408494;ACEPTADO;CD_SANTIAGO
DOC-2025-03588;FEE;8195;CL0208;V007;CP60;FOODSERVICE;2025-01-31;2025-04-01;CLP;1256059;0;1256059;ACEPTADO;PLANTA_CORONEL
DOC-2025-03850;FAC;102754;CL0186;V007;CP30;FOODSERVICE;2025-01-31;2025-03-02;CLP;2536861;482004;3018865;ACEPTADO;PLANTA_CORONEL
DOC-2025-03963;FAC;102859;CL0121;V007;CP00;FOODSERVICE;2025-01-31;2025-01-31;CLP;2094531;397961;2492492;ANULADO;CD_SANTIAGO
DOC-2025-04067;FAC;102957;CL0337;V011;CP45;RETAIL;2025-01-31;2025-03-17;CLP;4487143;852557;5339700;ACEPTADO;PLANTA_CORONEL
DOC-2025-04173;FAC;103061;CL0235;V012;CP45;RETAIL;2025-01-31;2025-03-17;CLP;24394112;4634881;29028993;ACEPTADO;CD_SANTIAGO
DOC-2025-04245;FAC;103129;CL0255;V009;CP60;RETAIL;2025-01-31;2025-04-01;CLP;10432994;1982269;12415263;ACEPTADO;PLANTA_TALCAHUANO
DOC-2025-04258;FAC;103139;CL0253;V011;CP90;RETAIL;2025-01-31;2025-05-16;CLP;13915885;2644018;16559903;ACEPTADO;PLANTA_TALCAHUANO
DOC-2025-02909;FAC;101875;CL0147;V005;CP60;FOODSERVICE;2025-02-03;2025-04-04;CLP;3115613;591966;3707579;ACEPTADO;CD_SANTIAGO
DOC-2025-02991;FAC;101955;CL0147;V005;CP30;FOODSERVICE;2025-02-03;2025-03-05;CLP;3095653;588174;3683827;ACEPTADO;CD_SANTIAGO
DOC-2025-03091;FAC;102052;CL0155;V005;CP30;FOODSERVICE;2025-02-03;2025-03-05;CLP;4654481;884351;5538832;ACEPTADO;CD_SANTIAGO
DOC-2025-03565;FAC;102495;CL0190;V006;CP00;FOODSERVICE;2025-02-03;2025-02-03;CLP;9222219;1752222;10974441;ACEPTADO;PLANTA_TALCAHUANO
DOC-2025-04275;FAC;103156;CL0323;V011;CP30;RETAIL;2025-02-03;2025-03-05;CLP;20734801;3939612;24674413;ACEPTADO;PLANTA_CORONEL
DOC-2025-02648;FAC;101632;CL0081;V005;CP30;FOODSERVICE;2025-02-04;2025-03-06;CLP;2060393;391475;2451868;ACEPTADO;CD_SANTIAGO
DOC-2025-02709;FAC;101689;CL0129;V007;CP45;FOODSERVICE;2025-02-04;2025-03-21;CLP;2071884;393658;2465542;ACEPTADO;PLANTA_CORONEL
DOC-2025-02771;FAC;101746;CL0156;V008;CP45;FOODSERVICE;2025-02-04;2025-03-21;CLP;1381854;262552;1644406;ACEPTADO;PLANTA_TALCAHUANO
DOC-2025-03488;FAC;102423;CL0148;V006;CP45;FOODSERVICE;2025-02-04;2025-03-21;CLP;1054673;200388;1255061;ACEPTADO;CD_SANTIAGO
DOC-2025-03584;FAC;102514;CL0113;V005;CP30;FOODSERVICE;2025-02-04;2025-03-06;CLP;8914948;1693840;10608788;ACEPTADO;PLANTA_CORONEL
DOC-2025-03647;FEE;8200;CL0168;V005;CP60;FOODSERVICE;2025-02-04;2025-04-05;CLP;2757837;0;2757837;ACEPTADO;PLANTA_CORONEL
DOC-2025-02032;FEX;50394;CL0032;V002;CP60;EXPORTACION;2025-02-05;2025-04-06;USD;136351.44;0;136351.44;ACEPTADO;PLANTA_CALDERA
DOC-2025-02192;FEX;50554;CL0059;V001;CP90;EXPORTACION;2025-02-05;2025-05-06;USD;37584.09;0;37584.09;ACEPTADO;PLANTA_CORONEL
DOC-2025-02200;FEX;50562;CL0032;V002;CP60;EXPORTACION;2025-02-05;2025-04-06;USD;149576.64;0;149576.64;ACEPTADO;PLANTA_TALCAHUANO
DOC-2025-02240;FEX;50602;CL0032;V002;CP60;EXPORTACION;2025-02-05;2025-04-06;USD;159510.34;0;159510.34;ACEPTADO;PLANTA_CORONEL
DOC-2025-02664;FAC;101647;CL0073;V005;CP45;FOODSERVICE;2025-02-05;2025-03-22;CLP;19823701;3766503;23590204;ACEPTADO;CD_SANTIAGO
DOC-2025-02760;FAC;101735;CL0074;V007;CP00;FOODSERVICE;2025-02-05;2025-02-05;CLP;4029975;765695;4795670;ACEPTADO;CD_SANTIAGO
DOC-2025-02908;FAC;101874;CL0128;V005;CP00;FOODSERVICE;2025-02-05;2025-02-17;CLP;11474609;2180176;13654785;ACEPTADO;PLANTA_CORONEL
DOC-2025-03372;FAC;102314;CL0082;V006;CP45;FOODSERVICE;2025-02-05;2025-03-22;CLP;5586340;1061405;6647745;ACEPTADO;PLANTA_CORONEL
DOC-2025-03527;FAC;102458;CL0080;V007;CP45;FOODSERVICE;2025-02-05;2025-03-22;CLP;3503443;665654;4169097;ACEPTADO;CD_SANTIAGO
DOC-2025-04103;FAC;102993;CL0279;V010;CP45;RETAIL;2025-02-05;2025-03-07;CLP;32551388;6184764;38736152;ACEPTADO;CD_SANTIAGO
DOC-2025-02617;FAC;101604;CL0088;V005;CP45;FOODSERVICE;2025-02-06;2025-03-23;CLP;12139644;2306532;14446176;ACEPTADO;CD_SANTIAGO
DOC-2025-02712;FAC;101692;CL0177;V005;CP60;FOODSERVICE;2025-02-06;2025-04-07;CLP;14132954;2685261;16818215;ACEPTADO;PLANTA_TALCAHUANO
DOC-2025-03024;FAC;101987;CL0121;V007;CP30;FOODSERVICE;2025-02-06;2025-03-08;CLP;6452313;1225939;7678252;ACEPTADO;PLANTA_TALCAHUANO
DOC-2025-03132;FAC;102089;CL0120;V007;CP30;FOODSERVICE;2025-02-06;2025-02-11;CLP;12222196;2322217;14544413;ACEPTADO;PLANTA_CORONEL
DOC-2025-03534;FAC;102465;CL0161;V005;CP45;FOODSERVICE;2025-02-06;2025-03-23;CLP;43742208;8311020;52053228;ACEPTADO;CD_SANTIAGO
DOC-2025-03641;FAC;102567;CL0214;V008;CP45;FOODSERVICE;2025-02-06;2025-03-23;CLP;15282474;2903670;18186144;ACEPTADO;CD_SANTIAGO
DOC-2025-03874;FAC;102775;CL0123;V006;CP45;FOODSERVICE;2025-02-06;2025-03-23;CLP;4110728;781038;4891766;ACEPTADO;CD_SANTIAGO
DOC-2025-04092;FAC;102982;CL0306;V011;CP45;RETAIL;2025-02-06;2025-03-23;CLP;6262738;1189920;7452658;ACEPTADO;PLANTA_TALCAHUANO
DOC-DUP-002;FAC;101692;CL0177;V005;CP60;FOODSERVICE;2025-02-06;2025-04-07;CLP;14132954;2685261;16818215;ACEPTADO;PLANTA_TALCAHUANO
DOC-2025-02121;FEX;50483;CL0062;V004;CP60;EXPORTACION;2025-02-07;2025-04-08;USD;52600.03;0;52600.03;ACEPTADO;PLANTA_QUELLON
DOC-2025-02187;FEX;50549;CL0038;V002;CP60;EXPORTACION;2025-02-07;2025-04-08;USD;13014.04;0;13014.04;ACEPTADO;PLANTA_QUELLON
DOC-2025-02228;FEX;50590;CL0068;V002;CP90;EXPORTACION;2025-02-07;2025-05-08;USD;26953.23;0;26953.23;ACEPTADO;PLANTA_CORONEL
DOC-2025-02373;FEX;50735;CL0012;V004;CP60;EXPORTACION;2025-02-07;2025-04-08;CLP;194470805;0;194470805;ACEPTADO;PLANTA_CORONEL
DOC-2025-02441;FEX;50803;CL0034;V004;CP120;EXPORTACION;2025-02-07;2025-06-07;USD;41150.26;0;41150.26;ACEPTADO;PLANTA_TALCAHUANO
DOC-2025-02689;FAC;101671;CL0128;V005;CP45;FOODSERVICE;2025-02-07;2025-03-24;CLP;971981;184676;1156657;ACEPTADO;PLANTA_CORONEL
DOC-2025-02958;FAC;101922;CL0116;V006;CP30;FOODSERVICE;2025-02-07;2025-03-09;CLP;5305218;1007991;6313209;ACEPTADO;PLANTA_CORONEL
DOC-2025-02997;FAC;101961;CL0197;V008;CP45;FOODSERVICE;2025-02-07;2025-03-24;CLP;2822064;536192;3358256;ACEPTADO;PLANTA_TALCAHUANO
DOC-2025-03051;FAC;102013;CL0221;V005;CP30;FOODSERVICE;2025-02-07;2025-03-09;CLP;2305072;437964;2743036;ACEPTADO;PLANTA_TALCAHUANO
DOC-2025-03471;FAC;102407;CL0086;V008;CP30;FOODSERVICE;2025-02-07;2025-03-09;CLP;1646059;312751;1958810;ACEPTADO;CD_SANTIAGO
DOC-2025-03477;FAC;102413;CL0186;V007;CP45;FOODSERVICE;2025-02-07;2025-03-24;CLP;2108288;400575;2508863;ACEPTADO;CD_SANTIAGO
DOC-2025-03579;FAC;102509;CL0126;V005;CP45;FOODSERVICE;2025-02-07;2025-03-24;CLP;3948430;750202;4698632;ACEPTADO;PLANTA_CORONEL
DOC-2025-03665;FAC;102586;CL0193;V008;CP30;FOODSERVICE;2025-02-07;2025-03-09;CLP;5896166;1120272;7016438;ACEPTADO;PLANTA_CORONEL
DOC-2025-03729;FAC;102645;CL0085;V008;CP45;FOODSERVICE;2025-02-07;2025-03-24;CLP;3154536;599362;3753898;ACEPTADO;PLANTA_CORONEL
DOC-2025-03758;FAC;102673;CL0104;V006;CP45;FOODSERVICE;2025-02-07;2025-03-24;CLP;9409642;1787832;11197474;ACEPTADO;PLANTA_CORONEL
DOC-2025-03836;FAC;102742;CL0120;V007;CP60;FOODSERVICE;2025-02-07;2025-04-08;CLP;8409357;1597778;10007135;ACEPTADO;PLANTA_TALCAHUANO
DOC-2025-03923;FAC;102822;CL0118;V007;CP45;FOODSERVICE;2025-02-07;2025-03-24;CLP;27145382;5157623;32303005;ACEPTADO;PLANTA_TALCAHUANO
DOC-2025-04190;FAC;103074;CL0258;V009;CP45;RETAIL;2025-02-07;2025-03-24;CLP;8650143;1643527;10293670;ACEPTADO;PLANTA_CORONEL
DOC-2025-02074;FEX;50436;CL0018;V003;CP60;EXPORTACION;2025-02-10;2025-04-11;CLP;40526499;0;40526499;ACEPTADO;PLANTA_CORONEL
DOC-2025-02077;FEX;50439;CL0012;V004;CP60;EXPORTACION;2025-02-10;2025-04-11;USD;31768.96;0;31768.96;RECLAMADO;PLANTA_QUELLON
DOC-2025-02768;FAC;101743;CL0090;V007;CP30;FOODSERVICE;2025-02-10;2025-03-12;CLP;9886782;1878489;11765271;ACEPTADO;PLANTA_TALCAHUANO
DOC-2025-03349;FAC;102292;CL0107;V005;CP00;FOODSERVICE;2025-02-10;2025-02-10;CLP;1034758;196604;1231362;ANULADO;CD_SANTIAGO
DOC-2025-03445;FAC;102384;CL0161;V005;CP45;FOODSERVICE;2025-02-10;2025-03-27;CLP;9676442;1838524;11514966;ACEPTADO;CD_SANTIAGO
DOC-2025-03777;FAC;102691;CL0147;V005;CP00;FOODSERVICE;2025-02-10;2025-02-10;CLP;7272516;1381778;8654294;ACEPTADO;CD_SANTIAGO
DOC-2025-03819;FEE;8216;CL0137;V007;CP60;FOODSERVICE;2025-02-10;2025-04-11;CLP;4358832;0;4358832;ACEPTADO;PLANTA_CORONEL
DOC-2025-04024;FAC;102918;CL0325;V011;CP45;RETAIL;2025-02-10;2025-03-27;CLP;1939118;368432;2307550;ACEPTADO;CD_SANTIAGO
DOC-2025-02171;FEX;50533;CL0025;V002;CP90;EXPORTACION;2025-02-11;2025-05-12;USD;79793.07;0;79793.07;ACEPTADO;PLANTA_QUELLON
DOC-2025-03728;FAC;102644;CL0095;V007;CP30;FOODSERVICE;2025-02-11;2025-03-13;CLP;4334865;823624;5158489;ACEPTADO;PLANTA_CORONEL
DOC-2025-04251;FAC;103133;CL0288;V010;CP30;RETAIL;2025-02-11;2025-03-13;CLP;18585973;3531335;22117308;ACEPTADO;PLANTA_CORONEL
DOC-2025-02106;FEX;50468;CL0034;V004;CP90;EXPORTACION;2025-02-12;2025-05-13;USD;80648.25;0;80648.25;ACEPTADO;PLANTA_CORONEL
DOC-2025-02488;FEX;50850;CL0070;V002;CP90;EXPORTACION;2025-02-12;2025-05-13;USD;13444.94;0;13444.94;ACEPTADO;PLANTA_QUELLON
DOC-2025-02639;FAC;101624;CL0193;V008;CP60;FOODSERVICE;2025-02-12;2025-04-13;CLP;2253134;428095;2681229;ACEPTADO;PLANTA_CORONEL
DOC-2025-02837;FAC;101809;CL0110;V008;CP30;FOODSERVICE;2025-02-12;2025-03-14;CLP;6309812;1198864;7508676;ACEPTADO;CD_SANTIAGO
DOC-2025-03353;FAC;102296;CL0131;V006;CP30;FOODSERVICE;2025-02-12;2025-03-14;CLP;10342134;1965005;12307139;ACEPTADO;PLANTA_TALCAHUANO
DOC-2025-03361;FAC;102303;CL0217;V007;CP30;FOODSERVICE;2025-02-12;2025-03-14;CLP;7340502;1394695;8735197;ACEPTADO;PLANTA_CORONEL
DOC-2025-03637;FAC;102563;CL0074;V007;CP30;FOODSERVICE;2025-02-12;2025-03-14;CLP;36647701;6963063;43610764;ACEPTADO;CD_SANTIAGO
DOC-2025-04119;FAC;103008;CL0265;V009;CP90;RETAIL;2025-02-12;2025-05-13;CLP;25146507;4777836;29924343;ACEPTADO;PLANTA_CORONEL
DOC-2025-02039;FEX;50401;CL0012;V004;CP60;EXPORTACION;2025-02-13;2025-04-14;USD;33477.57;0;33477.57;ACEPTADO;PLANTA_QUELLON
DOC-2025-02122;FEX;50484;CL0001;V004;CP90;EXPORTACION;2025-02-13;2025-05-14;USD;19922.1;0;19922.1;ACEPTADO;PLANTA_CORONEL
DOC-2025-02989;FAC;101953;CL0184;V005;CP45;FOODSERVICE;2025-02-13;2025-03-30;CLP;13734785;2609609;16344394;ACEPTADO;CD_SANTIAGO
DOC-2025-03208;FAC;102159;CL0087;V007;CP45;FOODSERVICE;2025-02-13;2025-03-30;CLP;6906202;1312178;8218380;ACEPTADO;PLANTA_TALCAHUANO
DOC-2025-03985;FAC;102880;CL0231;V009;CP60;RETAIL;2025-02-13;2025-04-14;CLP;10213802;1940622;12154424;ACEPTADO;CD_SANTIAGO
DOC-2025-04346;FAC;103223;CL0245;V011;CP90;RETAIL;2025-02-13;2025-05-14;CLP;64136038;12185847;76321885;ACEPTADO;PLANTA_TALCAHUANO
DOC-2025-02065;FEX;50427;CL0040;V001;CP90;EXPORTACION;2025-02-14;2025-05-15;USD;77656.79;0;77656.79;ANULADO;PLANTA_CALDERA
DOC-2025-02134;FEX;50496;CL0032;V002;CP60;EXPORTACION;2025-02-14;2025-04-15;CLP;54382828;0;54382828;ACEPTADO;PLANTA_CORONEL
DOC-2025-02222;FEX;50584;CL0034;V004;CP60;EXPORTACION;2025-02-14;2024-12-05;USD;11189.82;0;11189.82;ACEPTADO;PLANTA_CORONEL
DOC-2025-02255;FEX;50617;CL0032;V002;CP90;EXPORTACION;2025-02-14;2025-05-15;USD;39366.07;0;39366.07;ACEPTADO;PLANTA_CORONEL
DOC-2025-02294;FEX;50656;CL0032;V002;CP90;EXPORTACION;2025-02-14;2025-05-15;USD;89750.44;0;89750.44;ACEPTADO;PLANTA_CORONEL
DOC-2025-02407;FEX;50769;CL0049;V003;CP120;EXPORTACION;2025-02-14;2025-06-14;USD;12729.93;0;12729.93;ACEPTADO;PLANTA_QUELLON
DOC-2025-02429;FEX;50791;CL0032;V002;CP60;EXPORTACION;2025-02-14;2025-04-15;USD;211285.73;0;211285.73;ACEPTADO;PLANTA_QUELLON
DOC-2025-02763;FAC;101738;CL0214;V008;CP60;FOODSERVICE;2025-02-14;2025-04-15;CLP;8812572;1674389;10486961;ACEPTADO;PLANTA_TALCAHUANO
DOC-2025-02782;FAC;101757;CL0085;V008;CP30;FOODSERVICE;2025-02-14;2025-03-16;CLP;9740365;1850669;11591034;ACEPTADO;CD_SANTIAGO
DOC-2025-02874;FAC;101843;CL0077;V007;CP45;FOODSERVICE;2025-02-14;2025-03-31;CLP;2844739;540500;3385239;ACEPTADO;PLANTA_CORONEL
DOC-2025-02880;FAC;101849;CL0124;V006;CP00;FOODSERVICE;2025-02-14;2025-02-14;CLP;6506231;1236184;7742415;ACEPTADO;CD_SANTIAGO
DOC-2025-02966;FAC;101930;CL0207;V008;CP30;FOODSERVICE;2025-02-14;2025-03-16;CLP;6482757;1231724;7714481;ACEPTADO;PLANTA_CORONEL
DOC-2025-03154;FAC;102109;CL0085;V008;CP30;FOODSERVICE;2025-02-14;2025-03-16;CLP;7156063;1359652;8515715;ACEPTADO;CD_SANTIAGO
DOC-2025-03259;FAC;102207;CL0116;V006;CP30;FOODSERVICE;2025-02-14;2025-03-16;CLP;13677762;2598775;16276537;ACEPTADO;PLANTA_CORONEL
DOC-2025-03272;FAC;102219;CL0186;V007;CP45;FOODSERVICE;2025-02-14;2025-03-31;CLP;7988535;1517822;9506357;ACEPTADO;CD_SANTIAGO
DOC-2025-03310;FAC;102256;CL0118;V007;CP60;FOODSERVICE;2025-02-14;2025-04-15;CLP;27831307;5287948;33119255;ACEPTADO;PLANTA_CORONEL
DOC-2025-03313;FAC;102258;CL0074;V007;CP30;FOODSERVICE;2025-02-14;2025-03-16;CLP;7539225;1432453;8971678;ACEPTADO;PLANTA_CORONEL
DOC-2025-03492;FAC;102427;CL0080;V007;CP30;FOODSERVICE;2025-02-14;2025-03-16;CLP;6534610;1241576;7776186;ACEPTADO;PLANTA_TALCAHUANO
DOC-2025-03624;FAC;102550;CL0118;V007;CP60;FOODSERVICE;2025-02-14;2025-04-15;CLP;12426682;2361070;14787752;ACEPTADO;CD_SANTIAGO
DOC-2025-03748;FAC;102663;CL0213;V006;CP30;FOODSERVICE;2025-02-14;2025-03-31;CLP;2144183;407395;2551578;ACEPTADO;CD_SANTIAGO
DOC-2025-03834;FAC;102740;CL0123;V006;CP60;FOODSERVICE;2025-02-14;2025-04-15;CLP;9069160;1723140;10792300;ACEPTADO;PLANTA_TALCAHUANO
DOC-2025-03955;FAC;102852;CL0138;V005;CP30;FOODSERVICE;2025-02-14;2025-03-16;CLP;2619092;497627;3116719;ACEPTADO;PLANTA_TALCAHUANO
DOC-2025-04046;FEE;8234;CL0249;V009;CP90;RETAIL;2025-02-14;2025-05-15;CLP;7175177;0;7175177;ACEPTADO;PLANTA_CORONEL
DOC-2025-04099;FAC;102989;CL0270;V012;CP30;RETAIL;2025-02-14;2025-03-16;CLP;10892369;2069550;12961919;ACEPTADO;PLANTA_CORONEL
DOC-2025-04195;FAC;103079;CL0301;V009;CP30;RETAIL;2025-02-14;2025-03-16;CLP;7955090;1511467;9466557;ACEPTADO;PLANTA_TALCAHUANO
DOC-2025-02203;FEX;50565;CL0049;V003;CP90;EXPORTACION;2025-02-17;2025-05-18;USD;19993.13;0;19993.13;ACEPTADO;PLANTA_CORONEL
DOC-2025-02691;FAC;101672;CL0156;V008;CP30;FOODSERVICE;2025-02-17;2025-03-19;CLP;5360880;1018567;6379447;ACEPTADO;CD_SANTIAGO
DOC-2025-02781;FAC;101756;CL0138;V005;CP30;FOODSERVICE;2025-02-17;2025-03-19;CLP;3614519;686759;4301278;ACEPTADO;PLANTA_CORONEL
DOC-2025-02784;FAC;101759;CL0158;V007;CP30;FOODSERVICE;2025-02-17;2025-03-19;CLP;9367073;1779744;11146817;ACEPTADO;PLANTA_TALCAHUANO
DOC-2025-03263;FAC;102211;CL0091;V007;CP60;FOODSERVICE;2025-02-17;2025-04-18;CLP;2991109;568311;3559420;ACEPTADO;CD_SANTIAGO
DOC-2025-03538;FAC;102469;CL0074;V007;CP60;FOODSERVICE;2025-02-17;2025-04-18;CLP;9680807;1839353;11520160;ACEPTADO;CD_SANTIAGO
DOC-2025-03975;FAC;102871;CL0104;V006;CP30;FOODSERVICE;2025-02-17;2025-03-19;CLP;3062465;581868;3644333;ACEPTADO;CD_SANTIAGO
DOC-2025-04060;FAC;102950;CL0279;V010;CP60;RETAIL;2025-02-17;2025-04-18;CLP;7087290;1346585;8433875;ACEPTADO;CD_SANTIAGO
DOC-2025-02608;FAC;101596;CL0116;V006;CP45;FOODSERVICE;2025-02-18;2025-04-04;CLP;2492679;473609;2966288;ACEPTADO;PLANTA_TALCAHUANO
DOC-2025-02912;FAC;101878;CL0134;V007;CP60;FOODSERVICE;2025-02-18;2025-04-19;CLP;5820126;1105824;6925950;ACEPTADO;PLANTA_TALCAHUANO
DOC-2025-03694;FAC;102612;CL0177;V005;CP30;FOODSERVICE;2025-02-18;2025-03-20;CLP;22420923;4259975;26680898;ACEPTADO;PLANTA_CORONEL
DOC-2025-03919;FAC;102818;CL0074;V007;CP30;FOODSERVICE;2025-02-18;2025-03-20;CLP;57263450;10880056;68143506;ACEPTADO;PLANTA_TALCAHUANO
DOC-2025-04283;FAC;103163;CL0291;V011;CP30;RETAIL;2025-02-18;2025-03-20;CLP;3603886;684738;4288624;ACEPTADO;PLANTA_TALCAHUANO
DOC-2025-04341;FAC;103218;CL0327;V010;CP60;RETAIL;2025-02-18;2025-04-19;CLP;6087596;1156643;7244239;ACEPTADO;PLANTA_CORONEL
DOC-2025-02191;FEX;50553;CL0040;V001;CP60;EXPORTACION;2025-02-19;2025-04-20;USD;197121.83;0;197121.83;ACEPTADO;PLANTA_CORONEL
DOC-2025-02443;FEX;50805;CL0032;V002;CP120;EXPORTACION;2025-02-19;2025-06-19;USD;119822.76;0;119822.76;ACEPTADO;PLANTA_CORONEL
DOC-2025-02722;FAC;101701;CL0201;V005;CP60;FOODSERVICE;2025-02-19;2025-04-20;CLP;5404818;1026915;6431733;ACEPTADO;PLANTA_CORONEL
DOC-2025-03268;FAC;102216;CL0097;V007;CP30;FOODSERVICE;2025-02-19;2025-03-21;CLP;7206795;1369291;8576086;ACEPTADO;PLANTA_CORONEL
DOC-2025-03283;FAC;102230;CL0074;V007;CP30;FOODSERVICE;2025-02-19;2025-03-21;CLP;4274738;812200;5086938;ACEPTADO;PLANTA_TALCAHUANO
DOC-2025-03537;FAC;102468;CL0136;V008;CP45;FOODSERVICE;2025-02-19;2025-04-05;CLP;6277301;1192687;7469988;ACEPTADO;PLANTA_TALCAHUANO
DOC-2025-04154;FAC;103042;CL0245;V011;CP90;RETAIL;2025-02-19;2025-05-20;CLP;15123518;2873468;17996986;ACEPTADO;PLANTA_TALCAHUANO
DOC-DUP-018;FEX;50805;CL0032;V002;CP120;EXPORTACION;2025-02-19;2025-06-19;USD;119822.76;0;119822.76;ACEPTADO;PLANTA_CORONEL
DOC-2025-02050;FEX;50412;CL0032;V002;CP60;EXPORTACION;2025-02-20;2025-04-21;USD;196616.93;0;196616.93;ACEPTADO;PLANTA_CALDERA
DOC-2025-02522;FEE;8128;CL0129;V007;CP30;FOODSERVICE;2025-02-20;2025-03-22;CLP;13898068;0;13898068;ACEPTADO;PLANTA_CORONEL
DOC-2025-02596;FAC;101587;CL0075;V007;CP00;FOODSERVICE;2025-02-20;2025-02-20;CLP;6490666;1233227;7723893;ACEPTADO;CD_SANTIAGO
DOC-2025-02929;FAC;101894;CL0159;V006;CP45;FOODSERVICE;2025-02-20;2025-04-06;CLP;2363433;449052;2812485;ACEPTADO;CD_SANTIAGO
DOC-2025-03058;FAC;102020;CL0104;V006;CP45;FOODSERVICE;2025-02-20;2025-04-06;CLP;10247144;1946957;12194101;ACEPTADO;CD_SANTIAGO
DOC-2025-03177;FAC;102132;CL0144;V006;CP30;FOODSERVICE;2025-02-20;2025-03-22;CLP;8189025;1555915;9744940;ACEPTADO;PLANTA_TALCAHUANO
DOC-2025-02024;FEX;50386;CL0032;V002;CP90;EXPORTACION;2025-02-21;2025-06-21;USD;150476.97;0;150476.97;ACEPTADO;PLANTA_TALCAHUANO
DOC-2025-02087;FEX;50449;CL0032;V002;CP60;EXPORTACION;2025-02-21;2025-04-22;USD;144910.07;0;144910.07;ACEPTADO;PLANTA_CALDERA
DOC-2025-02138;FEX;50500;CL0032;V002;CP90;EXPORTACION;2025-02-21;2025-05-22;USD;49586.09;0;49586.09;ACEPTADO;PLANTA_QUELLON
DOC-2025-02179;FEX;50541;CL0063;V003;CP90;EXPORTACION;2025-02-21;2025-05-22;USD;41914.43;0;41914.43;ACEPTADO;PLANTA_CALDERA
DOC-2025-02315;FEX;50677;CL0012;V004;CP120;EXPORTACION;2025-02-21;2025-06-21;USD;201810.71;0;201810.71;ACEPTADO;PLANTA_CORONEL
DOC-2025-02356;FEX;50718;CL0010;V003;CP120;EXPORTACION;2025-02-21;2025-06-21;USD;35522.4;0;35522.4;ACEPTADO;PLANTA_TALCAHUANO
DOC-2025-02392;FEX;50754;CL0038;V002;CP90;EXPORTACION;2025-02-21;2025-05-22;USD;8405.52;0;8405.52;ACEPTADO;PLANTA_CALDERA
DOC-2025-02418;FEX;50780;CL0072;V004;CP120;EXPORTACION;2025-02-21;2025-06-21;USD;35461.94;0;35461.94;ACEPTADO;PLANTA_CORONEL
DOC-2025-02468;FEX;50830;CL0012;V004;CP90;EXPORTACION;2025-02-21;2025-05-22;USD;65262.41;0;65262.41;ACEPTADO;PLANTA_CORONEL
DOC-2025-02625;FAC;101612;CL0090;V007;CP45;FOODSERVICE;2025-02-21;2025-04-07;CLP;4460380;847472;5307852;ACEPTADO;PLANTA_CORONEL
DOC-2025-02641;FAC;101626;CL0159;V006;CP30;FOODSERVICE;2025-02-21;2025-03-23;CLP;2751947;522870;3274817;ACEPTADO;CD_SANTIAGO
DOC-2025-02687;FEE;8142;CL0190;V006;CP45;FOODSERVICE;2025-02-21;2025-04-07;CLP;6934135;0;6934135;ACEPTADO;CD_SANTIAGO
DOC-2025-02749;FAC;101724;CL0194;V008;CP30;FOODSERVICE;2025-02-21;2025-03-23;CLP;7607796;1445481;9053277;ACEPTADO;PLANTA_CORONEL
DOC-2025-02864;FAC;101834;CL0203;V008;CP45;FOODSERVICE;2025-02-21;2025-04-07;CLP;4045356;768618;4813974;ACEPTADO;CD_SANTIAGO
DOC-2025-03035;FAC;101997;CL0119;V007;CP30;FOODSERVICE;2025-02-21;2025-03-23;CLP;3168238;601965;3770203;ACEPTADO;PLANTA_CORONEL
DOC-2025-03150;FAC;102106;CL0103;V005;CP60;FOODSERVICE;2025-02-21;2025-04-22;CLP;4223499;802465;5025964;ACEPTADO;PLANTA_CORONEL
DOC-2025-03178;FAC;102133;CL0176;V008;CP45;FOODSERVICE;2025-02-21;2025-04-07;CLP;2504347;475826;2980173;ACEPTADO;CD_SANTIAGO
DOC-2025-03426;FAC;102365;CL0089;V008;CP45;FOODSERVICE;2025-02-21;2025-04-07;CLP;1581963;300573;1882536;RECLAMADO;PLANTA_CORONEL
DOC-2025-03431;FAC;102370;CL0152;V006;CP45;FOODSERVICE;2025-02-21;2025-04-07;CLP;2877933;546807;3424740;ACEPTADO;PLANTA_TALCAHUANO
DOC-2025-03570;FAC;102500;CL0153;V008;CP45;FOODSERVICE;2025-02-21;2025-04-07;CLP;2868426;545001;3413427;ACEPTADO;PLANTA_TALCAHUANO
DOC-2025-03688;FAC;102606;CL0222;V005;CP30;FOODSERVICE;2025-02-21;2025-04-07;CLP;6341979;1204976;7546955;ACEPTADO;PLANTA_TALCAHUANO
DOC-2025-03832;FAC;102738;CL0159;V006;CP30;FOODSERVICE;2025-02-21;2025-03-23;CLP;6351415;1206769;7558184;ACEPTADO;CD_SANTIAGO
DOC-2025-03893;FAC;102794;CL0073;V005;CP60;FOODSERVICE;2025-02-21;2025-04-22;CLP;21287661;4044656;25332317;ACEPTADO;PLANTA_CORONEL
DOC-2025-03932;FAC;102829;CL0193;V008;CP30;FOODSERVICE;2025-02-21;2025-03-23;CLP;10755025;2043455;12798480;ACEPTADO;PLANTA_TALCAHUANO
DOC-2025-04001;FAC;102895;CL0318;V009;CP60;RETAIL;2025-02-21;2024-11-04;CLP;6747519;1282029;8029548;ACEPTADO;PLANTA_TALCAHUANO
DOC-2025-04075;FAC;102965;CL0245;V011;CP60;RETAIL;2025-02-21;2025-04-22;CLP;22267841;4230890;26498731;ACEPTADO;CD_SANTIAGO
DOC-2025-04148;FAC;103036;CL0266;V012;CP45;RETAIL;2025-02-21;2025-04-07;CLP;4735375;899721;5635096;ACEPTADO;CD_SANTIAGO
DOC-2025-04206;FAC;103090;CL0270;V012;CP30;RETAIL;2025-02-21;2025-03-23;CLP;3570003;678301;4248304;ACEPTADO;PLANTA_CORONEL
DOC-2025-04249;FEE;8242;CL0246;V009;CP60;RETAIL;2025-02-21;2025-04-22;CLP;2147179;0;2147179;ACEPTADO;CD_SANTIAGO
DOC-2025-04324;FAC;103202;CL0279;V010;CP30;RETAIL;2025-02-21;2025-03-23;CLP;38200452;7258086;45458538;ACEPTADO;PLANTA_CORONEL
DOC-2025-02565;FAC;101558;CL0151;V006;CP45;FOODSERVICE;2025-02-24;2025-04-10;CLP;3842880;730147;4573027;ACEPTADO;PLANTA_TALCAHUANO
DOC-2025-02737;FAC;101715;CL0143;V006;CP30;FOODSERVICE;2025-02-24;2025-03-26;CLP;2253597;428183;2681780;ACEPTADO;PLANTA_CORONEL
DOC-2025-03007;FAC;101970;CL0217;V007;CP45;FOODSERVICE;2025-02-24;2025-04-10;CLP;9750120;1852523;11602643;ACEPTADO;PLANTA_CORONEL
DOC-2025-03215;FAC;102165;CL0148;V006;CP60;FOODSERVICE;2025-02-24;2025-04-25;CLP;7497473;1424520;8921993;ACEPTADO;PLANTA_TALCAHUANO
DOC-2025-03553;FAC;102484;CL0095;V007;CP00;FOODSERVICE;2025-02-24;2025-02-24;CLP;3194264;606910;3801174;ACEPTADO;PLANTA_CORONEL
DOC-2025-03661;FAC;102583;CL0211;V006;CP30;FOODSERVICE;2025-02-24;2025-03-26;CLP;996432;189322;1185754;ACEPTADO;PLANTA_TALCAHUANO
DOC-2025-03785;FEE;8214;CL0212;V005;CP60;FOODSERVICE;2025-02-24;2025-04-25;CLP;4914509;0;4914509;ACEPTADO;PLANTA_TALCAHUANO
DOC-2025-04229;FAC;103113;CL0279;V010;CP45;RETAIL;2025-02-24;2025-04-10;CLP;50978789;9685970;60664759;ACEPTADO;PLANTA_TALCAHUANO
DOC-2025-02048;FEX;50410;CL0032;V002;CP60;EXPORTACION;2025-02-25;2025-04-26;USD;285653.31;0;285653.31;ACEPTADO;PLANTA_QUELLON
DOC-2025-02390;FEX;50752;CL0049;V003;CP90;EXPORTACION;2025-02-25;2025-05-26;USD;45987.38;0;45987.38;ACEPTADO;PLANTA_CALDERA
DOC-2025-02445;FEX;50807;CL0032;V002;CP90;EXPORTACION;2025-02-25;2025-05-26;USD;420000;0;420000;ACEPTADO;PLANTA_TALCAHUANO
DOC-2025-02509;FEX;50871;CL0012;V004;CP60;EXPORTACION;2025-02-25;2025-04-26;USD;62060.16;0;62060.16;ACEPTADO;PLANTA_TALCAHUANO
DOC-2025-03125;FAC;102082;CL0122;V007;CP45;FOODSERVICE;2025-02-25;2025-04-11;CLP;7550335;1434564;8984899;ACEPTADO;PLANTA_CORONEL
DOC-2025-03140;FEE;8168;CL0143;V006;CP45;FOODSERVICE;2025-02-25;2025-04-11;CLP;1435388;0;1435388;ACEPTADO;PLANTA_CORONEL
DOC-2025-03189;FAC;102142;CL0189;V008;CP30;FOODSERVICE;2025-02-25;2025-03-27;CLP;5079948;965190;6045138;ACEPTADO;CD_SANTIAGO
DOC-2025-03610;FAC;102537;CL0123;V006;CP30;FOODSERVICE;2025-02-25;2025-03-27;CLP;12483186;2371805;14854991;ACEPTADO;PLANTA_CORONEL
DOC-2025-03651;FAC;102574;CL0074;V007;CP30;FOODSERVICE;2025-02-25;2025-03-27;CLP;19766744;3755681;23522425;ACEPTADO;PLANTA_CORONEL
DOC-2025-03790;FAC;102700;CL0118;V007;CP30;FOODSERVICE;2025-02-25;2025-03-27;CLP;6551604;1244805;7796409;ACEPTADO;CD_SANTIAGO
DOC-2025-04041;FAC;102933;CL0243;V010;CP45;RETAIL;2025-02-25;2025-04-11;CLP;5001848;950351;5952199;ACEPTADO;PLANTA_CORONEL
DOC-2025-04085;FAC;102975;CL0279;V010;CP45;RETAIL;2025-02-25;2025-04-11;CLP;19974726;3795198;23769924;ACEPTADO;CD_SANTIAGO
DOC-2025-02182;FEX;50544;CL0012;V004;CP60;EXPORTACION;2025-02-26;2025-04-27;USD;93866.21;0;93866.21;ACEPTADO;PLANTA_QUELLON
DOC-2025-02267;FEX;50629;CL0012;V004;CP60;EXPORTACION;2025-02-26;2025-04-27;CLP;72520496;0;72520496;ACEPTADO;PLANTA_QUELLON
DOC-2025-02419;FEX;50781;CL0032;V002;CP60;EXPORTACION;2025-02-26;2025-04-27;USD;35492.63;0;35492.63;ACEPTADO;PLANTA_CALDERA
DOC-2025-03011;FAC;101974;CL0158;V007;CP30;FOODSERVICE;2025-02-26;2025-03-28;CLP;9650415;1833579;11483994;ACEPTADO;CD_SANTIAGO
DOC-2025-03144;FAC;102100;CL0124;V006;CP45;FOODSERVICE;2025-02-26;2025-04-12;CLP;12602874;2394546;14997420;ACEPTADO;CD_SANTIAGO
DOC-2025-03747;FAC;102662;CL0082;V006;CP30;FOODSERVICE;2025-02-26;2025-03-28;CLP;5862518;1113878;6976396;ACEPTADO;CD_SANTIAGO
DOC-2025-04295;FAC;103175;CL0266;V012;CP90;RETAIL;2025-02-26;2025-05-27;CLP;29145936;5537728;34683664;ACEPTADO;PLANTA_CORONEL
DOC-DUP-001;FAC;102100;CL0124;V006;CP45;FOODSERVICE;2025-02-26;2025-04-12;CLP;12602874;2394546;14997420;ACEPTADO;CD_SANTIAGO
DOC-2025-02251;FEX;50613;CL0045;V003;CP60;EXPORTACION;2025-02-27;2025-04-28;USD;19246.73;0;19246.73;ACEPTADO;PLANTA_CORONEL
DOC-2025-02465;FEX;50827;CL0043;V001;CP120;EXPORTACION;2025-02-27;2025-06-27;USD;8186.67;0;8186.67;ACEPTADO;PLANTA_TALCAHUANO
DOC-2025-03191;FEE;8172;CL0090;V007;CP45;FOODSERVICE;2025-02-27;2025-04-13;CLP;24865873;0;24865873;ACEPTADO;CD_SANTIAGO
DOC-2025-03282;FAC;102229;CL0147;V005;CP60;FOODSERVICE;2025-02-27;2025-04-28;CLP;1861348;353656;2215004;ACEPTADO;PLANTA_CORONEL
DOC-2025-03685;FAC;102604;CL0153;V008;CP00;FOODSERVICE;2025-02-27;2025-03-12;CLP;2940633;558720;3499353;ACEPTADO;PLANTA_CORONEL
DOC-2025-02035;FEX;50397;CL0020;V004;CP90;EXPORTACION;2025-02-28;2025-06-23;USD;4500;0;4500;ACEPTADO;PLANTA_CORONEL
DOC-2025-02062;FEX;50424;CL0051;V001;CP90;EXPORTACION;2025-02-28;2025-05-29;CLP;60117832;0;60117832;ACEPTADO;PLANTA_CORONEL
DOC-2025-02092;FEX;50454;CL0034;V004;CP90;EXPORTACION;2025-02-28;2025-05-29;USD;90875.93;0;90875.93;ACEPTADO;PLANTA_CORONEL
DOC-2025-02224;FEX;50586;CL0046;V001;CP60;EXPORTACION;2025-02-28;2025-04-29;USD;13359.64;0;13359.64;ACEPTADO;PLANTA_QUELLON
DOC-2025-02236;FEX;50598;CL0034;V004;CP120;EXPORTACION;2025-02-28;2025-06-28;USD;51573.27;0;51573.27;ACEPTADO;PLANTA_CORONEL
DOC-2025-02282;FEX;50644;CL0045;V003;CP90;EXPORTACION;2025-02-28;2025-05-29;USD;77800.22;0;77800.22;ACEPTADO;PLANTA_CORONEL
DOC-2025-02403;FEX;50765;CL0062;V004;CP60;EXPORTACION;2025-02-28;2025-04-29;USD;29849.91;0;29849.91;RECLAMADO;PLANTA_CORONEL
DOC-2025-02506;FEX;50868;CL0032;V002;CP60;EXPORTACION;2025-02-28;2025-04-29;USD;77044.25;0;77044.25;ACEPTADO;PLANTA_CORONEL
DOC-2025-02588;FAC;101579;CL0166;V008;CP45;FOODSERVICE;2025-02-28;2025-04-14;CLP;1959727;372348;2332075;ACEPTADO;PLANTA_CORONEL
DOC-2025-03164;FAC;102119;CL0203;V008;CP45;FOODSERVICE;2025-02-28;2025-04-14;CLP;4218536;801522;5020058;ACEPTADO;PLANTA_CORONEL
DOC-2025-03210;FEE;8174;CL0082;V006;CP30;FOODSERVICE;2025-02-28;2025-03-30;CLP;2283636;0;2283636;ANULADO;CD_SANTIAGO
DOC-2025-03329;FAC;102272;CL0143;V006;CP30;FOODSERVICE;2025-02-28;2025-03-30;CLP;2203843;418730;2622573;ACEPTADO;CD_SANTIAGO
DOC-2025-03604;FEE;8196;CL0118;V007;CP30;FOODSERVICE;2025-02-28;2025-03-30;CLP;9264853;0;9264853;ACEPTADO;PLANTA_CORONEL
DOC-2025-03697;FAC;102615;CL0104;V006;CP45;FOODSERVICE;2025-02-28;2025-04-14;CLP;4227534;803231;5030765;ACEPTADO;PLANTA_TALCAHUANO
DOC-2025-03767;FAC;102681;CL0074;V007;CP45;FOODSERVICE;2025-02-28;2025-04-14;CLP;12961327;2462652;15423979;RECLAMADO;PLANTA_CORONEL
DOC-2025-03796;FAC;102706;CL0169;V007;CP30;FOODSERVICE;2025-02-28;2025-03-30;CLP;3044181;578394;3622575;ACEPTADO;PLANTA_CORONEL
DOC-2025-03910;FAC;102809;CL0123;V006;CP45;FOODSERVICE;2025-02-28;2025-04-14;CLP;3488551;662825;4151376;ACEPTADO;CD_SANTIAGO
DOC-2025-04108;FAC;102998;CL0279;V010;CP30;RETAIL;2025-02-28;2025-03-30;CLP;45884398;8718036;54602434;ACEPTADO;CD_SANTIAGO
DOC-2025-04212;FAC;103096;CL0245;V011;CP90;RETAIL;2025-02-28;2025-05-29;CLP;30249936;5747488;35997424;ANULADO;PLANTA_TALCAHUANO
DOC-2025-02421;FEX;50783;CL0072;V004;CP60;EXPORTACION;2025-03-03;2025-05-02;CLP;91556872;0;91556872;ACEPTADO;PLANTA_CALDERA
DOC-2025-02493;FEX;50855;CL0028;V001;CP120;EXPORTACION;2025-03-03;2025-07-01;USD;44524.76;0;44524.76;ACEPTADO;PLANTA_CORONEL
DOC-2025-02988;FAC;101952;CL0100;V008;CP30;FOODSERVICE;2025-03-03;2025-04-02;CLP;5086295;966396;6052691;ACEPTADO;CD_SANTIAGO
DOC-2025-03016;FAC;101979;CL0173;V006;CP45;FOODSERVICE;2025-03-03;2025-04-17;CLP;10977097;2085648;13062745;ACEPTADO;PLANTA_TALCAHUANO
DOC-2025-03270;FAC;102217;CL0148;V006;CP30;FOODSERVICE;2025-03-03;2025-05-02;CLP;2114627;401779;2516406;ACEPTADO;CD_SANTIAGO
DOC-2025-04299;FAC;103179;CL0277;V012;CP45;RETAIL;2025-03-03;2025-04-17;CLP;6411976;1218275;7630251;ACEPTADO;CD_SANTIAGO
DOC-2025-02115;FEX;50477;CL0032;V002;CP60;EXPORTACION;2025-03-04;2025-01-18;CLP;69189132;0;69189132;ACEPTADO;PLANTA_CALDERA
DOC-2025-02314;FEX;50676;CL0032;V002;CP120;EXPORTACION;2025-03-04;2025-07-02;USD;65914.53;0;65914.53;ACEPTADO;PLANTA_CORONEL
DOC-2025-02332;FEX;50694;CL0032;V002;CP60;EXPORTACION;2025-03-04;2025-05-03;USD;132008.58;0;132008.58;ACEPTADO;PLANTA_CORONEL
DOC-2025-02701;FAC;101681;CL0087;V007;CP30;FOODSERVICE;2025-03-04;2025-04-03;CLP;3118575;592529;3711104;ACEPTADO;CD_SANTIAGO
DOC-2025-02755;FAC;101730;CL0181;V008;CP45;FOODSERVICE;2025-03-04;2025-04-18;CLP;4803984;912757;5716741;ACEPTADO;PLANTA_CORONEL
DOC-2025-03301;FAC;102248;CL0215;V008;CP45;FOODSERVICE;2025-03-04;2025-04-18;CLP;7670861;1457464;9128325;ACEPTADO;CD_SANTIAGO
DOC-2025-03632;FAC;102558;CL0097;V007;CP30;FOODSERVICE;2025-03-04;2025-04-03;CLP;6179187;1174046;7353233;ANULADO;PLANTA_TALCAHUANO
DOC-2025-04083;FAC;102973;CL0258;V009;CP45;RETAIL;2025-03-04;2025-04-18;CLP;4818712;915555;5734267;ACEPTADO;PLANTA_CORONEL
DOC-2025-02141;FEX;50503;CL0064;V002;CP60;EXPORTACION;2025-03-05;2025-05-04;CLP;13939297;0;13939297;ACEPTADO;PLANTA_TALCAHUANO
DOC-2025-02164;FEX;50526;CL0028;V001;CP120;EXPORTACION;2025-03-05;2025-07-03;CLP;71225807;0;71225807;ACEPTADO;PLANTA_TALCAHUANO
DOC-2025-02881;FAC;101850;CL0085;V008;CP45;FOODSERVICE;2025-03-05;2025-04-19;CLP;6413787;1218620;7632407;ACEPTADO;PLANTA_CORONEL
DOC-2025-03481;FEE;8189;CL0132;V005;CP30;FOODSERVICE;2025-03-05;2025-04-04;CLP;9775358;0;9775358;ACEPTADO;CD_SANTIAGO
DOC-2025-03756;FAC;102671;CL0189;V008;CP30;FOODSERVICE;2025-03-05;2025-04-04;CLP;2157253;409878;2567131;ACEPTADO;PLANTA_TALCAHUANO
DOC-2025-03769;FAC;102683;CL0155;V005;CP30;FOODSERVICE;2025-03-05;2025-04-04;CLP;4067626;772849;4840475;ACEPTADO;CD_SANTIAGO
DOC-2025-04080;FAC;102970;CL0245;V011;CP60;RETAIL;2025-03-05;2025-05-04;CLP;17645758;3352694;20998452;ACEPTADO;CD_SANTIAGO
DOC-2025-02460;FEX;50822;CL0048;V001;CP60;EXPORTACION;2025-03-06;2025-05-05;CLP;42533885;0;42533885;ACEPTADO;PLANTA_CALDERA
DOC-2025-02474;FEX;50836;CL0003;V003;CP60;EXPORTACION;2025-03-06;2025-05-05;USD;4500;0;4500;ACEPTADO;PLANTA_QUELLON
DOC-2025-02713;FEE;8145;CL0163;V008;CP45;FOODSERVICE;2025-03-06;2025-04-20;CLP;11572460;0;11572460;ACEPTADO;PLANTA_CORONEL
DOC-2025-03094;FAC;102054;CL0118;V007;CP45;FOODSERVICE;2025-03-06;2025-04-20;CLP;12318478;2340511;14658989;ACEPTADO;CD_SANTIAGO
DOC-2025-03212;FAC;102162;CL0180;V006;CP30;FOODSERVICE;2025-03-06;2025-04-05;CLP;994434;188942;1183376;ACEPTADO;PLANTA_TALCAHUANO
DOC-2025-03594;FAC;102523;CL0193;V008;CP45;FOODSERVICE;2025-03-06;2025-04-20;CLP;9510973;1807085;11318058;ACEPTADO;PLANTA_TALCAHUANO
DOC-2025-03841;FAC;102747;CL0104;V006;CP45;FOODSERVICE;2025-03-06;2025-04-20;CLP;2328542;442423;2770965;ACEPTADO;PLANTA_CORONEL
DOC-2025-03947;FAC;102844;CL0169;V007;CP30;FOODSERVICE;2025-03-06;2025-04-05;CLP;10937140;2078057;13015197;ACEPTADO;PLANTA_TALCAHUANO
DOC-2025-04276;FAC;103157;CL0341;V010;CP30;RETAIL;2025-03-06;2025-04-05;CLP;7004375;1330831;8335206;ACEPTADO;PLANTA_TALCAHUANO
DOC-2025-02148;FEX;50510;CL0015;V002;CP120;EXPORTACION;2025-03-07;2025-07-05;USD;9108.24;0;9108.24;ACEPTADO;PLANTA_TALCAHUANO
DOC-2025-02190;FEX;50552;CL0012;V004;CP60;EXPORTACION;2025-03-07;2025-05-06;USD;72656.45;0;72656.45;ACEPTADO;PLANTA_CORONEL
DOC-2025-02223;FEX;50585;CL0032;V002;CP120;EXPORTACION;2025-03-07;2025-07-05;USD;187569.5;0;187569.5;ACEPTADO;PLANTA_TALCAHUANO
DOC-2025-02636;FAC;101621;CL0159;V006;CP30;FOODSERVICE;2025-03-07;2025-04-06;CLP;5698522;1082719;6781241;ACEPTADO;PLANTA_TALCAHUANO
DOC-2025-02676;FAC;101659;CL0203;V008;CP30;FOODSERVICE;2025-03-07;2025-04-06;CLP;3340264;634650;3974914;ACEPTADO;PLANTA_TALCAHUANO
DOC-2025-02733;FAC;101711;CL0212;V005;CP30;FOODSERVICE;2025-03-07;2025-04-06;CLP;4724422;897640;5622062;ACEPTADO;PLANTA_CORONEL
DOC-2025-02734;FAC;101712;CL0217;V007;CP30;FOODSERVICE;2025-03-07;2025-04-06;CLP;10446262;1984790;12431052;ACEPTADO;PLANTA_TALCAHUANO
DOC-2025-02790;FAC;101765;CL0148;V006;CP60;FOODSERVICE;2025-03-07;2025-05-06;CLP;3699957;702992;4402949;ACEPTADO;PLANTA_CORONEL
DOC-2025-02900;FAC;101867;CL0193;V008;CP45;FOODSERVICE;2025-03-07;2025-04-21;CLP;7296298;1386297;8682595;ACEPTADO;PLANTA_CORONEL
DOC-2025-03378;FEE;8184;CL0162;V007;CP30;FOODSERVICE;2025-03-07;2025-04-06;CLP;10119246;0;10119246;ACEPTADO;CD_SANTIAGO
DOC-2025-03830;FAC;102736;CL0147;V005;CP30;FOODSERVICE;2025-03-07;2025-04-06;CLP;5095055;968060;6063115;ACEPTADO;PLANTA_TALCAHUANO
DOC-2025-03882;FAC;102783;CL0075;V007;CP30;FOODSERVICE;2025-03-07;2025-04-06;CLP;3966381;753612;4719993;ACEPTADO;PLANTA_CORONEL
DOC-2025-03890;FAC;102791;CL0222;V005;CP45;FOODSERVICE;2025-03-07;2025-04-21;CLP;6845483;1300642;8146125;ACEPTADO;PLANTA_CORONEL
DOC-2025-03958;FEE;8228;CL0149;V008;CP60;FOODSERVICE;2025-03-07;2025-05-06;CLP;4407892;0;4407892;ACEPTADO;CD_SANTIAGO
DOC-2025-03978;FAC;102874;CL0266;V012;CP60;RETAIL;2025-03-07;2025-05-06;CLP;21799401;4141886;25941287;ACEPTADO;CD_SANTIAGO
DOC-2025-02237;FEX;50599;CL0032;V002;CP90;EXPORTACION;2025-03-10;2025-06-08;USD;153321.88;0;153321.88;ACEPTADO;PLANTA_CALDERA
DOC-2025-02632;FEE;8139;CL0077;V007;CP45;FOODSERVICE;2025-03-10;2025-03-25;CLP;2337303;0;2337303;ANULADO;CD_SANTIAGO
DOC-2025-02757;FAC;101732;CL0092;V005;CP60;FOODSERVICE;2025-03-10;2025-05-09;CLP;4347443;826014;5173457;ACEPTADO;CD_SANTIAGO
DOC-2025-03074;FAC;102036;CL0180;V006;CP30;FOODSERVICE;2025-03-10;2025-04-09;CLP;11768764;2236065;14004829;ACEPTADO;CD_SANTIAGO
DOC-2025-03115;FAC;102072;CL0161;V005;CP00;FOODSERVICE;2025-03-10;2025-03-10;CLP;19701518;3743288;23444806;ACEPTADO;CD_SANTIAGO
DOC-2025-03995;FAC;102890;CL0301;V009;CP30;RETAIL;2025-03-10;2025-04-09;CLP;15819437;3005693;18825130;ACEPTADO;CD_SANTIAGO
DOC-2025-02389;FEX;50751;CL0032;V002;CP90;EXPORTACION;2025-03-11;2025-06-09;USD;84514.14;0;84514.14;ANULADO;PLANTA_QUELLON
DOC-2025-02463;FEX;50825;CL0047;V003;CP90;EXPORTACION;2025-03-11;2025-06-09;USD;52431.45;0;52431.45;ACEPTADO;PLANTA_CALDERA
DOC-2025-04089;FAC;102979;CL0265;V009;CP60;RETAIL;2025-03-11;2025-05-10;CLP;3899662;740936;4640598;ACEPTADO;CD_SANTIAGO
DOC-2025-02467;FEX;50829;CL0049;V003;CP60;EXPORTACION;2025-03-12;2025-05-11;USD;34860.83;0;34860.83;RECLAMADO;PLANTA_TALCAHUANO
DOC-2025-02567;FAC;101560;CL0078;V008;CP45;FOODSERVICE;2025-03-12;2025-04-26;CLP;7446319;1414801;8861120;ACEPTADO;PLANTA_CORONEL
DOC-2025-02944;FAC;101908;CL0092;V005;CP45;FOODSERVICE;2025-03-12;2025-04-26;CLP;2852090;541897;3393987;ACEPTADO;CD_SANTIAGO
DOC-2025-03069;FAC;102031;CL0194;V008;CP30;FOODSERVICE;2025-03-12;2025-04-11;CLP;9060404;1721477;10781881;ACEPTADO;PLANTA_TALCAHUANO
DOC-2025-03166;FAC;102121;CL0161;V005;CP30;FOODSERVICE;2025-03-12;2025-04-11;CLP;11606184;2205175;13811359;ACEPTADO;CD_SANTIAGO
DOC-2025-04259;FAC;103140;CL0341;V010;CP45;RETAIL;2025-03-12;2025-04-26;CLP;5847877;1111097;6958974;ACEPTADO;PLANTA_CORONEL
DOC-2025-02885;FAC;101854;CL0074;V007;CP30;FOODSERVICE;2025-03-13;2025-04-12;CLP;20407571;3877438;24285009;ACEPTADO;PLANTA_TALCAHUANO
DOC-2025-03170;FAC;102125;CL0134;V007;CP30;FOODSERVICE;2025-03-13;2025-04-12;CLP;15152479;2878971;18031450;ACEPTADO;PLANTA_TALCAHUANO
DOC-2025-03287;FAC;102234;CL0196;V006;CP45;FOODSERVICE;2025-03-13;2025-04-27;CLP;7897099;1500449;9397548;ACEPTADO;PLANTA_TALCAHUANO
DOC-2025-03296;FAC;102243;CL0088;V005;CP45;FOODSERVICE;2025-03-13;2025-04-27;CLP;16188252;3075768;19264020;ACEPTADO;PLANTA_CORONEL
DOC-2025-03912;FAC;102811;CL0214;V008;CP00;FOODSERVICE;2025-03-13;2025-03-13;CLP;16028510;3045417;19073927;ACEPTADO;CD_SANTIAGO
DOC-2025-02163;FEX;50525;CL0032;V002;CP120;EXPORTACION;2025-03-14;2025-07-12;USD;147428.45;0;147428.45;ACEPTADO;PLANTA_QUELLON
DOC-2025-02198;FEX;50560;CL0047;V003;CP90;EXPORTACION;2025-03-14;2025-06-12;USD;26115.35;0;26115.35;ACEPTADO;PLANTA_CORONEL
DOC-2025-02379;FEX;50741;CL0032;V002;CP120;EXPORTACION;2025-03-14;2025-07-12;USD;78078.73;0;78078.73;ACEPTADO;PLANTA_TALCAHUANO
DOC-2025-02396;FEX;50758;CL0032;V002;CP90;EXPORTACION;2025-03-14;2025-06-12;USD;175402.75;0;175402.75;ACEPTADO;PLANTA_QUELLON
DOC-2025-02405;FEX;50767;CL0018;V003;CP90;EXPORTACION;2025-03-14;2025-06-12;USD;31440.72;0;31440.72;ACEPTADO;PLANTA_CALDERA
DOC-2025-02855;FAC;101825;CL0201;V005;CP30;FOODSERVICE;2025-03-14;2025-04-13;CLP;5111915;971264;6083179;ACEPTADO;PLANTA_TALCAHUANO
DOC-2025-02936;FAC;101900;CL0220;V007;CP45;FOODSERVICE;2025-03-14;2025-04-28;CLP;8020031;1523806;9543837;ACEPTADO;PLANTA_TALCAHUANO
DOC-2025-03122;FAC;102079;CL0176;V008;CP30;FOODSERVICE;2025-03-14;2025-04-13;CLP;11657903;2215002;13872905;ACEPTADO;PLANTA_TALCAHUANO
DOC-2025-03207;FAC;102158;CL0130;V008;CP60;FOODSERVICE;2025-03-14;2025-05-13;CLP;13887566;2638638;16526204;ACEPTADO;PLANTA_CORONEL
DOC-2025-03253;FAC;102201;CL0111;V008;CP60;FOODSERVICE;2025-03-14;2025-05-13;CLP;2025990;384938;2410928;ACEPTADO;CD_SANTIAGO
DOC-2025-03408;FAC;102347;CL0183;V005;CP60;FOODSERVICE;2025-03-14;2025-05-13;CLP;1355258;257499;1612757;ACEPTADO;CD_SANTIAGO
DOC-2025-03410;FAC;102349;CL0099;V008;CP45;FOODSERVICE;2025-03-14;2025-04-28;CLP;1524558;289666;1814224;ACEPTADO;PLANTA_TALCAHUANO
DOC-2025-03536;FAC;102467;CL0088;V005;CP45;FOODSERVICE;2025-03-14;2025-04-28;CLP;8847951;1681111;10529062;ACEPTADO;PLANTA_TALCAHUANO
DOC-2025-03549;FAC;102480;CL0124;V006;CP30;FOODSERVICE;2025-03-14;2025-04-13;CLP;7978563;1515927;9494490;ACEPTADO;PLANTA_CORONEL
DOC-2025-03674;FAC;102594;CL0076;V005;CP30;FOODSERVICE;2025-03-14;2025-04-13;CLP;4582707;870714;5453421;ACEPTADO;PLANTA_TALCAHUANO
DOC-2025-03675;FAC;102595;CL0155;V005;CP60;FOODSERVICE;2025-03-14;2025-05-13;CLP;3020991;573988;3594979;ACEPTADO;CD_SANTIAGO
DOC-2025-03774;FAC;102688;CL0123;V006;CP00;FOODSERVICE;2025-03-14;2025-03-14;CLP;40274565;7652167;47926732;ACEPTADO;CD_SANTIAGO
DOC-2025-03833;FAC;102739;CL0130;V008;CP30;FOODSERVICE;2025-03-14;2025-04-13;CLP;4787231;909574;5696805;ACEPTADO;CD_SANTIAGO
DOC-2025-03860;FAC;102763;CL0152;V006;CP30;FOODSERVICE;2025-03-14;2025-04-13;CLP;2266916;430714;2697630;RECLAMADO;PLANTA_CORONEL
DOC-2025-03920;FAC;102819;CL0140;V007;CP45;FOODSERVICE;2025-03-14;2025-04-28;CLP;3705600;704064;4409664;ACEPTADO;PLANTA_TALCAHUANO
DOC-2025-03953;FAC;102850;CL0133;V008;CP30;FOODSERVICE;2025-03-14;2025-01-11;CLP;6942944;1319159;8262103;ACEPTADO;PLANTA_TALCAHUANO
DOC-2025-04045;FAC;102936;CL0245;V011;CP60;RETAIL;2025-03-14;2025-05-13;CLP;23030820;4375856;27406676;ACEPTADO;CD_SANTIAGO
DOC-2025-04151;FAC;103039;CL0311;V012;CP60;RETAIL;2025-03-14;2025-05-13;CLP;8794206;1670899;10465105;ACEPTADO;PLANTA_CORONEL
DOC-2025-04181;FAC;103067;CL0321;V010;CP45;RETAIL;2025-03-14;2025-04-28;CLP;8200838;1558159;9758997;ACEPTADO;PLANTA_CORONEL
DOC-2025-04303;FAC;103183;CL0266;V012;CP45;RETAIL;2025-03-14;2025-04-28;CLP;60843133;11560195;72403328;ACEPTADO;CD_SANTIAGO
DOC-2025-02680;FAC;101663;CL0209;V006;CP60;FOODSERVICE;2025-03-17;2025-05-16;CLP;839117;159432;998549;ACEPTADO;CD_SANTIAGO
DOC-2025-03014;FAC;101977;CL0074;V007;CP30;FOODSERVICE;2025-03-17;2025-04-16;CLP;5775339;1097314;6872653;ACEPTADO;CD_SANTIAGO
DOC-2025-03113;FAC;102070;CL0186;V007;CP45;FOODSERVICE;2025-03-17;2025-05-01;CLP;3352154;636909;3989063;ACEPTADO;CD_SANTIAGO
DOC-2025-03716;FEE;8207;CL0092;V005;CP00;FOODSERVICE;2025-03-17;2025-03-17;CLP;5648244;0;5648244;ACEPTADO;CD_SANTIAGO
DOC-2025-03831;FAC;102737;CL0130;V008;CP60;FOODSERVICE;2025-03-17;2025-05-16;CLP;8184897;1555130;9740027;ACEPTADO;CD_SANTIAGO
DOC-2025-02029;FEX;50391;CL0062;V004;CP90;EXPORTACION;2025-03-18;2025-06-16;CLP;20620953;0;20620953;ACEPTADO;PLANTA_CORONEL
DOC-2025-02132;FEX;50494;CL0032;V002;CP60;EXPORTACION;2025-03-18;2025-05-17;USD;76607.13;0;76607.13;ACEPTADO;PLANTA_CALDERA
DOC-2025-02854;FAC;101824;CL0110;V008;CP45;FOODSERVICE;2025-03-18;2025-05-02;CLP;954046;181269;1135315;ACEPTADO;PLANTA_CORONEL
DOC-2025-03050;FAC;102012;CL0122;V007;CP30;FOODSERVICE;2025-03-18;2025-04-17;CLP;5202613;988496;6191109;ACEPTADO;PLANTA_CORONEL
DOC-2025-04002;FAC;102896;CL0247;V012;CP60;RETAIL;2025-03-18;2025-05-17;CLP;3916961;744223;4661184;ACEPTADO;CD_SANTIAGO
DOC-2025-02482;FEX;50844;CL0024;V002;CP60;EXPORTACION;2025-03-19;2025-05-18;USD;77769.22;0;77769.22;ACEPTADO;PLANTA_QUELLON
DOC-2025-02661;FAC;101644;CL0195;V006;CP30;FOODSERVICE;2025-03-19;2025-04-18;CLP;1652636;314001;1966637;ACEPTADO;PLANTA_CORONEL
DOC-2025-03805;FAC;102715;CL0177;V005;CP45;FOODSERVICE;2025-03-19;2025-05-03;CLP;18932488;3597173;22529661;ACEPTADO;PLANTA_TALCAHUANO
DOC-2025-03941;FAC;102838;CL0214;V008;CP30;FOODSERVICE;2025-03-19;2025-04-18;CLP;6455296;1226506;7681802;ACEPTADO;PLANTA_TALCAHUANO
DOC-2025-04319;FAC;103198;CL0310;V009;CP45;RETAIL;2025-03-19;2025-05-03;CLP;15514087;2947677;18461764;ACEPTADO;PLANTA_CORONEL
DOC-2025-02025;FEX;50387;CL0032;V002;CP60;EXPORTACION;2025-03-20;2025-05-19;USD;96148.96;0;96148.96;ACEPTADO;PLANTA_TALCAHUANO
DOC-2025-02241;FEX;50603;CL0041;V003;CP60;EXPORTACION;2025-03-20;2025-05-19;USD;44793.02;0;44793.02;ACEPTADO;PLANTA_TALCAHUANO
DOC-2025-02338;FEX;50700;CL0018;V003;CP120;EXPORTACION;2025-03-20;2025-07-18;USD;32447.03;0;32447.03;ACEPTADO;PLANTA_CORONEL
DOC-2025-02374;FEX;50736;CL0018;V003;CP120;EXPORTACION;2025-03-20;2025-07-18;USD;9273.48;0;9273.48;ACEPTADO;PLANTA_CALDERA
DOC-2025-02475;FEX;50837;CL0012;V004;CP120;EXPORTACION;2025-03-20;2025-07-18;USD;100820.65;0;100820.65;ACEPTADO;PLANTA_QUELLON
DOC-2025-02503;FEX;50865;CL0018;V003;CP120;EXPORTACION;2025-03-20;2025-07-18;USD;29582.57;0;29582.57;ACEPTADO;PLANTA_CALDERA
DOC-2025-03156;FAC;102111;CL0111;V008;CP45;FOODSERVICE;2025-03-20;2025-05-04;CLP;8516237;1618085;10134322;ACEPTADO;PLANTA_CORONEL
DOC-2025-03265;FAC;102213;CL0074;V007;CP00;FOODSERVICE;2025-03-20;2025-03-20;CLP;22701774;4313337;27015111;ACEPTADO;CD_SANTIAGO
DOC-2025-03294;FAC;102241;CL0161;V005;CP45;FOODSERVICE;2025-03-20;2025-05-04;CLP;13092876;2487646;15580522;RECLAMADO;CD_SANTIAGO
DOC-2025-03358;FAC;102300;CL0166;V008;CP30;FOODSERVICE;2025-03-20;2025-04-19;CLP;5675048;1078259;6753307;ACEPTADO;PLANTA_TALCAHUANO
DOC-2025-03401;FAC;102341;CL0073;V005;CP45;FOODSERVICE;2025-03-20;2025-05-04;CLP;15824011;3006562;18830573;ACEPTADO;PLANTA_TALCAHUANO
DOC-2025-03781;FAC;102693;CL0152;V006;CP45;FOODSERVICE;2025-03-20;2025-05-04;CLP;6176339;1173504;7349843;ACEPTADO;CD_SANTIAGO
DOC-2025-03888;FAC;102789;CL0198;V006;CP60;FOODSERVICE;2025-03-20;2025-05-19;CLP;1429166;271542;1700708;ACEPTADO;CD_SANTIAGO
DOC-2025-02199;FEX;50561;CL0012;V004;CP60;EXPORTACION;2025-03-21;2025-05-20;USD;31882.37;0;31882.37;ACEPTADO;PLANTA_QUELLON
DOC-2025-02369;FEX;50731;CL0032;V002;CP60;EXPORTACION;2025-03-21;2025-05-20;CLP;51087800;0;51087800;ACEPTADO;PLANTA_TALCAHUANO
DOC-2025-02370;FEX;50732;CL0032;V002;CP60;EXPORTACION;2025-03-21;2025-05-20;USD;127537.41;0;127537.41;ACEPTADO;PLANTA_CORONEL
DOC-2025-02410;FEX;50772;CL0042;V002;CP60;EXPORTACION;2025-03-21;2025-05-20;USD;48858.26;0;48858.26;ACEPTADO;PLANTA_TALCAHUANO
DOC-2025-02512;FEX;50874;CL0032;V002;CP60;EXPORTACION;2025-03-21;2025-05-20;CLP;36216033;0;36216033;ACEPTADO;PLANTA_CALDERA
DOC-2025-02556;FAC;101549;CL0193;V008;CP30;FOODSERVICE;2025-03-21;2025-04-20;CLP;7230796;1373851;8604647;ACEPTADO;PLANTA_CORONEL
DOC-2025-02575;FAC;101568;CL0094;V007;CP45;FOODSERVICE;2025-03-21;2025-05-05;CLP;4600929;874177;5475106;ACEPTADO;PLANTA_CORONEL
DOC-2025-02681;FAC;101664;CL0112;V008;CP45;FOODSERVICE;2025-03-21;2025-05-05;CLP;3804047;722769;4526816;ACEPTADO;CD_SANTIAGO
DOC-2025-02868;FEE;8155;CL0154;V005;CP30;FOODSERVICE;2025-03-21;2025-04-20;CLP;1990510;0;1990510;ACEPTADO;PLANTA_TALCAHUANO
DOC-2025-03021;FAC;101984;CL0074;V007;CP30;FOODSERVICE;2025-03-21;2025-04-20;CLP;13253897;2518240;15772137;ACEPTADO;CD_SANTIAGO
DOC-2025-03025;FAC;101988;CL0077;V007;CP30;FOODSERVICE;2025-03-21;2025-04-20;CLP;2210003;419901;2629904;ACEPTADO;CD_SANTIAGO
DOC-2025-03257;FAC;102205;CL0161;V005;CP45;FOODSERVICE;2025-03-21;2025-05-05;CLP;24986867;4747505;29734372;ACEPTADO;CD_SANTIAGO
DOC-2025-03362;FAC;102304;CL0219;V007;CP00;FOODSERVICE;2025-03-21;2025-03-21;CLP;5499797;1044961;6544758;ACEPTADO;PLANTA_TALCAHUANO
DOC-2025-03395;FAC;102335;CL0185;V007;CP30;FOODSERVICE;2025-03-21;2025-04-20;CLP;3338432;634302;3972734;ACEPTADO;PLANTA_TALCAHUANO
DOC-2025-03520;FAC;102452;CL0123;V006;CP45;FOODSERVICE;2025-03-21;2025-05-05;CLP;5150577;978610;6129187;ACEPTADO;PLANTA_CORONEL
DOC-2025-03806;FAC;102716;CL0116;V006;CP30;FOODSERVICE;2025-03-21;2025-04-20;CLP;3763518;715068;4478586;ACEPTADO;PLANTA_CORONEL
DOC-2025-03858;FAC;102761;CL0214;V008;CP30;FOODSERVICE;2025-03-21;2025-06-19;CLP;8309766;1578856;9888622;ACEPTADO;PLANTA_TALCAHUANO
DOC-2025-04057;FAC;102947;CL0299;V011;CP30;RETAIL;2025-03-21;2025-04-20;CLP;11322346;2151246;13473592;ACEPTADO;CD_SANTIAGO
DOC-2025-04188;FEE;8240;CL0340;V011;CP45;RETAIL;2025-03-21;2025-05-05;CLP;4308674;0;4308674;ACEPTADO;PLANTA_TALCAHUANO
DOC-2025-04198;FAC;103082;CL0299;V011;CP30;RETAIL;2025-03-21;2025-04-20;CLP;8814378;1674732;10489110;ACEPTADO;PLANTA_CORONEL
DOC-2025-04312;FAC;103191;CL0241;V011;CP60;RETAIL;2025-03-21;2025-05-20;CLP;14112376;2681351;16793727;ACEPTADO;CD_SANTIAGO
DOC-2025-02923;FEE;8159;CL0148;V006;CP30;FOODSERVICE;2025-03-24;2025-04-23;CLP;1906486;0;1906486;ACEPTADO;PLANTA_TALCAHUANO
DOC-2025-03704;FAC;102622;CL0134;V007;CP30;FOODSERVICE;2025-03-24;2025-04-23;CLP;2092059;397491;2489550;ACEPTADO;PLANTA_TALCAHUANO
DOC-2025-03962;FAC;102858;CL0187;V006;CP45;FOODSERVICE;2025-03-24;2025-05-08;CLP;3122769;593326;3716095;ACEPTADO;PLANTA_TALCAHUANO
DOC-2025-04023;FAC;102917;CL0266;V012;CP90;RETAIL;2025-03-24;2025-06-22;CLP;26301209;4997230;31298439;ACEPTADO;CD_SANTIAGO
DOC-2025-02139;FEX;50501;CL0034;V004;CP60;EXPORTACION;2025-03-25;2025-05-24;USD;55873.08;0;55873.08;ACEPTADO;PLANTA_TALCAHUANO
DOC-2025-02296;FEX;50658;CL0039;V001;CP90;EXPORTACION;2025-03-25;2025-06-23;USD;84973.08;0;84973.08;ACEPTADO;PLANTA_QUELLON
DOC-2025-04214;FAC;103098;CL0336;V009;CP30;RETAIL;2025-03-25;2025-04-24;CLP;18677311;3548689;22226000;ACEPTADO;PLANTA_CORONEL
DOC-2025-02254;FEX;50616;CL0032;V002;CP60;EXPORTACION;2025-03-26;2025-05-25;USD;149077.69;0;149077.69;ACEPTADO;PLANTA_CALDERA
DOC-2025-02951;FAC;101915;CL0074;V007;CP45;FOODSERVICE;2025-03-26;2025-05-10;CLP;5989171;1137942;7127113;ACEPTADO;PLANTA_TALCAHUANO
DOC-2025-03590;FAC;102519;CL0101;V008;CP60;FOODSERVICE;2025-03-26;2025-05-25;CLP;919026;174615;1093641;ACEPTADO;PLANTA_CORONEL
DOC-2025-03596;FAC;102525;CL0215;V008;CP30;FOODSERVICE;2025-03-26;2025-04-25;CLP;8698788;1652770;10351558;ACEPTADO;PLANTA_CORONEL
DOC-2025-04102;FAC;102992;CL0279;V010;CP30;RETAIL;2025-03-26;2025-04-25;CLP;61833658;11748395;73582053;ACEPTADO;PLANTA_CORONEL
DOC-2025-04193;FAC;103077;CL0245;V011;CP60;RETAIL;2025-03-26;2025-05-25;CLP;8331262;1582940;9914202;ACEPTADO;PLANTA_CORONEL
DOC-2025-04242;FAC;103126;CL0279;V010;CP30;RETAIL;2025-03-26;2025-04-25;CLP;12849704;2441444;15291148;ACEPTADO;PLANTA_TALCAHUANO
DOC-2025-02423;FEX;50785;CL0049;V003;CP120;EXPORTACION;2025-03-27;2025-07-25;USD;48396.06;0;48396.06;ACEPTADO;PLANTA_TALCAHUANO
DOC-2025-02583;FAC;101575;CL0137;V007;CP45;FOODSERVICE;2025-03-27;2025-05-11;CLP;6216810;1181194;7398004;ACEPTADO;PLANTA_TALCAHUANO
DOC-2025-02604;FAC;101593;CL0142;V007;CP60;FOODSERVICE;2025-03-27;2025-05-26;CLP;6627048;1259139;7886187;ACEPTADO;PLANTA_TALCAHUANO
DOC-2025-02769;FAC;101744;CL0217;V007;CP30;FOODSERVICE;2025-03-27;2025-04-26;CLP;6252522;1187979;7440501;ACEPTADO;PLANTA_CORONEL
DOC-2025-03615;FAC;102542;CL0193;V008;CP45;FOODSERVICE;2025-03-27;2025-05-11;CLP;8271712;1571625;9843337;ACEPTADO;PLANTA_CORONEL
DOC-2025-03739;FAC;102654;CL0094;V007;CP45;FOODSERVICE;2025-03-27;2025-05-11;CLP;6072955;1153861;7226816;ACEPTADO;PLANTA_CORONEL
DOC-2025-03788;FAC;102698;CL0201;V005;CP45;FOODSERVICE;2025-03-27;2025-04-26;CLP;3157210;599870;3757080;ACEPTADO;PLANTA_TALCAHUANO
DOC-2025-03877;FAC;102778;CL0128;V005;CP45;FOODSERVICE;2025-03-27;2025-05-11;CLP;4522390;859254;5381644;ACEPTADO;PLANTA_TALCAHUANO
DOC-2025-02431;FEX;50793;CL0058;V004;CP60;EXPORTACION;2025-03-28;2025-05-27;USD;39305.65;0;39305.65;ACEPTADO;PLANTA_QUELLON
DOC-2025-02570;FAC;101563;CL0164;V007;CP30;FOODSERVICE;2025-03-28;2025-05-27;CLP;4049487;769403;4818890;ACEPTADO;PLANTA_TALCAHUANO
DOC-2025-02600;FAC;101590;CL0222;V005;CP45;FOODSERVICE;2025-03-28;2025-05-12;CLP;4593424;872751;5466175;ACEPTADO;PLANTA_TALCAHUANO
DOC-2025-02673;FAC;101656;CL0073;V005;CP45;FOODSERVICE;2025-03-28;2025-07-11;CLP;10364251;1969208;12333459;ACEPTADO;CD_SANTIAGO
DOC-2025-02835;FAC;101807;CL0117;V008;CP30;FOODSERVICE;2025-03-28;2025-04-27;CLP;4542566;863088;5405654;ACEPTADO;PLANTA_CORONEL
DOC-2025-02843;FAC;101814;CL0217;V007;CP30;FOODSERVICE;2025-03-28;2025-04-27;CLP;20158348;3830086;23988434;ACEPTADO;PLANTA_CORONEL
DOC-2025-02955;FAC;101919;CL0114;V008;CP30;FOODSERVICE;2025-03-28;2025-04-27;CLP;1861546;353694;2215240;ACEPTADO;PLANTA_TALCAHUANO
DOC-2025-03139;FAC;102096;CL0118;V007;CP45;FOODSERVICE;2025-03-28;2025-05-12;CLP;7302586;1387491;8690077;ACEPTADO;PLANTA_CORONEL
DOC-2025-03185;FAC;102138;CL0143;V006;CP60;FOODSERVICE;2025-03-28;2025-05-27;CLP;5399725;1025948;6425673;ACEPTADO;PLANTA_TALCAHUANO
DOC-2025-03220;FAC;102170;CL0166;V008;CP45;FOODSERVICE;2025-03-28;2025-05-12;CLP;15856588;3012752;18869340;ACEPTADO;PLANTA_TALCAHUANO
DOC-2025-03479;FAC;102415;CL0155;V005;CP30;FOODSERVICE;2025-03-28;2025-04-27;CLP;7405436;1407033;8812469;ACEPTADO;CD_SANTIAGO
DOC-2025-03555;FAC;102486;CL0138;V005;CP30;FOODSERVICE;2025-03-28;2025-04-27;CLP;2597440;493514;3090954;ACEPTADO;CD_SANTIAGO
DOC-2025-03605;FAC;102533;CL0074;V007;CP45;FOODSERVICE;2025-03-28;2025-05-12;CLP;19719571;3746718;23466289;ACEPTADO;CD_SANTIAGO
DOC-2025-03762;FAC;102677;CL0099;V008;CP60;FOODSERVICE;2025-03-28;2025-05-27;CLP;6589008;1251912;7840920;ACEPTADO;CD_SANTIAGO
DOC-2025-03869;FAC;102771;CL0206;V006;CP45;FOODSERVICE;2025-03-28;2025-05-12;CLP;2406541;457243;2863784;ACEPTADO;CD_SANTIAGO
DOC-2025-04143;FAC;103032;CL0325;V011;CP45;RETAIL;2025-03-28;2025-05-12;CLP;7633696;1450402;9084098;ACEPTADO;PLANTA_CORONEL
DOC-2025-04168;FAC;103056;CL0331;V011;CP60;RETAIL;2025-03-28;2025-05-27;CLP;20666621;3926658;24593279;ACEPTADO;PLANTA_CORONEL
DOC-2025-04215;FAC;103099;CL0309;V012;CP30;RETAIL;2025-03-28;2025-04-27;CLP;5867797;1114881;6982678;ACEPTADO;CD_SANTIAGO
DOC-2025-04248;FAC;103131;CL0279;V010;CP45;RETAIL;2025-03-28;2025-05-12;CLP;91848740;17451261;109300001;ACEPTADO;PLANTA_CORONEL
DOC-2025-02517;FAC;101514;CL0161;V005;CP45;FOODSERVICE;2025-03-31;2025-05-15;CLP;6760399;1284476;8044875;ACEPTADO;PLANTA_TALCAHUANO
DOC-2025-03147;FAC;102103;CL0199;V008;CP00;FOODSERVICE;2025-03-31;2025-03-31;CLP;2235014;424653;2659667;ACEPTADO;CD_SANTIAGO
DOC-2025-03436;FAC;102375;CL0198;V006;CP30;FOODSERVICE;2025-03-31;2025-04-30;CLP;3558581;676130;4234711;ACEPTADO;PLANTA_CORONEL
DOC-2025-03580;FAC;102510;CL0110;V008;CP45;FOODSERVICE;2025-03-31;2025-05-15;CLP;3043198;578208;3621406;ACEPTADO;PLANTA_CORONEL
DOC-2025-03810;FAC;102720;CL0118;V007;CP45;FOODSERVICE;2025-03-31;2025-05-15;CLP;5303937;1007748;6311685;ACEPTADO;PLANTA_CORONEL
DOC-2025-03921;FAC;102820;CL0154;V005;CP60;FOODSERVICE;2025-03-31;2025-05-30;CLP;11162768;2120926;13283694;ACEPTADO;PLANTA_CORONEL
DOC-2025-04093;FAC;102983;CL0311;V012;CP45;RETAIL;2025-03-31;2025-05-15;CLP;56116333;10662103;66778436;ACEPTADO;PLANTA_CORONEL
DOC-2025-02783;FAC;101758;CL0206;V006;CP60;FOODSERVICE;2025-04-01;2025-05-31;CLP;1513038;287477;1800515;ACEPTADO;PLANTA_CORONEL
DOC-2025-03773;FAC;102687;CL0178;V008;CP30;FOODSERVICE;2025-04-01;2025-05-26;CLP;12528110;2380341;14908451;ACEPTADO;PLANTA_TALCAHUANO
DOC-2025-04189;FAC;103073;CL0263;V011;CP90;RETAIL;2025-04-01;2025-06-30;CLP;4141556;786896;4928452;ACEPTADO;PLANTA_CORONEL
DOC-2025-04269;FAC;103150;CL0342;V011;CP60;RETAIL;2025-04-01;2025-05-31;CLP;40306728;7658278;47965006;ACEPTADO;PLANTA_CORONEL
DOC-2025-04318;FAC;103197;CL0344;V010;CP30;RETAIL;2025-04-01;2025-05-01;CLP;10703018;2033573;12736591;ACEPTADO;PLANTA_TALCAHUANO
DOC-2025-02404;FEX;50766;CL0020;V004;CP60;EXPORTACION;2025-04-02;2025-06-01;USD;70629.43;0;70629.43;ACEPTADO;PLANTA_TALCAHUANO
DOC-2025-02425;FEX;50787;CL0041;V003;CP60;EXPORTACION;2025-04-02;2025-06-01;USD;21937.27;0;21937.27;ACEPTADO;PLANTA_CORONEL
DOC-2025-02457;FEX;50819;CL0032;V002;CP120;EXPORTACION;2025-04-02;2025-07-31;CLP;21506540;0;21506540;ACEPTADO;PLANTA_QUELLON
DOC-2025-02579;FAC;101571;CL0169;V007;CP45;FOODSERVICE;2025-04-02;2025-05-17;CLP;3307426;628411;3935837;ACEPTADO;PLANTA_TALCAHUANO
DOC-2025-02727;FAC;101705;CL0193;V008;CP30;FOODSERVICE;2025-04-02;2025-05-02;CLP;2681751;509533;3191284;ACEPTADO;PLANTA_CORONEL
DOC-2025-02939;FAC;101903;CL0142;V007;CP30;FOODSERVICE;2025-04-02;2025-05-02;CLP;2397824;455587;2853411;ACEPTADO;PLANTA_TALCAHUANO
DOC-2025-03826;FAC;102732;CL0216;V005;CP60;FOODSERVICE;2025-04-02;2025-06-01;CLP;5850874;1111666;6962540;ACEPTADO;CD_SANTIAGO
DOC-2025-02601;FEE;8135;CL0108;V005;CP30;FOODSERVICE;2025-04-03;2025-05-03;CLP;3572015;0;3572015;ACEPTADO;PLANTA_CORONEL
DOC-2025-03068;FAC;102030;CL0074;V007;CP30;FOODSERVICE;2025-04-03;2025-05-03;CLP;31085778;5906298;36992076;ACEPTADO;PLANTA_CORONEL
DOC-2025-03196;FEE;8173;CL0074;V007;CP30;FOODSERVICE;2025-04-03;2025-05-03;CLP;23487624;0;23487624;ACEPTADO;PLANTA_CORONEL
DOC-2025-03896;FAC;102797;CL0074;V007;CP60;FOODSERVICE;2025-04-03;2025-06-02;CLP;16664738;3166300;19831038;ACEPTADO;CD_SANTIAGO
DOC-DUP-020;FAC;102797;CL0074;V007;CP60;FOODSERVICE;2025-04-03;2025-06-02;CLP;16664738;3166300;19831038;ACEPTADO;CD_SANTIAGO
DOC-2025-02119;FEX;50481;CL0032;V002;CP90;EXPORTACION;2025-04-04;2025-07-03;CLP;49176774;0;49176774;ACEPTADO;PLANTA_TALCAHUANO
DOC-2025-02120;FEX;50482;CL0072;V004;CP60;EXPORTACION;2025-04-04;2025-06-03;USD;184321.05;0;184321.05;ACEPTADO;PLANTA_QUELLON
DOC-2025-02153;FEX;50515;CL0049;V003;CP90;EXPORTACION;2025-04-04;2025-07-03;USD;7845.32;0;7845.32;ACEPTADO;PLANTA_TALCAHUANO
DOC-2025-02234;FEX;50596;CL0032;V002;CP60;EXPORTACION;2025-04-04;2025-06-03;CLP;9527420;0;9527420;ACEPTADO;PLANTA_QUELLON
DOC-2025-02347;FEX;50709;CL0014;V003;CP60;EXPORTACION;2025-04-04;2025-06-03;CLP;32201376;0;32201376;ACEPTADO;PLANTA_QUELLON
DOC-2025-02387;FEX;50749;CL0014;V003;CP90;EXPORTACION;2025-04-04;2025-07-03;USD;45881.54;0;45881.54;ACEPTADO;PLANTA_CALDERA
DOC-2025-02513;FEX;50875;CL0049;V003;CP120;EXPORTACION;2025-04-04;2025-08-02;USD;45526.18;0;45526.18;ACEPTADO;PLANTA_CALDERA
DOC-2025-02695;FAC;101675;CL0190;V006;CP30;FOODSERVICE;2025-04-04;2025-05-04;CLP;8082495;1535674;9618169;ACEPTADO;PLANTA_CORONEL
DOC-2025-02704;FAC;101684;CL0179;V006;CP30;FOODSERVICE;2025-04-04;2025-05-04;CLP;3695713;702185;4397898;ACEPTADO;PLANTA_TALCAHUANO
DOC-2025-02822;FAC;101794;CL0073;V005;CP45;FOODSERVICE;2025-04-04;2025-05-19;CLP;8879486;1687102;10566588;ACEPTADO;PLANTA_CORONEL
DOC-2025-02889;FAC;101858;CL0164;V007;CP00;FOODSERVICE;2025-04-04;2025-04-04;CLP;8820418;1675879;10496297;ACEPTADO;PLANTA_TALCAHUANO
DOC-2025-02949;FAC;101913;CL0195;V006;CP45;FOODSERVICE;2025-04-04;2025-05-19;CLP;2827142;537157;3364299;ACEPTADO;PLANTA_TALCAHUANO
DOC-2025-02971;FAC;101935;CL0192;V006;CP45;FOODSERVICE;2025-04-04;2025-05-19;CLP;7675599;1458364;9133963;ACEPTADO;PLANTA_CORONEL
DOC-2025-03080;FAC;102042;CL0110;V008;CP30;FOODSERVICE;2025-04-04;2025-05-04;CLP;10116590;1922152;12038742;ACEPTADO;CD_SANTIAGO
DOC-2025-03186;FAC;102139;CL0133;V008;CP00;FOODSERVICE;2025-04-04;2025-04-04;CLP;2540095;482618;3022713;ACEPTADO;CD_SANTIAGO
DOC-2025-03201;FAC;102152;CL0104;V006;CP30;FOODSERVICE;2025-04-04;2025-05-04;CLP;21369858;4060273;25430131;ACEPTADO;PLANTA_CORONEL
DOC-2025-03422;FAC;102361;CL0114;V008;CP45;FOODSERVICE;2025-04-04;2025-05-19;CLP;3707114;704352;4411466;ACEPTADO;PLANTA_TALCAHUANO
DOC-2025-03506;FAC;102441;CL0153;V008;CP45;FOODSERVICE;2025-04-04;2025-05-19;CLP;3529190;670546;4199736;ACEPTADO;PLANTA_CORONEL
DOC-2025-03528;FAC;102459;CL0222;V005;CP60;FOODSERVICE;2025-04-04;2025-06-03;CLP;1667776;316877;1984653;ACEPTADO;CD_SANTIAGO
DOC-2025-03725;FAC;102641;CL0077;V007;CP00;FOODSERVICE;2025-04-04;2025-04-04;CLP;5736123;1089863;6825986;ACEPTADO;CD_SANTIAGO
DOC-2025-03821;FAC;102728;CL0074;V007;CP30;FOODSERVICE;2025-04-04;2025-05-04;CLP;6378545;1211924;7590469;ACEPTADO;CD_SANTIAGO
DOC-2025-03904;FAC;102804;CL0156;V008;CP30;FOODSERVICE;2025-04-04;2025-05-04;CLP;2625198;498788;3123986;ACEPTADO;PLANTA_TALCAHUANO
DOC-2025-03928;FAC;102825;CL0150;V006;CP30;FOODSERVICE;2025-04-04;2025-05-04;CLP;4730261;898750;5629011;ACEPTADO;CD_SANTIAGO
DOC-2025-03979;FAC;102875;CL0237;V011;CP45;RETAIL;2025-04-04;2025-05-19;CLP;3247723;617067;3864790;ACEPTADO;PLANTA_CORONEL
DOC-2025-04194;FAC;103078;CL0321;V010;CP30;RETAIL;2025-04-04;2025-05-04;CLP;5246994;996929;6243923;ACEPTADO;CD_SANTIAGO
DOC-2025-04234;FAC;103118;CL0297;V009;CP60;RETAIL;2025-04-04;2025-06-03;CLP;18576872;3529606;22106478;ACEPTADO;PLANTA_CORONEL
DOC-2025-04321;FAC;103200;CL0279;V010;CP30;RETAIL;2025-04-04;2025-05-04;CLP;23479508;4461107;27940615;ACEPTADO;PLANTA_TALCAHUANO
DOC-DUP-007;FAC;103200;CL0279;V010;CP30;RETAIL;2025-04-04;2025-05-04;CLP;23479508;4461107;27940615;ACEPTADO;PLANTA_TALCAHUANO
DOC-2025-02385;FEX;50747;CL0049;V003;CP60;EXPORTACION;2025-04-07;2025-06-06;USD;26438.12;0;26438.12;ACEPTADO;PLANTA_CALDERA
DOC-2025-02616;FAC;101603;CL0178;V008;CP60;FOODSERVICE;2025-04-07;2025-06-06;CLP;4459307;847268;5306575;ACEPTADO;PLANTA_TALCAHUANO
DOC-2025-02748;FAC;101723;CL0184;V005;CP60;FOODSERVICE;2025-04-07;2025-06-06;CLP;3759416;714289;4473705;ACEPTADO;PLANTA_CORONEL
DOC-2025-03101;FAC;102059;CL0074;V007;CP60;FOODSERVICE;2025-04-07;2025-06-06;CLP;6802548;1292484;8095032;ACEPTADO;CD_SANTIAGO
DOC-2025-03266;FAC;102214;CL0210;V005;CP45;FOODSERVICE;2025-04-07;2025-05-22;CLP;7701842;1463350;9165192;ACEPTADO;PLANTA_CORONEL
DOC-2025-03288;FAC;102235;CL0168;V005;CP30;FOODSERVICE;2025-04-07;2025-05-07;CLP;4778516;907918;5686434;ACEPTADO;PLANTA_TALCAHUANO
DOC-2025-03407;FAC;102346;CL0173;V006;CP60;FOODSERVICE;2025-04-07;2025-06-06;CLP;15268103;2900940;18169043;ACEPTADO;CD_SANTIAGO
DOC-2025-03973;FAC;102869;CL0099;V008;CP60;FOODSERVICE;2025-04-07;2025-06-06;CLP;3101718;589326;3691044;ACEPTADO;PLANTA_TALCAHUANO
DOC-2025-02165;FEX;50527;CL0034;V004;CP90;EXPORTACION;2025-04-08;2025-07-07;USD;38855.92;0;38855.92;ACEPTADO;PLANTA_CORONEL
DOC-2025-02195;FEX;50557;CL0032;V002;CP60;EXPORTACION;2025-04-08;2025-06-07;USD;100038.6;0;100038.6;ACEPTADO;PLANTA_CORONEL
DOC-2025-02654;FAC;101638;CL0074;V007;CP45;FOODSERVICE;2025-04-08;2025-05-23;CLP;22806909;4333313;27140222;ACEPTADO;PLANTA_TALCAHUANO
DOC-2025-03088;FAC;102049;CL0106;V008;CP30;FOODSERVICE;2025-04-08;2025-05-08;CLP;4248499;807215;5055714;ACEPTADO;CD_SANTIAGO
DOC-2025-03109;FAC;102066;CL0074;V007;CP45;FOODSERVICE;2025-04-08;2025-05-23;CLP;54863550;10424074;65287624;ACEPTADO;PLANTA_CORONEL
DOC-2025-03430;FAC;102369;CL0207;V008;CP60;FOODSERVICE;2025-04-08;2025-06-07;CLP;7158560;1360126;8518686;ACEPTADO;PLANTA_CORONEL
DOC-2025-03736;FAC;102652;CL0185;V007;CP30;FOODSERVICE;2025-04-08;2025-05-08;CLP;1227451;233216;1460667;ACEPTADO;PLANTA_TALCAHUANO
DOC-2025-04040;FAC;102932;CL0311;V012;CP45;RETAIL;2025-04-08;2025-05-23;CLP;15788660;2999845;18788505;ACEPTADO;CD_SANTIAGO
DOC-2025-04296;FAC;103176;CL0228;V010;CP90;RETAIL;2025-04-08;2025-07-07;CLP;6486679;1232469;7719148;ACEPTADO;PLANTA_CORONEL
DOC-2025-02194;FEX;50556;CL0048;V001;CP60;EXPORTACION;2025-04-09;2025-06-08;USD;18206.25;0;18206.25;ACEPTADO;PLANTA_QUELLON
DOC-2025-03659;FAC;102582;CL0130;V008;CP30;FOODSERVICE;2025-04-09;2025-05-09;CLP;1549273;294362;1843635;ACEPTADO;PLANTA_TALCAHUANO
DOC-2025-03782;FEE;8213;CL0163;V008;CP00;FOODSERVICE;2025-04-09;2025-04-09;CLP;2808336;0;2808336;ACEPTADO;CD_SANTIAGO
DOC-2025-04230;FAC;103114;CL0279;V010;CP45;RETAIL;2025-04-09;2025-05-24;CLP;21106299;4010197;25116496;ACEPTADO;PLANTA_TALCAHUANO
DOC-2025-04340;FAC;103217;CL0279;V010;CP45;RETAIL;2025-04-09;2025-05-24;CLP;157238130;29875245;187113375;ACEPTADO;PLANTA_CORONEL
DOC-2025-02040;FEX;50402;CL0032;V002;CP60;EXPORTACION;2025-04-10;2025-06-09;USD;321669.88;0;321669.88;ACEPTADO;PLANTA_CALDERA
DOC-2025-03217;FAC;102167;CL0118;V007;CP45;FOODSERVICE;2025-04-10;2025-05-25;CLP;6366849;1209701;7576550;ACEPTADO;CD_SANTIAGO
DOC-2025-03252;FAC;102200;CL0120;V007;CP45;FOODSERVICE;2025-04-10;2025-05-25;CLP;5711210;1085130;6796340;ACEPTADO;CD_SANTIAGO
DOC-2025-03345;FAC;102288;CL0083;V007;CP30;FOODSERVICE;2025-04-10;2025-05-10;CLP;12875079;2446265;15321344;ACEPTADO;PLANTA_TALCAHUANO
DOC-2025-03457;FAC;102395;CL0192;V006;CP45;FOODSERVICE;2025-04-10;2025-05-25;CLP;5584461;1061048;6645509;ACEPTADO;CD_SANTIAGO
DOC-2025-03663;FAC;102585;CL0188;V005;CP60;FOODSERVICE;2025-04-10;2025-06-09;CLP;2045521;388649;2434170;ACEPTADO;PLANTA_TALCAHUANO
DOC-2025-02091;FEX;50453;CL0032;V002;CP90;EXPORTACION;2025-04-11;2025-07-10;USD;227961.85;0;227961.85;ACEPTADO;PLANTA_TALCAHUANO
DOC-2025-02130;FEX;50492;CL0010;V003;CP60;EXPORTACION;2025-04-11;2025-06-10;USD;12973.81;0;12973.81;ACEPTADO;PLANTA_QUELLON
DOC-2025-02322;FEX;50684;CL0034;V004;CP60;EXPORTACION;2025-04-11;2025-06-10;USD;52299.68;0;52299.68;ACEPTADO;PLANTA_QUELLON
DOC-2025-02415;FEX;50777;CL0064;V002;CP60;EXPORTACION;2025-04-11;2025-06-10;USD;9590.51;0;9590.51;ACEPTADO;PLANTA_CORONEL
DOC-2025-02750;FAC;101725;CL0123;V006;CP45;FOODSERVICE;2025-04-11;2025-05-26;CLP;12339952;2344591;14684543;ACEPTADO;PLANTA_TALCAHUANO
DOC-2025-03033;FAC;101996;CL0155;V005;CP30;FOODSERVICE;2025-04-11;2025-05-11;CLP;4004348;760826;4765174;ACEPTADO;CD_SANTIAGO
DOC-2025-03048;FAC;102010;CL0209;V006;CP45;FOODSERVICE;2025-04-11;2025-05-26;CLP;871523;165589;1037112;ACEPTADO;PLANTA_TALCAHUANO
DOC-2025-03107;FAC;102064;CL0127;V008;CP60;FOODSERVICE;2025-04-11;2025-06-10;CLP;7065011;1342352;8407363;ACEPTADO;CD_SANTIAGO
DOC-2025-03159;FAC;102114;CL0177;V005;CP00;FOODSERVICE;2025-04-11;2025-04-11;CLP;2461004;467591;2928595;ACEPTADO;PLANTA_TALCAHUANO
DOC-2025-03394;FAC;102334;CL0117;V008;CP30;FOODSERVICE;2025-04-11;2025-05-11;CLP;4308490;818613;5127103;ACEPTADO;PLANTA_CORONEL
DOC-2025-03396;FAC;102336;CL0168;V005;CP45;FOODSERVICE;2025-04-11;2025-05-26;CLP;12139770;2306556;14446326;ACEPTADO;PLANTA_CORONEL
DOC-2025-03460;FAC;102398;CL0108;V005;CP30;FOODSERVICE;2025-04-11;2025-05-11;CLP;8019355;1523677;9543032;ACEPTADO;PLANTA_TALCAHUANO
DOC-2025-03485;FAC;102420;CL0178;V008;CP45;FOODSERVICE;2025-04-11;2025-05-26;CLP;6009294;1141766;7151060;ACEPTADO;PLANTA_TALCAHUANO
DOC-2025-03556;FAC;102487;CL0178;V008;CP30;FOODSERVICE;2025-04-11;2025-05-11;CLP;6592034;1252486;7844520;ACEPTADO;PLANTA_CORONEL
DOC-2025-03658;FAC;102581;CL0074;V007;CP30;FOODSERVICE;2025-04-11;2025-05-11;CLP;16088261;3056770;19145031;ACEPTADO;PLANTA_TALCAHUANO
DOC-2025-03664;FEE;8203;CL0073;V005;CP30;FOODSERVICE;2025-04-11;2025-05-11;CLP;7407888;0;7407888;ACEPTADO;CD_SANTIAGO
DOC-2025-03731;FAC;102647;CL0097;V007;CP30;FOODSERVICE;2025-04-11;2025-05-11;CLP;12286288;2334395;14620683;ACEPTADO;PLANTA_TALCAHUANO
DOC-2025-03755;FAC;102670;CL0217;V007;CP60;FOODSERVICE;2025-04-11;2025-06-10;CLP;6542701;1243113;7785814;ACEPTADO;PLANTA_TALCAHUANO
DOC-2025-03803;FAC;102713;CL0097;V007;CP30;FOODSERVICE;2025-04-11;2025-05-11;CLP;3358012;638022;3996034;ANULADO;PLANTA_CORONEL
DOC-2025-03828;FAC;102734;CL0097;V007;CP30;FOODSERVICE;2025-04-11;2025-05-11;CLP;21733862;4129434;25863296;ACEPTADO;PLANTA_TALCAHUANO
DOC-2025-03931;FAC;102828;CL0204;V006;CP45;FOODSERVICE;2025-04-11;2025-05-26;CLP;2823693;536502;3360195;ACEPTADO;PLANTA_TALCAHUANO
DOC-2025-03934;FAC;102831;CL0187;V006;CP45;FOODSERVICE;2025-04-11;2025-05-26;CLP;1991269;378341;2369610;ACEPTADO;PLANTA_CORONEL
DOC-2025-03992;FAC;102887;CL0339;V011;CP30;RETAIL;2025-04-11;2025-05-11;CLP;9409838;1787869;11197707;ACEPTADO;CD_SANTIAGO
DOC-2025-04065;FAC;102955;CL0323;V011;CP30;RETAIL;2025-04-11;2025-05-11;CLP;10674626;2028179;12702805;ACEPTADO;CD_SANTIAGO
DOC-2025-04066;FAC;102956;CL0301;V009;CP30;RETAIL;2025-04-11;2025-05-11;CLP;7496416;1424319;8920735;ACEPTADO;PLANTA_TALCAHUANO
DOC-2025-04170;FAC;103058;CL0272;V011;CP45;RETAIL;2025-04-11;2025-05-26;CLP;5627140;1069157;6696297;ANULADO;PLANTA_CORONEL
DOC-2025-04221;FAC;103105;CL0304;V009;CP45;RETAIL;2025-04-11;2025-05-26;CLP;10208452;1939606;12148058;ACEPTADO;CD_SANTIAGO
DOC-2025-04334;FAC;103211;CL0341;V010;CP60;RETAIL;2025-04-11;2025-06-10;CLP;8230189;1563736;9793925;ACEPTADO;PLANTA_TALCAHUANO
DOC-2025-03194;FAC;102146;CL0073;V005;CP30;FOODSERVICE;2025-04-14;2025-05-14;CLP;2636815;500995;3137810;ACEPTADO;PLANTA_CORONEL
DOC-2025-03277;FAC;102224;CL0091;V007;CP30;FOODSERVICE;2025-04-14;2025-05-14;CLP;2587770;491676;3079446;ACEPTADO;CD_SANTIAGO
DOC-2025-03279;FAC;102226;CL0152;V006;CP30;FOODSERVICE;2025-04-14;2025-05-14;CLP;3384713;643095;4027808;ACEPTADO;CD_SANTIAGO
DOC-2025-03532;FAC;102463;CL0073;V005;CP60;FOODSERVICE;2025-04-14;2025-06-13;CLP;20448875;3885286;24334161;ACEPTADO;PLANTA_TALCAHUANO
DOC-2025-03589;FAC;102518;CL0133;V008;CP30;FOODSERVICE;2025-04-14;2025-05-14;CLP;1937812;368184;2305996;ACEPTADO;PLANTA_TALCAHUANO
DOC-2025-03873;FAC;102774;CL0089;V008;CP60;FOODSERVICE;2025-04-14;2025-06-13;CLP;2450564;465607;2916171;ACEPTADO;CD_SANTIAGO
DOC-2025-04120;FAC;103009;CL0328;V012;CP45;RETAIL;2025-04-14;2025-05-29;CLP;5524450;1049646;6574096;ACEPTADO;CD_SANTIAGO
DOC-2025-02104;FEX;50466;CL0031;V001;CP120;EXPORTACION;2025-04-15;2025-08-13;USD;81162.04;0;81162.04;ACEPTADO;PLANTA_TALCAHUANO
DOC-2025-02162;FEX;50524;CL0038;V002;CP60;EXPORTACION;2025-04-15;2025-06-14;USD;16346.77;0;16346.77;ACEPTADO;PLANTA_CORONEL
DOC-2025-03359;FAC;102301;CL0099;V008;CP45;FOODSERVICE;2025-04-15;2025-05-30;CLP;1916744;364181;2280925;ACEPTADO;PLANTA_TALCAHUANO
DOC-2025-03542;FAC;102473;CL0189;V008;CP45;FOODSERVICE;2025-04-15;2025-05-30;CLP;4374394;831135;5205529;ACEPTADO;PLANTA_TALCAHUANO
DOC-2025-03722;FAC;102638;CL0157;V007;CP30;FOODSERVICE;2025-04-15;2025-05-15;CLP;5266709;1000675;6267384;ACEPTADO;CD_SANTIAGO
DOC-2025-04351;FAC;103228;CL0304;V009;CP60;RETAIL;2025-04-15;2025-06-14;CLP;6296441;1196324;7492765;ACEPTADO;PLANTA_TALCAHUANO
DOC-2025-02273;FEX;50635;CL0032;V002;CP60;EXPORTACION;2025-04-16;2025-06-15;USD;160864.86;0;160864.86;ACEPTADO;PLANTA_QUELLON
DOC-2025-02572;FAC;101565;CL0078;V008;CP30;FOODSERVICE;2025-04-16;2025-05-16;CLP;5819707;1105744;6925451;ACEPTADO;CD_SANTIAGO
DOC-2025-03317;FAC;102262;CL0144;V006;CP30;FOODSERVICE;2025-04-16;2025-05-16;CLP;4059566;771318;4830884;ACEPTADO;CD_SANTIAGO
DOC-2025-03332;FAC;102275;CL0218;V008;CP60;FOODSERVICE;2025-04-16;2025-06-15;CLP;1710831;325058;2035889;ACEPTADO;PLANTA_CORONEL
DOC-2025-03356;FEE;8182;CL0108;V005;CP45;FOODSERVICE;2025-04-16;2025-05-31;CLP;3947039;0;3947039;ACEPTADO;PLANTA_CORONEL
DOC-2025-02145;FEX;50507;CL0032;V002;CP60;EXPORTACION;2025-04-17;2025-08-15;USD;85373.39;0;85373.39;ACEPTADO;PLANTA_CALDERA
DOC-2025-02304;FEX;50666;CL0001;V004;CP60;EXPORTACION;2025-04-17;2025-06-16;USD;9256.04;0;9256.04;ACEPTADO;PLANTA_TALCAHUANO
DOC-2025-02466;FEX;50828;CL0049;V003;CP60;EXPORTACION;2025-04-17;2025-06-16;USD;50154.03;0;50154.03;ACEPTADO;PLANTA_CORONEL
DOC-2025-02662;FAC;101645;CL0078;V008;CP30;FOODSERVICE;2025-04-17;2025-05-17;CLP;2558149;486048;3044197;ACEPTADO;PLANTA_CORONEL
DOC-2025-02753;FAC;101728;CL0113;V005;CP60;FOODSERVICE;2025-04-17;2025-06-16;CLP;3889552;739015;4628567;ACEPTADO;PLANTA_TALCAHUANO
DOC-2025-02780;FAC;101755;CL0205;V007;CP30;FOODSERVICE;2025-04-17;2025-05-17;CLP;2275109;432271;2707380;ACEPTADO;PLANTA_CORONEL
DOC-2025-02906;FAC;101872;CL0079;V008;CP45;FOODSERVICE;2025-04-17;2025-06-01;CLP;2149070;408323;2557393;ACEPTADO;PLANTA_TALCAHUANO
DOC-2025-02937;FAC;101901;CL0221;V005;CP45;FOODSERVICE;2025-04-17;2025-07-01;CLP;1753334;333133;2086467;ACEPTADO;PLANTA_CORONEL
DOC-2025-03010;FAC;101973;CL0214;V008;CP30;FOODSERVICE;2025-04-17;2025-05-17;CLP;3596895;683410;4280305;ACEPTADO;PLANTA_CORONEL
DOC-2025-03092;FAC;102053;CL0222;V005;CP45;FOODSERVICE;2025-04-17;2025-06-01;CLP;3248269;617171;3865440;ACEPTADO;CD_SANTIAGO
DOC-2025-03153;FEE;8169;CL0132;V005;CP30;FOODSERVICE;2025-04-17;2025-05-17;CLP;18160019;0;18160019;ACEPTADO;CD_SANTIAGO
DOC-2025-03271;FAC;102218;CL0158;V007;CP60;FOODSERVICE;2025-04-17;2025-06-16;CLP;6765493;1285444;8050937;ACEPTADO;PLANTA_TALCAHUANO
DOC-2025-03377;FAC;102318;CL0214;V008;CP45;FOODSERVICE;2025-04-17;2025-06-01;CLP;9684591;1840072;11524663;ACEPTADO;PLANTA_CORONEL
DOC-2025-03397;FAC;102337;CL0074;V007;CP60;FOODSERVICE;2025-04-17;2025-06-16;CLP;8222398;1562256;9784654;ACEPTADO;CD_SANTIAGO
DOC-2025-03439;FAC;102378;CL0221;V005;CP30;FOODSERVICE;2025-04-17;2025-05-17;CLP;1301375;247261;1548636;ACEPTADO;PLANTA_TALCAHUANO
DOC-2025-03543;FAC;102474;CL0169;V007;CP45;FOODSERVICE;2025-04-17;2025-06-01;CLP;1118799;212572;1331371;ACEPTADO;PLANTA_CORONEL
DOC-2025-03591;FAC;102520;CL0118;V007;CP45;FOODSERVICE;2025-04-17;2025-05-02;CLP;9172171;1742712;10914883;ACEPTADO;CD_SANTIAGO
DOC-2025-03612;FAC;102539;CL0212;V005;CP30;FOODSERVICE;2025-04-17;2025-05-17;CLP;10987106;2087550;13074656;ACEPTADO;CD_SANTIAGO
DOC-2025-03631;FAC;102557;CL0127;V008;CP00;FOODSERVICE;2025-04-17;2025-04-17;CLP;8150929;1548677;9699606;ACEPTADO;PLANTA_TALCAHUANO
DOC-2025-03693;FAC;102611;CL0206;V006;CP60;FOODSERVICE;2025-04-17;2025-06-16;CLP;3632618;690197;4322815;ACEPTADO;PLANTA_CORONEL
DOC-2025-03750;FAC;102665;CL0214;V008;CP45;FOODSERVICE;2025-04-17;2025-06-01;CLP;24153019;4589074;28742093;ACEPTADO;CD_SANTIAGO
DOC-2025-03837;FAC;102743;CL0214;V008;CP45;FOODSERVICE;2025-04-17;2025-06-01;CLP;10026292;1904995;11931287;ACEPTADO;PLANTA_TALCAHUANO
DOC-2025-03868;FAC;102770;CL0181;V008;CP30;FOODSERVICE;2025-04-17;2025-05-17;CLP;1533530;291371;1824901;ACEPTADO;CD_SANTIAGO
DOC-2025-03879;FAC;102780;CL0136;V008;CP60;FOODSERVICE;2025-04-17;2025-06-16;CLP;3782314;718640;4500954;ACEPTADO;PLANTA_TALCAHUANO
DOC-2025-03994;FAC;102889;CL0279;V010;CP30;RETAIL;2025-04-17;2025-05-17;CLP;34429026;6541515;40970541;ACEPTADO;PLANTA_TALCAHUANO
DOC-2025-04073;FAC;102963;CL0279;V010;CP30;RETAIL;2025-04-17;2025-05-17;CLP;21565205;4097389;25662594;ACEPTADO;CD_SANTIAGO
DOC-2025-04237;FAC;103121;CL0325;V011;CP60;RETAIL;2025-04-17;2025-06-16;CLP;43635505;8290746;51926251;ACEPTADO;PLANTA_TALCAHUANO
DOC-2025-04268;FAC;103149;CL0288;V010;CP60;RETAIL;2025-04-17;2025-06-16;CLP;9557187;1815866;11373053;ACEPTADO;PLANTA_TALCAHUANO
DOC-2025-02539;FAC;101532;CL0116;V006;CP30;FOODSERVICE;2025-04-21;2025-05-21;CLP;8279453;1573096;9852549;ACEPTADO;PLANTA_TALCAHUANO
DOC-2025-02630;FEE;8138;CL0114;V008;CP30;FOODSERVICE;2025-04-21;2025-05-21;CLP;3613507;0;3613507;ACEPTADO;CD_SANTIAGO
DOC-2025-03427;FAC;102366;CL0097;V007;CP30;FOODSERVICE;2025-04-21;2025-05-21;CLP;7335918;1393824;8729742;ACEPTADO;CD_SANTIAGO
DOC-2025-03517;FAC;102449;CL0116;V006;CP45;FOODSERVICE;2025-04-21;2025-06-05;CLP;10783251;2048818;12832069;ACEPTADO;PLANTA_TALCAHUANO
DOC-2025-03699;FAC;102617;CL0157;V007;CP45;FOODSERVICE;2025-04-21;2025-06-05;CLP;4892218;929521;5821739;ACEPTADO;PLANTA_TALCAHUANO
DOC-2025-03787;FAC;102697;CL0073;V005;CP45;FOODSERVICE;2025-04-21;2025-06-05;CLP;5565120;1057373;6622493;ACEPTADO;PLANTA_TALCAHUANO
DOC-2025-03797;FAC;102707;CL0177;V005;CP30;FOODSERVICE;2025-04-21;2025-05-21;CLP;1310221;248942;1559163;ACEPTADO;CD_SANTIAGO
DOC-2025-03917;FAC;102816;CL0154;V005;CP45;FOODSERVICE;2025-04-21;2025-06-05;CLP;5163533;981071;6144604;ACEPTADO;PLANTA_TALCAHUANO
DOC-2025-04289;FAC;103169;CL0266;V012;CP90;RETAIL;2025-04-21;2025-07-20;CLP;13583459;2580857;16164316;ACEPTADO;CD_SANTIAGO
DOC-2025-02286;FEX;50648;CL0007;V004;CP90;EXPORTACION;2025-04-22;2025-07-21;USD;9051.18;0;9051.18;ACEPTADO;PLANTA_CALDERA
DOC-2025-02328;FEX;50690;CL0032;V002;CP60;EXPORTACION;2025-04-22;2025-06-21;USD;78192.15;0;78192.15;ACEPTADO;PLANTA_CALDERA
DOC-2025-02411;FEX;50773;CL0062;V004;CP60;EXPORTACION;2025-04-22;2025-06-21;USD;6251.99;0;6251.99;ACEPTADO;PLANTA_CORONEL
DOC-2025-02697;FAC;101677;CL0161;V005;CP30;FOODSERVICE;2025-04-22;2025-05-22;CLP;15494335;2943924;18438259;ACEPTADO;CD_SANTIAGO
DOC-2025-02916;FAC;101882;CL0183;V005;CP30;FOODSERVICE;2025-04-22;2025-05-22;CLP;3038984;577407;3616391;ACEPTADO;PLANTA_TALCAHUANO
DOC-2025-03006;FAC;101969;CL0149;V008;CP30;FOODSERVICE;2025-04-22;2025-05-22;CLP;2701014;513193;3214207;ANULADO;PLANTA_TALCAHUANO
DOC-2025-03073;FAC;102035;CL0074;V007;CP30;FOODSERVICE;2025-04-22;2025-05-07;CLP;19460691;3697531;23158222;ACEPTADO;CD_SANTIAGO
DOC-2025-03179;FAC;102134;CL0146;V005;CP30;FOODSERVICE;2025-04-22;2025-05-22;CLP;6831105;1297910;8129015;ACEPTADO;PLANTA_CORONEL
DOC-2025-03290;FAC;102237;CL0161;V005;CP30;FOODSERVICE;2025-04-22;2025-05-22;CLP;6185934;1175327;7361261;ACEPTADO;PLANTA_TALCAHUANO
DOC-2025-03437;FAC;102376;CL0116;V006;CP60;FOODSERVICE;2025-04-22;2025-06-21;CLP;2539425;482491;3021916;ACEPTADO;PLANTA_TALCAHUANO
DOC-2025-03511;FEE;8190;CL0161;V005;CP30;FOODSERVICE;2025-04-22;2025-05-22;CLP;10296775;0;10296775;ACEPTADO;CD_SANTIAGO
DOC-2025-03601;FAC;102530;CL0078;V008;CP60;FOODSERVICE;2025-04-22;2025-06-21;CLP;4505480;856041;5361521;ACEPTADO;PLANTA_CORONEL
DOC-2025-04300;FAC;103180;CL0333;V012;CP30;RETAIL;2025-04-22;2025-05-22;CLP;24724225;4697603;29421828;ACEPTADO;PLANTA_CORONEL
DOC-2025-02438;FEX;50800;CL0012;V004;CP90;EXPORTACION;2025-04-23;2025-07-22;USD;52400.6;0;52400.6;ACEPTADO;PLANTA_TALCAHUANO
DOC-2025-02591;FAC;101582;CL0118;V007;CP30;FOODSERVICE;2025-04-23;2025-05-23;CLP;8815724;1674988;10490712;ACEPTADO;PLANTA_TALCAHUANO
DOC-2025-02638;FAC;101623;CL0186;V007;CP00;FOODSERVICE;2025-04-23;2025-04-23;CLP;5522007;1049181;6571188;ACEPTADO;CD_SANTIAGO
DOC-2025-03363;FAC;102305;CL0114;V008;CP45;FOODSERVICE;2025-04-23;2025-06-07;CLP;4896469;930329;5826798;ACEPTADO;PLANTA_CORONEL
DOC-2025-03442;FAC;102381;CL0090;V007;CP30;FOODSERVICE;2025-04-23;2025-05-23;CLP;3557323;675891;4233214;ACEPTADO;PLANTA_CORONEL
DOC-2025-03496;FAC;102431;CL0095;V007;CP45;FOODSERVICE;2025-04-23;2025-06-07;CLP;10732710;2039215;12771925;ACEPTADO;PLANTA_CORONEL
DOC-2025-03574;FAC;102504;CL0099;V008;CP30;FOODSERVICE;2025-04-23;2025-05-23;CLP;4089968;777094;4867062;ACEPTADO;CD_SANTIAGO
DOC-2025-03954;FAC;102851;CL0118;V007;CP30;FOODSERVICE;2025-04-23;2025-05-23;CLP;10427959;1981312;12409271;RECLAMADO;PLANTA_CORONEL
DOC-2025-04205;FAC;103089;CL0279;V010;CP45;RETAIL;2025-04-23;2025-06-07;CLP;97798940;18581799;116380739;ACEPTADO;PLANTA_TALCAHUANO
DOC-2025-02197;FEX;50559;CL0032;V002;CP90;EXPORTACION;2025-04-24;2025-07-23;USD;90873.86;0;90873.86;ACEPTADO;PLANTA_CALDERA
DOC-2025-02313;FEX;50675;CL0062;V004;CP120;EXPORTACION;2025-04-24;2025-08-22;CLP;21768286;0;21768286;ACEPTADO;PLANTA_QUELLON
DOC-2025-02394;FEX;50756;CL0012;V004;CP60;EXPORTACION;2025-04-24;2025-06-23;USD;26942.14;0;26942.14;ACEPTADO;PLANTA_CORONEL
DOC-2025-02514;FEX;50876;CL0032;V002;CP120;EXPORTACION;2025-04-24;2025-08-22;USD;153203.09;0;153203.09;ACEPTADO;PLANTA_QUELLON
DOC-2025-02566;FAC;101559;CL0183;V005;CP45;FOODSERVICE;2025-04-24;2025-06-08;CLP;4272551;811785;5084336;ACEPTADO;PLANTA_CORONEL
DOC-2025-02656;FEE;8141;CL0074;V007;CP00;FOODSERVICE;2025-04-24;2025-04-24;CLP;31756364;0;31756364;ACEPTADO;PLANTA_TALCAHUANO
DOC-2025-02739;FAC;101716;CL0073;V005;CP30;FOODSERVICE;2025-04-24;2025-05-24;CLP;26046503;4948836;30995339;ACEPTADO;CD_SANTIAGO
DOC-2025-03633;FAC;102559;CL0170;V005;CP45;FOODSERVICE;2025-04-24;2025-06-08;CLP;2689510;511007;3200517;ACEPTADO;PLANTA_TALCAHUANO
DOC-2025-03780;FEE;8212;CL0215;V008;CP60;FOODSERVICE;2025-04-24;2025-06-23;CLP;2918994;0;2918994;ACEPTADO;PLANTA_CORONEL
DOC-2025-02057;FEX;50419;CL0052;V001;CP120;EXPORTACION;2025-04-25;2025-08-23;USD;115910.26;0;115910.26;ACEPTADO;PLANTA_CORONEL
DOC-2025-02111;FEX;50473;CL0034;V004;CP60;EXPORTACION;2025-04-25;2025-06-24;USD;75744.43;0;75744.43;ACEPTADO;PLANTA_TALCAHUANO
DOC-2025-02276;FEX;50638;CL0008;V002;CP90;EXPORTACION;2025-04-25;2025-07-04;USD;41698.12;0;41698.12;ACEPTADO;PLANTA_CALDERA
DOC-2025-02491;FEX;50853;CL0032;V002;CP90;EXPORTACION;2025-04-25;2025-06-24;USD;263735.95;0;263735.95;ACEPTADO;PLANTA_CALDERA
DOC-2025-02532;FAC;101527;CL0124;V006;CP60;FOODSERVICE;2025-04-25;2025-06-24;CLP;4628573;879429;5508002;ACEPTADO;PLANTA_TALCAHUANO
DOC-2025-02672;FAC;101655;CL0132;V005;CP30;FOODSERVICE;2025-04-25;2025-05-25;CLP;4154779;789408;4944187;ACEPTADO;CD_SANTIAGO
DOC-2025-02932;FEE;8160;CL0108;V005;CP30;FOODSERVICE;2025-04-25;2025-05-25;CLP;3492478;0;3492478;ACEPTADO;CD_SANTIAGO
DOC-2025-02983;FAC;101947;CL0127;V008;CP45;FOODSERVICE;2025-04-25;2025-06-09;CLP;3766429;715622;4482051;ANULADO;CD_SANTIAGO
DOC-2025-03097;FAC;102056;CL0073;V005;CP45;FOODSERVICE;2025-04-25;2025-06-09;CLP;7772851;1476842;9249693;ACEPTADO;PLANTA_TALCAHUANO
DOC-2025-03454;FAC;102393;CL0213;V006;CP30;FOODSERVICE;2025-04-25;2025-05-25;CLP;8474348;1610126;10084474;ACEPTADO;CD_SANTIAGO
DOC-2025-03587;FAC;102517;CL0217;V007;CP60;FOODSERVICE;2025-04-25;2025-06-24;CLP;3708284;704574;4412858;ACEPTADO;PLANTA_CORONEL
DOC-2025-03592;FAC;102521;CL0178;V008;CP30;FOODSERVICE;2025-04-25;2025-05-25;CLP;4859309;923269;5782578;ACEPTADO;PLANTA_CORONEL
DOC-2025-03690;FAC;102608;CL0222;V005;CP30;FOODSERVICE;2025-04-25;2025-05-25;CLP;2236603;424955;2661558;ACEPTADO;CD_SANTIAGO
DOC-2025-03733;FAC;102649;CL0164;V007;CP45;FOODSERVICE;2025-04-25;2025-06-09;CLP;8299189;1576846;9876035;ACEPTADO;PLANTA_TALCAHUANO
DOC-2025-03807;FAC;102717;CL0178;V008;CP45;FOODSERVICE;2025-04-25;2025-06-09;CLP;3028697;575452;3604149;ACEPTADO;PLANTA_TALCAHUANO
DOC-2025-03840;FAC;102746;CL0176;V008;CP30;FOODSERVICE;2025-04-25;2025-05-25;CLP;3818611;725536;4544147;ACEPTADO;PLANTA_CORONEL
DOC-2025-03849;FAC;102753;CL0075;V007;CP60;FOODSERVICE;2025-04-25;2025-06-24;CLP;2197282;417484;2614766;ACEPTADO;PLANTA_TALCAHUANO
DOC-2025-04026;FAC;102919;CL0264;V010;CP60;RETAIL;2025-04-25;2025-06-24;CLP;5231791;994040;6225831;ACEPTADO;PLANTA_TALCAHUANO
DOC-2025-04185;FAC;103071;CL0267;V011;CP60;RETAIL;2025-04-25;2025-06-24;CLP;4240335;805664;5045999;ACEPTADO;PLANTA_TALCAHUANO
DOC-2025-04218;FAC;103102;CL0336;V009;CP45;RETAIL;2025-04-25;2025-06-09;CLP;6992252;1328528;8320780;ACEPTADO;CD_SANTIAGO
DOC-2025-04261;FAC;103142;CL0319;V012;CP60;RETAIL;2025-04-25;2025-07-24;CLP;11851869;2251855;14103724;ACEPTADO;PLANTA_TALCAHUANO
DOC-2025-02318;FEX;50680;CL0034;V004;CP60;EXPORTACION;2025-04-28;2025-06-27;USD;64318.98;0;64318.98;ACEPTADO;PLANTA_QUELLON
DOC-2025-02476;FEX;50838;CL0032;V002;CP60;EXPORTACION;2025-04-28;2025-06-27;USD;112813.75;0;112813.75;ACEPTADO;PLANTA_TALCAHUANO
DOC-2025-02953;FAC;101917;CL0142;V007;CP45;FOODSERVICE;2025-04-28;2025-06-12;CLP;18770794;3566451;22337245;ACEPTADO;CD_SANTIAGO
DOC-2025-03495;FAC;102430;CL0189;V008;CP60;FOODSERVICE;2025-04-28;2025-06-27;CLP;6485112;1232171;7717283;ACEPTADO;PLANTA_TALCAHUANO
DOC-2025-03891;FAC;102792;CL0159;V006;CP30;FOODSERVICE;2025-04-28;2025-05-28;CLP;3339091;634427;3973518;ACEPTADO;PLANTA_TALCAHUANO
DOC-2025-04329;FAC;103207;CL0307;V010;CP30;RETAIL;2025-04-28;2025-05-28;CLP;10685753;2030293;12716046;ACEPTADO;PLANTA_CORONEL
DOC-2025-02762;FAC;101737;CL0162;V007;CP30;FOODSERVICE;2025-04-29;2025-05-29;CLP;3789888;720079;4509967;ACEPTADO;PLANTA_CORONEL
DOC-2025-02794;FAC;101769;CL0189;V008;CP30;FOODSERVICE;2025-04-29;2025-05-29;CLP;5370479;1020391;6390870;ACEPTADO;PLANTA_CORONEL
DOC-2025-03789;FAC;102699;CL0086;V008;CP30;FOODSERVICE;2025-04-29;2025-06-13;CLP;2102449;399465;2501914;ACEPTADO;CD_SANTIAGO
DOC-2025-04211;FAC;103095;CL0231;V009;CP60;RETAIL;2025-04-29;2025-06-28;CLP;6803720;1292707;8096427;ACEPTADO;PLANTA_TALCAHUANO
DOC-2025-02337;FEX;50699;CL0012;V004;CP120;EXPORTACION;2025-04-30;2025-08-28;USD;45829.47;0;45829.47;ACEPTADO;PLANTA_TALCAHUANO
DOC-2025-02363;FEX;50725;CL0034;V004;CP90;EXPORTACION;2025-04-30;2025-07-29;USD;77300.03;0;77300.03;ACEPTADO;PLANTA_CALDERA
DOC-2025-02595;FAC;101586;CL0142;V007;CP30;FOODSERVICE;2025-04-30;2025-05-30;CLP;5192386;986553;6178939;ACEPTADO;CD_SANTIAGO
DOC-2025-02643;FAC;101627;CL0094;V007;CP45;FOODSERVICE;2025-04-30;2025-06-14;CLP;19451979;3695876;23147855;ACEPTADO;PLANTA_CORONEL
DOC-2025-02785;FAC;101760;CL0132;V005;CP45;FOODSERVICE;2025-04-30;2025-06-14;CLP;5674340;1078125;6752465;ACEPTADO;PLANTA_TALCAHUANO
DOC-2025-02867;FAC;101837;CL0164;V007;CP45;FOODSERVICE;2025-04-30;2025-06-14;CLP;4406140;837167;5243307;ACEPTADO;PLANTA_TALCAHUANO
DOC-2025-03013;FAC;101976;CL0217;V007;CP60;FOODSERVICE;2025-04-30;2025-06-29;CLP;8879107;1687030;10566137;ACEPTADO;CD_SANTIAGO
DOC-2025-03052;FAC;102014;CL0204;V006;CP45;FOODSERVICE;2025-04-30;2025-06-14;CLP;1273309;241929;1515238;ACEPTADO;PLANTA_TALCAHUANO
DOC-2025-03133;FAC;102090;CL0104;V006;CP30;FOODSERVICE;2025-04-30;2025-05-30;CLP;4510089;856917;5367006;ACEPTADO;PLANTA_TALCAHUANO
DOC-2025-03381;FAC;102321;CL0081;V005;CP60;FOODSERVICE;2025-04-30;2025-06-29;CLP;5083864;965934;6049798;ACEPTADO;CD_SANTIAGO
DOC-2025-03620;FAC;102546;CL0144;V006;CP45;FOODSERVICE;2025-04-30;2025-06-14;CLP;4272487;811773;5084260;ACEPTADO;PLANTA_TALCAHUANO
DOC-2025-03848;FAC;102752;CL0138;V005;CP60;FOODSERVICE;2025-04-30;2025-06-29;CLP;5548319;1054181;6602500;ACEPTADO;PLANTA_CORONEL
DOC-2025-04166;FAC;103054;CL0301;V009;CP30;RETAIL;2025-04-30;2025-05-30;CLP;9633662;1830396;11464058;ACEPTADO;PLANTA_TALCAHUANO
DOC-2025-04244;FAC;103128;CL0279;V010;CP30;RETAIL;2025-04-30;2025-05-30;CLP;21514183;4087695;25601878;ACEPTADO;PLANTA_CORONEL
DOC-2025-04255;FEE;8243;CL0285;V011;CP30;RETAIL;2025-04-30;2025-05-30;CLP;4236322;0;4236322;ACEPTADO;PLANTA_CORONEL
DOC-2025-02082;FEX;50444;CL0025;V002;CP120;EXPORTACION;2025-05-02;2025-08-30;USD;22341.56;0;22341.56;ACEPTADO;PLANTA_QUELLON
DOC-2025-02293;FEX;50655;CL0034;V004;CP60;EXPORTACION;2025-05-02;2025-07-01;USD;105753.15;0;105753.15;ANULADO;PLANTA_CORONEL
DOC-2025-02453;FEX;50815;CL0064;V002;CP120;EXPORTACION;2025-05-02;2025-08-30;USD;28450.22;0;28450.22;ACEPTADO;PLANTA_TALCAHUANO
DOC-2025-02571;FAC;101564;CL0101;V008;CP45;FOODSERVICE;2025-05-02;2025-06-16;CLP;2873126;545894;3419020;ACEPTADO;PLANTA_TALCAHUANO
DOC-2025-02770;FAC;101745;CL0118;V007;CP45;FOODSERVICE;2025-05-02;2025-06-16;CLP;7393335;1404734;8798069;ACEPTADO;PLANTA_TALCAHUANO
DOC-2025-02819;FAC;101791;CL0074;V007;CP45;FOODSERVICE;2025-05-02;2025-06-16;CLP;9729509;1848607;11578116;ACEPTADO;PLANTA_TALCAHUANO
DOC-2025-03008;FAC;101971;CL0183;V005;CP45;FOODSERVICE;2025-05-02;2025-06-16;CLP;4975904;945422;5921326;ACEPTADO;PLANTA_TALCAHUANO
DOC-2025-03237;FAC;102187;CL0126;V005;CP45;FOODSERVICE;2025-05-02;2025-06-16;CLP;3643351;692237;4335588;ACEPTADO;PLANTA_TALCAHUANO
DOC-2025-03306;FAC;102252;CL0162;V007;CP30;FOODSERVICE;2025-05-02;2025-06-01;CLP;3876622;736558;4613180;ACEPTADO;CD_SANTIAGO
DOC-2025-03322;FAC;102267;CL0073;V005;CP60;FOODSERVICE;2025-05-02;2025-07-01;CLP;11398284;2165674;13563958;ACEPTADO;CD_SANTIAGO
DOC-2025-03373;FAC;102315;CL0127;V008;CP45;FOODSERVICE;2025-05-02;2025-06-16;CLP;6460367;1227470;7687837;ACEPTADO;PLANTA_CORONEL
DOC-2025-03616;FAC;102543;CL0171;V008;CP30;FOODSERVICE;2025-05-02;2025-06-01;CLP;10810821;2054056;12864877;ACEPTADO;PLANTA_TALCAHUANO
DOC-2025-03961;FAC;102857;CL0143;V006;CP45;FOODSERVICE;2025-05-02;2025-06-16;CLP;4955943;941629;5897572;ACEPTADO;PLANTA_TALCAHUANO
DOC-2025-04029;FAC;102922;CL0332;V010;CP60;RETAIL;2025-05-02;2025-07-01;CLP;11692051;2221490;13913541;ACEPTADO;PLANTA_CORONEL
DOC-2025-04032;FAC;102925;CL0293;V012;CP30;RETAIL;2025-05-02;2025-06-01;CLP;10023303;1904428;11927731;ACEPTADO;PLANTA_TALCAHUANO
DOC-2025-04059;FAC;102949;CL0227;V009;CP60;RETAIL;2025-05-02;2025-07-01;CLP;6880724;1307338;8188062;ACEPTADO;PLANTA_CORONEL
DOC-2025-02767;FAC;101742;CL0219;V007;CP30;FOODSERVICE;2025-05-05;2025-06-04;CLP;8205673;1559078;9764751;ACEPTADO;PLANTA_TALCAHUANO
DOC-2025-02804;FAC;101778;CL0183;V005;CP30;FOODSERVICE;2025-05-05;2025-06-04;CLP;11979150;2276038;14255188;ACEPTADO;PLANTA_TALCAHUANO
DOC-2025-02904;FAC;101870;CL0099;V008;CP60;FOODSERVICE;2025-05-05;2025-07-04;CLP;6428930;1221497;7650427;ACEPTADO;PLANTA_TALCAHUANO
DOC-2025-03167;FAC;102122;CL0158;V007;CP45;FOODSERVICE;2025-05-05;2025-08-03;CLP;11484039;2181967;13666006;ACEPTADO;PLANTA_TALCAHUANO
DOC-2025-03927;FEE;8227;CL0154;V005;CP00;FOODSERVICE;2025-05-05;2025-05-05;CLP;2928483;0;2928483;ACEPTADO;PLANTA_TALCAHUANO
DOC-2025-03004;FAC;101967;CL0104;V006;CP60;FOODSERVICE;2025-05-06;2025-07-05;CLP;22258515;4229118;26487633;ACEPTADO;PLANTA_TALCAHUANO
DOC-2025-03121;FAC;102078;CL0110;V008;CP45;FOODSERVICE;2025-05-06;2025-06-20;CLP;809029;153716;962745;ACEPTADO;CD_SANTIAGO
DOC-2025-03420;FAC;102359;CL0200;V008;CP30;FOODSERVICE;2025-05-06;2025-06-05;CLP;1829771;347656;2177427;ACEPTADO;PLANTA_CORONEL
DOC-2025-03735;FAC;102651;CL0221;V005;CP45;FOODSERVICE;2025-05-06;2025-06-20;CLP;9973827;1895027;11868854;ACEPTADO;PLANTA_TALCAHUANO
DOC-2025-03987;FAC;102882;CL0279;V010;CP45;RETAIL;2025-05-06;2025-06-20;CLP;23664668;4496287;28160955;ACEPTADO;PLANTA_TALCAHUANO
DOC-2025-02095;FEX;50457;CL0032;V002;CP120;EXPORTACION;2025-05-07;2025-09-04;USD;279390.47;0;279390.47;ACEPTADO;PLANTA_QUELLON
DOC-2025-02428;FEX;50790;CL0049;V003;CP60;EXPORTACION;2025-05-07;2025-07-06;USD;200992.8;0;200992.8;ACEPTADO;PLANTA_CALDERA
DOC-2025-02585;FAC;101577;CL0219;V007;CP30;FOODSERVICE;2025-05-07;2025-06-06;CLP;1669602;317224;1986826;ACEPTADO;PLANTA_TALCAHUANO
DOC-2025-02589;FAC;101580;CL0110;V008;CP60;FOODSERVICE;2025-05-07;2025-06-06;CLP;4323383;821443;5144826;ACEPTADO;PLANTA_CORONEL
DOC-2025-02655;FAC;101639;CL0115;V008;CP30;FOODSERVICE;2025-05-07;2025-06-06;CLP;6479501;1231105;7710606;ACEPTADO;PLANTA_TALCAHUANO
DOC-2025-02742;FEE;8148;CL0118;V007;CP60;FOODSERVICE;2025-05-07;2025-07-06;CLP;5967988;0;5967988;ACEPTADO;PLANTA_CORONEL
DOC-2025-03205;FAC;102156;CL0194;V008;CP45;FOODSERVICE;2025-05-07;2025-06-21;CLP;3332901;633251;3966152;ACEPTADO;PLANTA_TALCAHUANO
DOC-2025-03734;FAC;102650;CL0084;V005;CP30;FOODSERVICE;2025-05-07;2025-06-06;CLP;3784836;719119;4503955;ACEPTADO;PLANTA_TALCAHUANO
DOC-DUP-019;FEX;50790;CL0049;V003;CP60;EXPORTACION;2025-05-07;2025-07-06;USD;200992.8;0;200992.8;ACEPTADO;PLANTA_CALDERA
DOC-2025-02047;FEX;50409;CL0032;V002;CP60;EXPORTACION;2025-05-08;2025-07-07;USD;46525.82;0;46525.82;ACEPTADO;PLANTA_TALCAHUANO
DOC-2025-03145;FAC;102101;CL0100;V008;CP45;FOODSERVICE;2025-05-08;2025-06-22;CLP;7889620;1499028;9388648;ACEPTADO;PLANTA_CORONEL
DOC-2025-03760;FAC;102675;CL0123;V006;CP60;FOODSERVICE;2025-05-08;2025-07-07;CLP;20933020;3977274;24910294;ACEPTADO;PLANTA_TALCAHUANO
DOC-2025-02033;FEX;50395;CL0072;V004;CP120;EXPORTACION;2025-05-09;2025-01-22;CLP;58285651;0;58285651;ACEPTADO;PLANTA_CORONEL
DOC-2025-02053;FEX;50415;CL0062;V004;CP90;EXPORTACION;2025-05-09;2025-08-07;USD;34474.03;0;34474.03;ACEPTADO;PLANTA_CORONEL
DOC-2025-02285;FEX;50647;CL0032;V002;CP90;EXPORTACION;2025-05-09;2025-08-07;USD;111296.87;0;111296.87;ACEPTADO;PLANTA_CALDERA
DOC-2025-02342;FEX;50704;CL0032;V002;CP120;EXPORTACION;2025-05-09;2025-09-06;USD;86849.01;0;86849.01;ACEPTADO;PLANTA_CALDERA
DOC-2025-02367;FEX;50729;CL0026;V001;CP90;EXPORTACION;2025-05-09;2025-08-07;USD;68430.42;0;68430.42;ACEPTADO;PLANTA_CALDERA
DOC-2025-02448;FEX;50810;CL0045;V003;CP60;EXPORTACION;2025-05-09;2025-07-08;USD;16535.87;0;16535.87;ACEPTADO;PLANTA_CORONEL
DOC-2025-02671;FAC;101654;CL0096;V006;CP30;FOODSERVICE;2025-05-09;2025-06-08;CLP;2388666;453847;2842513;ACEPTADO;PLANTA_CORONEL
DOC-2025-02830;FAC;101802;CL0175;V008;CP60;FOODSERVICE;2025-05-09;2025-07-08;CLP;3567884;677898;4245782;ACEPTADO;PLANTA_TALCAHUANO
DOC-2025-02925;FAC;101890;CL0102;V008;CP45;FOODSERVICE;2025-05-09;2025-06-23;CLP;1947121;369953;2317074;ACEPTADO;CD_SANTIAGO
DOC-2025-03300;FAC;102247;CL0158;V007;CP60;FOODSERVICE;2025-05-09;2025-09-06;CLP;11399512;2165907;13565419;ACEPTADO;PLANTA_CORONEL
DOC-2025-03315;FAC;102260;CL0102;V008;CP30;FOODSERVICE;2025-05-09;2025-06-08;CLP;1193001;226670;1419671;ACEPTADO;PLANTA_CORONEL
DOC-2025-03448;FAC;102387;CL0143;V006;CP30;FOODSERVICE;2025-05-09;2025-06-08;CLP;4695496;892144;5587640;ACEPTADO;PLANTA_CORONEL
DOC-2025-03720;FEE;8208;CL0076;V005;CP60;FOODSERVICE;2025-05-09;2025-03-15;CLP;9211326;0;9211326;ACEPTADO;PLANTA_TALCAHUANO
DOC-2025-03875;FAC;102776;CL0114;V008;CP45;FOODSERVICE;2025-05-09;2025-06-23;CLP;2843886;540338;3384224;ACEPTADO;CD_SANTIAGO
DOC-2025-04241;FAC;103125;CL0321;V010;CP45;RETAIL;2025-05-09;2025-06-23;CLP;32775104;6227270;39002374;ACEPTADO;PLANTA_TALCAHUANO
DOC-2025-04291;FAC;103171;CL0279;V010;CP45;RETAIL;2025-05-09;2025-06-23;CLP;95911215;18223131;114134346;ACEPTADO;PLANTA_TALCAHUANO
DOC-2025-04355;FAC;103231;CL0282;V009;CP60;RETAIL;2025-05-09;2025-07-08;CLP;15049962;2859493;17909455;ACEPTADO;PLANTA_CORONEL
DOC-2025-02041;FEX;50403;CL0012;V004;CP90;EXPORTACION;2025-05-12;2025-07-26;USD;29893.16;0;29893.16;ACEPTADO;PLANTA_CORONEL
DOC-2025-02250;FEX;50612;CL0032;V002;CP120;EXPORTACION;2025-05-12;2025-09-09;USD;108425.07;0;108425.07;ACEPTADO;PLANTA_CORONEL
DOC-2025-02331;FEX;50693;CL0034;V004;CP90;EXPORTACION;2025-05-12;2025-08-10;USD;43639.82;0;43639.82;ACEPTADO;PLANTA_CALDERA
DOC-2025-03400;FAC;102340;CL0198;V006;CP30;FOODSERVICE;2025-05-12;2025-06-11;CLP;4143652;787294;4930946;ACEPTADO;PLANTA_TALCAHUANO
DOC-2025-03623;FAC;102549;CL0103;V005;CP30;FOODSERVICE;2025-05-12;2025-06-11;CLP;2281621;433508;2715129;ACEPTADO;CD_SANTIAGO
DOC-2025-03871;FEE;8223;CL0099;V008;CP60;FOODSERVICE;2025-05-12;2025-07-11;CLP;14063730;0;14063730;ACEPTADO;PLANTA_CORONEL
DOC-2025-03895;FAC;102796;CL0184;V005;CP45;FOODSERVICE;2025-05-12;2025-06-26;CLP;16973857;3225033;20198890;ACEPTADO;CD_SANTIAGO
DOC-2025-04038;FAC;102930;CL0258;V009;CP60;RETAIL;2025-05-12;2025-07-11;CLP;6431396;1221965;7653361;ACEPTADO;PLANTA_TALCAHUANO
DOC-2025-04118;FAC;103007;CL0339;V011;CP30;RETAIL;2025-05-12;2025-06-11;CLP;14270333;2711363;16981696;ACEPTADO;PLANTA_TALCAHUANO
DOC-2025-02526;FAC;101522;CL0206;V006;CP45;FOODSERVICE;2025-05-13;2025-06-27;CLP;3381183;642425;4023608;ANULADO;PLANTA_TALCAHUANO
DOC-2025-02972;FAC;101936;CL0164;V007;CP60;FOODSERVICE;2025-05-13;2025-07-12;CLP;604968;114944;719912;ACEPTADO;PLANTA_CORONEL
DOC-2025-03128;FAC;102085;CL0216;V005;CP30;FOODSERVICE;2025-05-13;2025-06-12;CLP;748344;142185;890529;RECLAMADO;PLANTA_CORONEL
DOC-2025-03172;FAC;102127;CL0177;V005;CP30;FOODSERVICE;2025-05-13;2025-06-12;CLP;3417428;649311;4066739;ACEPTADO;CD_SANTIAGO
DOC-2025-03233;FAC;102183;CL0079;V008;CP45;FOODSERVICE;2025-05-13;2025-06-27;CLP;2405041;456958;2861999;ACEPTADO;PLANTA_TALCAHUANO
DOC-2025-04114;FAC;103003;CL0279;V010;CP30;RETAIL;2025-05-13;2025-03-31;CLP;24187203;4595569;28782772;ACEPTADO;PLANTA_CORONEL
DOC-2025-02088;FEX;50450;CL0060;V003;CP90;EXPORTACION;2025-05-14;2025-08-12;USD;15729.83;0;15729.83;ACEPTADO;PLANTA_CORONEL
DOC-2025-02172;FEX;50534;CL0045;V003;CP60;EXPORTACION;2025-05-14;2025-07-13;USD;40416.12;0;40416.12;ACEPTADO;PLANTA_CALDERA
DOC-2025-02644;FAC;101628;CL0118;V007;CP30;FOODSERVICE;2025-05-14;2025-06-13;CLP;15921729;3025129;18946858;ACEPTADO;PLANTA_CORONEL
DOC-2025-03368;FAC;102310;CL0160;V006;CP00;FOODSERVICE;2025-05-14;2025-05-14;CLP;1759459;334297;2093756;ACEPTADO;PLANTA_TALCAHUANO
DOC-2025-03458;FAC;102396;CL0143;V006;CP00;FOODSERVICE;2025-05-14;2025-05-14;CLP;12266531;2330641;14597172;ACEPTADO;CD_SANTIAGO
DOC-2025-03482;FAC;102417;CL0213;V006;CP45;FOODSERVICE;2025-05-14;2025-06-28;CLP;4899753;930953;5830706;ACEPTADO;PLANTA_TALCAHUANO
DOC-2025-03732;FAC;102648;CL0197;V008;CP30;FOODSERVICE;2025-05-14;2025-06-13;CLP;3159713;600345;3760058;ACEPTADO;PLANTA_CORONEL
DOC-2025-04267;FAC;103148;CL0232;V009;CP90;RETAIL;2025-05-14;2025-08-12;CLP;7478306;1420878;8899184;ACEPTADO;PLANTA_TALCAHUANO
DOC-2025-02836;FAC;101808;CL0169;V007;CP45;FOODSERVICE;2025-05-15;2025-06-29;CLP;2916153;554069;3470222;ACEPTADO;PLANTA_TALCAHUANO
DOC-2025-04094;FAC;102984;CL0301;V009;CP30;RETAIL;2025-05-15;2025-06-14;CLP;21087376;4006601;25093977;ACEPTADO;PLANTA_CORONEL
DOC-2025-02044;FEX;50406;CL0064;V002;CP120;EXPORTACION;2025-05-16;2025-09-13;USD;36573.19;0;36573.19;ACEPTADO;PLANTA_CALDERA
DOC-2025-02212;FEX;50574;CL0032;V002;CP60;EXPORTACION;2025-05-16;2025-07-15;USD;69959.38;0;69959.38;ACEPTADO;PLANTA_CALDERA
DOC-2025-02277;FEX;50639;CL0062;V004;CP60;EXPORTACION;2025-05-16;2025-07-15;USD;51684.37;0;51684.37;ACEPTADO;PLANTA_CALDERA
DOC-2025-02685;FAC;101668;CL0104;V006;CP45;FOODSERVICE;2025-05-16;2025-06-30;CLP;5875121;1116273;6991394;ACEPTADO;PLANTA_CORONEL
DOC-2025-02714;FAC;101693;CL0074;V007;CP30;FOODSERVICE;2025-05-16;2025-06-15;CLP;28736796;5459991;34196787;ACEPTADO;PLANTA_TALCAHUANO
DOC-2025-02719;FAC;101698;CL0080;V007;CP60;FOODSERVICE;2025-05-16;2025-07-15;CLP;3220236;611845;3832081;ACEPTADO;PLANTA_TALCAHUANO
DOC-2025-02818;FEE;8152;CL0116;V006;CP60;FOODSERVICE;2025-05-16;2025-07-15;CLP;7645129;0;7645129;ACEPTADO;PLANTA_CORONEL
DOC-2025-02858;FAC;101828;CL0176;V008;CP30;FOODSERVICE;2025-05-16;2025-06-15;CLP;1911681;363219;2274900;ACEPTADO;CD_SANTIAGO
DOC-2025-02917;FAC;101883;CL0188;V005;CP30;FOODSERVICE;2025-05-16;2025-06-15;CLP;2198674;417748;2616422;ACEPTADO;PLANTA_TALCAHUANO
DOC-2025-03116;FAC;102073;CL0119;V007;CP30;FOODSERVICE;2025-05-16;2025-06-15;CLP;6701321;1273251;7974572;ACEPTADO;PLANTA_CORONEL
DOC-2025-03335;FAC;102278;CL0222;V005;CP30;FOODSERVICE;2025-05-16;2025-06-15;CLP;3052468;579969;3632437;ACEPTADO;CD_SANTIAGO
DOC-2025-03547;FAC;102478;CL0122;V007;CP30;FOODSERVICE;2025-05-16;2025-06-15;CLP;2938361;558289;3496650;ACEPTADO;CD_SANTIAGO
DOC-2025-03619;FAC;102545;CL0073;V005;CP30;FOODSERVICE;2025-05-16;2025-07-30;CLP;3743860;711333;4455193;ACEPTADO;CD_SANTIAGO
DOC-2025-03660;FEE;8202;CL0178;V008;CP30;FOODSERVICE;2025-05-16;2025-06-15;CLP;4188799;0;4188799;ACEPTADO;PLANTA_CORONEL
DOC-2025-03770;FAC;102684;CL0193;V008;CP00;FOODSERVICE;2025-05-16;2025-05-16;CLP;10955318;2081510;13036828;ACEPTADO;PLANTA_TALCAHUANO
DOC-2025-03845;FAC;102751;CL0087;V007;CP45;FOODSERVICE;2025-05-16;2025-06-30;CLP;2602923;494555;3097478;ACEPTADO;PLANTA_CORONEL
DOC-2025-04109;FAC;102999;CL0279;V010;CP60;RETAIL;2025-05-16;2025-07-15;CLP;18642361;3542049;22184410;ACEPTADO;CD_SANTIAGO
DOC-2025-02128;FEX;50490;CL0034;V004;CP90;EXPORTACION;2025-05-19;2025-08-17;USD;52757.98;0;52757.98;ACEPTADO;PLANTA_CORONEL
DOC-2025-02393;FEX;50755;CL0062;V004;CP60;EXPORTACION;2025-05-19;2025-07-18;USD;87739.46;0;87739.46;ACEPTADO;PLANTA_CALDERA
DOC-2025-02703;FAC;101683;CL0207;V008;CP45;FOODSERVICE;2025-05-19;2025-07-03;CLP;12709193;2414747;15123940;ACEPTADO;PLANTA_TALCAHUANO
DOC-2025-03328;FAC;102271;CL0159;V006;CP45;FOODSERVICE;2025-05-19;2025-08-17;CLP;6897331;1310493;8207824;ACEPTADO;PLANTA_TALCAHUANO
DOC-2025-04344;FAC;103221;CL0279;V010;CP45;RETAIL;2025-05-19;2025-07-03;CLP;134013081;25462485;159475566;ACEPTADO;CD_SANTIAGO
DOC-2025-02605;FEE;8136;CL0164;V007;CP45;FOODSERVICE;2025-05-20;2025-07-04;CLP;4733226;0;4733226;ACEPTADO;PLANTA_CORONEL
DOC-2025-02626;FAC;101613;CL0129;V007;CP30;FOODSERVICE;2025-05-20;2025-06-19;CLP;7985503;1517246;9502749;ACEPTADO;PLANTA_TALCAHUANO
DOC-2025-02751;FAC;101726;CL0120;V007;CP30;FOODSERVICE;2025-05-20;2025-08-18;CLP;7008876;1331686;8340562;ACEPTADO;PLANTA_TALCAHUANO
DOC-2025-03130;FAC;102087;CL0074;V007;CP30;FOODSERVICE;2025-05-20;2025-06-19;CLP;12053226;2290113;14343339;ACEPTADO;PLANTA_CORONEL
DOC-2025-03163;FAC;102118;CL0194;V008;CP45;FOODSERVICE;2025-05-20;2025-07-04;CLP;9014046;1712669;10726715;ACEPTADO;PLANTA_TALCAHUANO
DOC-2025-03241;FAC;102191;CL0182;V008;CP30;FOODSERVICE;2025-05-20;2025-06-19;CLP;6053471;1150159;7203630;ACEPTADO;CD_SANTIAGO
DOC-2025-03672;FAC;102592;CL0192;V006;CP00;FOODSERVICE;2025-05-20;2025-05-20;CLP;1368677;260049;1628726;ACEPTADO;PLANTA_CORONEL
DOC-2025-03689;FAC;102607;CL0151;V006;CP30;FOODSERVICE;2025-05-20;2025-06-19;CLP;4964345;943226;5907571;ACEPTADO;CD_SANTIAGO
DOC-2025-03909;FAC;102808;CL0187;V006;CP00;FOODSERVICE;2025-05-20;2025-05-20;CLP;2119668;402737;2522405;ACEPTADO;CD_SANTIAGO
DOC-2025-04357;FEE;8249;CL0331;V011;CP30;RETAIL;2025-05-20;2025-06-19;CLP;37798663;0;37798663;ACEPTADO;CD_SANTIAGO
DOC-2025-02208;FEX;50570;CL0028;V001;CP90;EXPORTACION;2025-05-22;2025-08-20;USD;98395.76;0;98395.76;ACEPTADO;PLANTA_TALCAHUANO
DOC-2025-02246;FEX;50608;CL0032;V002;CP120;EXPORTACION;2025-05-22;2025-09-19;USD;153964.5;0;153964.5;ACEPTADO;PLANTA_CALDERA
DOC-2025-02316;FEX;50678;CL0012;V004;CP90;EXPORTACION;2025-05-22;2025-08-20;USD;79883.07;0;79883.07;ACEPTADO;PLANTA_QUELLON
DOC-2025-02890;FEE;8156;CL0217;V007;CP45;FOODSERVICE;2025-05-22;2025-07-06;CLP;10278096;0;10278096;ACEPTADO;PLANTA_CORONEL
DOC-2025-03583;FAC;102513;CL0119;V007;CP45;FOODSERVICE;2025-05-22;2025-07-06;CLP;2040393;387675;2428068;ACEPTADO;PLANTA_TALCAHUANO
DOC-2025-02070;FEX;50432;CL0032;V002;CP90;EXPORTACION;2025-05-23;2025-08-21;USD;103557.17;0;103557.17;ACEPTADO;PLANTA_TALCAHUANO
DOC-2025-02078;FEX;50440;CL0032;V002;CP60;EXPORTACION;2025-05-23;2025-07-22;USD;17639.92;0;17639.92;ACEPTADO;PLANTA_TALCAHUANO
DOC-2025-02081;FEX;50443;CL0018;V003;CP90;EXPORTACION;2025-05-23;2025-08-21;USD;15790.93;0;15790.93;ACEPTADO;PLANTA_CORONEL
DOC-2025-02244;FEX;50606;CL0032;V002;CP90;EXPORTACION;2025-05-23;2025-08-21;USD;248698.09;0;248698.09;ACEPTADO;PLANTA_CORONEL
DOC-2025-02259;FEX;50621;CL0049;V003;CP60;EXPORTACION;2025-05-23;2025-07-22;USD;58310.97;0;58310.97;ACEPTADO;PLANTA_CORONEL
DOC-2025-02449;FEX;50811;CL0012;V004;CP60;EXPORTACION;2025-05-23;2025-07-22;USD;54568.98;0;54568.98;ACEPTADO;PLANTA_CORONEL
DOC-2025-02612;FAC;101600;CL0079;V008;CP30;FOODSERVICE;2025-05-23;2025-06-22;CLP;6444292;1224415;7668707;ACEPTADO;PLANTA_CORONEL
DOC-2025-02679;FAC;101662;CL0126;V005;CP30;FOODSERVICE;2025-05-23;2025-06-22;CLP;1848156;351150;2199306;ACEPTADO;PLANTA_TALCAHUANO
DOC-2025-02895;FAC;101862;CL0214;V008;CP30;FOODSERVICE;2025-05-23;2025-06-22;CLP;6049731;1149449;7199180;ACEPTADO;PLANTA_TALCAHUANO
DOC-2025-02961;FAC;101925;CL0138;V005;CP30;FOODSERVICE;2025-05-23;2025-06-22;CLP;8048648;1529243;9577891;ACEPTADO;CD_SANTIAGO
DOC-2025-03216;FAC;102166;CL0130;V008;CP45;FOODSERVICE;2025-05-23;2025-07-07;CLP;6253017;1188073;7441090;ACEPTADO;PLANTA_TALCAHUANO
DOC-2025-03434;FAC;102373;CL0169;V007;CP30;FOODSERVICE;2025-05-23;2025-06-22;CLP;2926024;555945;3481969;ACEPTADO;PLANTA_CORONEL
DOC-2025-03916;FAC;102815;CL0132;V005;CP30;FOODSERVICE;2025-05-23;2025-06-22;CLP;11322539;2151282;13473821;ACEPTADO;PLANTA_CORONEL
DOC-2025-04135;FAC;103024;CL0344;V010;CP45;RETAIL;2025-05-23;2025-07-07;CLP;11607140;2205357;13812497;ACEPTADO;PLANTA_TALCAHUANO
DOC-2025-04306;FEE;8245;CL0279;V010;CP45;RETAIL;2025-05-23;2025-07-07;CLP;29773412;0;29773412;ACEPTADO;PLANTA_TALCAHUANO
DOC-2025-04323;FEE;8246;CL0245;V011;CP45;RETAIL;2025-05-23;2025-07-07;CLP;21504705;0;21504705;ACEPTADO;PLANTA_TALCAHUANO
DOC-2025-02158;FEX;50520;CL0013;V003;CP120;EXPORTACION;2025-05-26;2025-09-23;CLP;44415442;0;44415442;ACEPTADO;PLANTA_TALCAHUANO
DOC-2025-03224;FAC;102174;CL0088;V005;CP60;FOODSERVICE;2025-05-26;2025-07-25;CLP;3618816;687575;4306391;ACEPTADO;CD_SANTIAGO
DOC-2025-03679;FAC;102599;CL0169;V007;CP30;FOODSERVICE;2025-05-26;2025-06-25;CLP;1307666;248457;1556123;ACEPTADO;PLANTA_CORONEL
DOC-2025-02375;FEX;50737;CL0032;V002;CP90;EXPORTACION;2025-05-27;2025-08-25;USD;94969.68;0;94969.68;ACEPTADO;PLANTA_CALDERA
DOC-2025-02606;FAC;101594;CL0207;V008;CP30;FOODSERVICE;2025-05-27;2025-06-26;CLP;1864796;354311;2219107;ACEPTADO;PLANTA_CORONEL
DOC-2025-02736;FAC;101714;CL0090;V007;CP00;FOODSERVICE;2025-05-27;2025-05-27;CLP;7616279;1447093;9063372;ACEPTADO;CD_SANTIAGO
DOC-2025-03462;FAC;102400;CL0209;V006;CP30;FOODSERVICE;2025-05-27;2025-06-26;CLP;2705216;513991;3219207;ACEPTADO;PLANTA_TALCAHUANO
DOC-2025-03908;FEE;8225;CL0129;V007;CP30;FOODSERVICE;2025-05-27;2025-06-26;CLP;2990112;0;2990112;ACEPTADO;CD_SANTIAGO
DOC-2025-04210;FAC;103094;CL0245;V011;CP90;RETAIL;2025-05-27;2025-08-25;CLP;56460647;10727523;67188170;ACEPTADO;PLANTA_CORONEL
DOC-2025-02947;FAC;101911;CL0091;V007;CP60;FOODSERVICE;2025-05-28;2025-07-27;CLP;1405835;267109;1672944;ACEPTADO;CD_SANTIAGO
DOC-2025-03646;FAC;102571;CL0143;V006;CP60;FOODSERVICE;2025-05-28;2025-07-27;CLP;6259776;1189357;7449133;ACEPTADO;CD_SANTIAGO
DOC-2025-03959;FAC;102855;CL0084;V005;CP30;FOODSERVICE;2025-05-28;2025-06-27;CLP;748653;142244;890897;ACEPTADO;PLANTA_CORONEL
DOC-2025-02242;FEX;50604;CL0039;V001;CP60;EXPORTACION;2025-05-29;2025-07-28;USD;31896.39;0;31896.39;ACEPTADO;PLANTA_TALCAHUANO
DOC-2025-03308;FAC;102254;CL0209;V006;CP60;FOODSERVICE;2025-05-29;2025-07-28;CLP;3582890;680749;4263639;ACEPTADO;CD_SANTIAGO
DOC-2025-03316;FAC;102261;CL0153;V008;CP45;FOODSERVICE;2025-05-29;2025-07-13;CLP;5912898;1123451;7036349;ANULADO;CD_SANTIAGO
DOC-2025-02042;FEX;50404;CL0034;V004;CP60;EXPORTACION;2025-05-30;2025-07-29;USD;40873.07;0;40873.07;ACEPTADO;PLANTA_QUELLON
DOC-2025-02263;FEX;50625;CL0018;V003;CP90;EXPORTACION;2025-05-30;2025-08-28;USD;8533.83;0;8533.83;ACEPTADO;PLANTA_CALDERA
DOC-2025-02329;FEX;50691;CL0014;V003;CP120;EXPORTACION;2025-05-30;2025-09-27;USD;33609.63;0;33609.63;ACEPTADO;PLANTA_CORONEL
DOC-2025-02533;FEE;8130;CL0100;V008;CP30;FOODSERVICE;2025-05-30;2025-06-29;CLP;4401159;0;4401159;ACEPTADO;PLANTA_CORONEL
DOC-2025-02542;FAC;101535;CL0138;V005;CP45;FOODSERVICE;2025-05-30;2025-07-14;CLP;7857201;1492868;9350069;ACEPTADO;PLANTA_TALCAHUANO
DOC-2025-02754;FAC;101729;CL0144;V006;CP00;FOODSERVICE;2025-05-30;2025-05-30;CLP;6591291;1252345;7843636;ACEPTADO;CD_SANTIAGO
DOC-2025-02851;FEE;8154;CL0111;V008;CP45;FOODSERVICE;2025-05-30;2025-07-14;CLP;4421627;0;4421627;ACEPTADO;CD_SANTIAGO
DOC-2025-02857;FAC;101827;CL0099;V008;CP60;FOODSERVICE;2025-05-30;2025-07-29;CLP;3986926;757516;4744442;ACEPTADO;PLANTA_CORONEL
DOC-2025-02877;FAC;101846;CL0176;V008;CP30;FOODSERVICE;2025-05-30;2025-06-29;CLP;4840928;919776;5760704;ACEPTADO;PLANTA_TALCAHUANO
DOC-2025-02882;FAC;101851;CL0118;V007;CP30;FOODSERVICE;2025-05-30;2025-07-29;CLP;7295897;1386220;8682117;ACEPTADO;CD_SANTIAGO
DOC-2025-02956;FAC;101920;CL0219;V007;CP30;FOODSERVICE;2025-05-30;2025-06-29;CLP;7918328;1504482;9422810;ACEPTADO;PLANTA_TALCAHUANO
DOC-2025-03134;FAC;102091;CL0199;V008;CP45;FOODSERVICE;2025-05-30;2025-07-14;CLP;3649979;693496;4343475;ACEPTADO;PLANTA_CORONEL
DOC-2025-03219;FAC;102169;CL0177;V005;CP45;FOODSERVICE;2025-05-30;2025-07-14;CLP;4884328;928022;5812350;ACEPTADO;PLANTA_CORONEL
DOC-2025-03545;FAC;102476;CL0143;V006;CP60;FOODSERVICE;2025-05-30;2025-07-29;CLP;5099741;968951;6068692;ACEPTADO;PLANTA_CORONEL
DOC-2025-03856;FEE;8221;CL0138;V005;CP30;FOODSERVICE;2025-05-30;2025-06-29;CLP;5393506;0;5393506;ACEPTADO;PLANTA_CORONEL
DOC-2025-03857;FAC;102760;CL0081;V005;CP00;FOODSERVICE;2025-05-30;2025-05-30;CLP;7644760;1452504;9097264;ACEPTADO;CD_SANTIAGO
DOC-2025-03898;FEE;8224;CL0217;V007;CP60;FOODSERVICE;2025-05-30;2025-07-29;CLP;3777534;0;3777534;ACEPTADO;PLANTA_TALCAHUANO
DOC-2025-04000;FAC;102894;CL0279;V010;CP30;RETAIL;2025-05-30;2025-06-29;CLP;21910746;4163042;26073788;ACEPTADO;PLANTA_TALCAHUANO
DOC-2025-04074;FAC;102964;CL0307;V010;CP30;RETAIL;2025-05-30;2025-06-09;CLP;12674226;2408103;15082329;ACEPTADO;PLANTA_CORONEL
DOC-2025-04132;FAC;103021;CL0286;V009;CP60;RETAIL;2025-05-30;2025-07-29;CLP;32286077;6134355;38420432;ACEPTADO;PLANTA_TALCAHUANO
DOC-2025-04254;FAC;103136;CL0313;V009;CP30;RETAIL;2025-05-30;2025-06-29;CLP;3621641;688112;4309753;ACEPTADO;CD_SANTIAGO
DOC-2025-04335;FAC;103212;CL0301;V009;CP45;RETAIL;2025-05-30;2025-07-14;CLP;11096257;2108289;13204546;ACEPTADO;PLANTA_TALCAHUANO
DOC-2025-02359;FEX;50721;CL0032;V002;CP120;EXPORTACION;2025-06-02;2025-09-30;USD;33449.55;0;33449.55;ACEPTADO;PLANTA_QUELLON
DOC-2025-03969;FAC;102865;CL0160;V006;CP45;FOODSERVICE;2025-06-02;2025-07-17;CLP;2760145;524428;3284573;ACEPTADO;PLANTA_CORONEL
DOC-2025-02061;FEX;50423;CL0014;V003;CP90;EXPORTACION;2025-06-03;2025-09-01;USD;48488.72;0;48488.72;ACEPTADO;PLANTA_TALCAHUANO
DOC-2025-02309;FEX;50671;CL0012;V004;CP90;EXPORTACION;2025-06-03;2025-09-01;USD;24026.79;0;24026.79;ACEPTADO;PLANTA_TALCAHUANO
DOC-2025-02321;FEX;50683;CL0018;V003;CP90;EXPORTACION;2025-06-03;2025-09-01;USD;16382.86;0;16382.86;ACEPTADO;PLANTA_CALDERA
DOC-2025-02930;FAC;101895;CL0117;V008;CP45;FOODSERVICE;2025-06-03;2025-07-18;CLP;4904540;931863;5836403;ACEPTADO;CD_SANTIAGO
DOC-2025-02996;FAC;101960;CL0081;V005;CP45;FOODSERVICE;2025-06-03;2025-07-18;CLP;4343964;825353;5169317;ACEPTADO;PLANTA_CORONEL
DOC-2025-03227;FAC;102177;CL0104;V006;CP30;FOODSERVICE;2025-06-03;2025-07-03;CLP;5957780;1131978;7089758;ACEPTADO;PLANTA_CORONEL
DOC-2025-03786;FAC;102696;CL0130;V008;CP60;FOODSERVICE;2025-06-03;2025-08-02;CLP;3380626;642319;4022945;ACEPTADO;PLANTA_TALCAHUANO
DOC-2025-02534;FEE;8131;CL0219;V007;CP60;FOODSERVICE;2025-06-04;2025-08-03;CLP;2775850;0;2775850;ACEPTADO;PLANTA_CORONEL
DOC-2025-02844;FAC;101815;CL0164;V007;CP45;FOODSERVICE;2025-06-04;2025-07-19;CLP;13630023;2589704;16219727;ACEPTADO;CD_SANTIAGO
DOC-2025-02845;FAC;101816;CL0104;V006;CP30;FOODSERVICE;2025-06-04;2025-07-04;CLP;35526370;6750010;42276380;ACEPTADO;PLANTA_TALCAHUANO
DOC-2025-03552;FAC;102483;CL0074;V007;CP30;FOODSERVICE;2025-06-04;2025-07-04;CLP;74481423;14151470;88632893;ACEPTADO;PLANTA_CORONEL
DOC-2025-04354;FAC;103230;CL0265;V009;CP90;RETAIL;2025-06-04;2025-09-02;CLP;21345508;4055647;25401155;ACEPTADO;CD_SANTIAGO
DOC-2025-02129;FEX;50491;CL0059;V001;CP120;EXPORTACION;2025-06-05;2025-10-03;USD;35525.55;0;35525.55;ACEPTADO;PLANTA_CORONEL
DOC-2025-02486;FEX;50848;CL0032;V002;CP60;EXPORTACION;2025-06-05;2025-08-04;USD;193115.03;0;193115.03;ACEPTADO;PLANTA_CALDERA
DOC-2025-02653;FAC;101637;CL0117;V008;CP30;FOODSERVICE;2025-06-05;2025-07-05;CLP;7866410;1494618;9361028;ACEPTADO;PLANTA_CORONEL
DOC-2025-02690;FEE;8143;CL0132;V005;CP30;FOODSERVICE;2025-06-05;2025-07-05;CLP;5897865;0;5897865;ACEPTADO;PLANTA_TALCAHUANO
DOC-2025-03339;FAC;102282;CL0123;V006;CP45;FOODSERVICE;2025-06-05;2025-07-20;CLP;42332296;8043136;50375432;ACEPTADO;PLANTA_CORONEL
DOC-2025-03413;FAC;102352;CL0097;V007;CP45;FOODSERVICE;2025-06-05;2025-07-20;CLP;2631096;499908;3131004;ACEPTADO;CD_SANTIAGO
DOC-2025-03507;FAC;102442;CL0193;V008;CP30;FOODSERVICE;2025-06-05;2025-07-05;CLP;2566407;487617;3054024;ACEPTADO;PLANTA_TALCAHUANO
DOC-2025-03724;FAC;102640;CL0155;V005;CP30;FOODSERVICE;2025-06-05;2025-07-05;CLP;5800334;1102063;6902397;ACEPTADO;PLANTA_CORONEL
DOC-2025-02216;FEX;50578;CL0062;V004;CP60;EXPORTACION;2025-06-06;2025-08-05;USD;122080.28;0;122080.28;ACEPTADO;PLANTA_CORONEL
DOC-2025-02238;FEX;50600;CL0032;V002;CP60;EXPORTACION;2025-06-06;2025-08-05;USD;420000;0;420000;ACEPTADO;PLANTA_TALCAHUANO
DOC-2025-02388;FEX;50750;CL0034;V004;CP90;EXPORTACION;2025-06-06;2025-09-04;USD;67835.96;0;67835.96;ACEPTADO;PLANTA_CORONEL
DOC-2025-02434;FEX;50796;CL0024;V002;CP90;EXPORTACION;2025-06-06;2025-09-04;USD;11360.21;0;11360.21;ACEPTADO;PLANTA_CORONEL
DOC-2025-02447;FEX;50809;CL0022;V001;CP60;EXPORTACION;2025-06-06;2025-08-05;USD;11728.67;0;11728.67;ACEPTADO;PLANTA_CORONEL
DOC-2025-03203;FAC;102154;CL0222;V005;CP45;FOODSERVICE;2025-06-06;2025-07-21;CLP;4790691;910231;5700922;ACEPTADO;CD_SANTIAGO
DOC-2025-03366;FAC;102308;CL0116;V006;CP45;FOODSERVICE;2025-06-06;2025-09-04;CLP;4785686;909280;5694966;ACEPTADO;CD_SANTIAGO
DOC-2025-03572;FAC;102502;CL0154;V005;CP30;FOODSERVICE;2025-06-06;2025-07-06;CLP;3137169;596062;3733231;ACEPTADO;PLANTA_CORONEL
DOC-2025-03719;FAC;102636;CL0134;V007;CP45;FOODSERVICE;2025-06-06;2025-07-21;CLP;2587523;491629;3079152;ACEPTADO;CD_SANTIAGO
DOC-2025-03829;FAC;102735;CL0207;V008;CP45;FOODSERVICE;2025-06-06;2025-07-21;CLP;2654311;504319;3158630;ACEPTADO;CD_SANTIAGO
DOC-2025-03881;FAC;102782;CL0143;V006;CP60;FOODSERVICE;2025-06-06;2025-08-05;CLP;2893448;549755;3443203;ACEPTADO;PLANTA_CORONEL
DOC-2025-03885;FAC;102786;CL0132;V005;CP30;FOODSERVICE;2025-06-06;2025-07-06;CLP;3292408;625558;3917966;ACEPTADO;CD_SANTIAGO
DOC-2025-03900;FAC;102800;CL0107;V005;CP30;FOODSERVICE;2025-06-06;2025-07-06;CLP;3342507;635076;3977583;ACEPTADO;PLANTA_TALCAHUANO
DOC-2025-04101;FAC;102991;CL0279;V010;CP30;RETAIL;2025-06-06;2025-07-06;CLP;11477257;2180679;13657936;ACEPTADO;CD_SANTIAGO
DOC-2025-04270;FAC;103151;CL0270;V012;CP45;RETAIL;2025-06-06;2025-07-21;CLP;9872756;1875824;11748580;ACEPTADO;PLANTA_CORONEL
DOC-2025-02611;FAC;101599;CL0118;V007;CP30;FOODSERVICE;2025-06-09;2025-07-09;CLP;24683153;4689799;29372952;ACEPTADO;PLANTA_TALCAHUANO
DOC-2025-02931;FAC;101896;CL0155;V005;CP45;FOODSERVICE;2025-06-09;2025-07-24;CLP;2294711;435995;2730706;ACEPTADO;PLANTA_TALCAHUANO
DOC-2025-02981;FAC;101945;CL0089;V008;CP30;FOODSERVICE;2025-06-09;2025-07-09;CLP;4694948;892040;5586988;ACEPTADO;PLANTA_CORONEL
DOC-2025-03099;FEE;8166;CL0158;V007;CP60;FOODSERVICE;2025-06-09;2025-08-08;CLP;2803296;0;2803296;ACEPTADO;PLANTA_CORONEL
DOC-2025-03749;FAC;102664;CL0144;V006;CP30;FOODSERVICE;2025-06-09;2025-07-09;CLP;5472965;1039863;6512828;ACEPTADO;PLANTA_TALCAHUANO
DOC-2025-04284;FAC;103164;CL0304;V009;CP45;RETAIL;2025-06-09;2025-07-24;CLP;6874201;1306098;8180299;ACEPTADO;PLANTA_TALCAHUANO
DOC-2025-02312;FEX;50674;CL0012;V004;CP60;EXPORTACION;2025-06-10;2025-08-09;USD;34668.29;0;34668.29;ACEPTADO;PLANTA_QUELLON
DOC-2025-03086;FAC;102047;CL0214;V008;CP30;FOODSERVICE;2025-06-10;2025-07-10;CLP;7281897;1383560;8665457;ACEPTADO;CD_SANTIAGO
DOC-2025-04019;FAC;102913;CL0301;V009;CP45;RETAIL;2025-06-10;2025-07-25;CLP;19615913;3727023;23342936;ACEPTADO;CD_SANTIAGO
DOC-2025-02052;FEX;50414;CL0032;V002;CP90;EXPORTACION;2025-06-11;2025-09-09;USD;60294.56;0;60294.56;ACEPTADO;PLANTA_QUELLON
DOC-2025-02152;FEX;50514;CL0067;V004;CP60;EXPORTACION;2025-06-11;2025-08-10;USD;33917.0;0;33917.0;ACEPTADO;PLANTA_TALCAHUANO
DOC-2025-02307;FEX;50669;CL0034;V004;CP60;EXPORTACION;2025-06-11;2025-08-10;USD;77798.41;0;77798.41;ACEPTADO;PLANTA_CORONEL
DOC-2025-02349;FEX;50711;CL0012;V004;CP60;EXPORTACION;2025-06-11;2025-08-10;USD;32541.61;0;32541.61;ACEPTADO;PLANTA_CALDERA
DOC-2025-02593;FAC;101584;CL0073;V005;CP45;FOODSERVICE;2025-06-11;2025-07-26;CLP;7611883;1446258;9058141;ACEPTADO;PLANTA_CORONEL
DOC-2025-04058;FAC;102948;CL0318;V009;CP30;RETAIL;2025-06-11;2025-07-11;CLP;9394036;1784867;11178903;ACEPTADO;PLANTA_CORONEL
DOC-2025-04084;FAC;102974;CL0295;V011;CP30;RETAIL;2025-06-11;2025-07-11;CLP;1911914;363264;2275178;ACEPTADO;CD_SANTIAGO
DOC-2025-04314;FAC;103193;CL0245;V011;CP90;RETAIL;2025-06-11;2025-09-09;CLP;61210830;11630058;72840888;ACEPTADO;PLANTA_CORONEL
DOC-2025-02239;FEX;50601;CL0014;V003;CP90;EXPORTACION;2025-06-12;2025-09-10;CLP;71983324;0;71983324;ACEPTADO;PLANTA_TALCAHUANO
DOC-2025-02299;FEX;50661;CL0032;V002;CP60;EXPORTACION;2025-06-12;2025-08-11;USD;306397.03;0;306397.03;ACEPTADO;PLANTA_CORONEL
DOC-2025-02700;FAC;101680;CL0073;V005;CP60;FOODSERVICE;2025-06-12;2025-08-11;CLP;20035876;3806816;23842692;ACEPTADO;PLANTA_TALCAHUANO
DOC-2025-03811;FAC;102721;CL0193;V008;CP45;FOODSERVICE;2025-06-12;2025-07-27;CLP;13494306;2563918;16058224;ACEPTADO;PLANTA_TALCAHUANO
DOC-2025-04031;FAC;102924;CL0245;V011;CP60;RETAIL;2025-06-12;2025-08-11;CLP;25273046;4801879;30074925;ACEPTADO;CD_SANTIAGO
DOC-2025-02150;FEX;50512;CL0062;V004;CP120;EXPORTACION;2025-06-13;2025-10-11;USD;38785.85;0;38785.85;ACEPTADO;PLANTA_CORONEL
DOC-2025-02344;FEX;50706;CL0049;V003;CP90;EXPORTACION;2025-06-13;2025-09-11;USD;15324.15;0;15324.15;ACEPTADO;PLANTA_CALDERA
DOC-2025-02494;FEX;50856;CL0012;V004;CP90;EXPORTACION;2025-06-13;2025-09-11;USD;29369.73;0;29369.73;ACEPTADO;PLANTA_CALDERA
DOC-2025-02619;FAC;101606;CL0221;V005;CP30;FOODSERVICE;2025-06-13;2025-07-13;CLP;2808589;533632;3342221;ACEPTADO;PLANTA_CORONEL
DOC-2025-03560;FEE;8194;CL0217;V007;CP45;FOODSERVICE;2025-06-13;2025-07-28;CLP;5960577;0;5960577;ACEPTADO;PLANTA_TALCAHUANO
DOC-2025-03593;FAC;102522;CL0129;V007;CP45;FOODSERVICE;2025-06-13;2025-06-28;CLP;7702868;1463545;9166413;ACEPTADO;CD_SANTIAGO
DOC-2025-03607;FEE;8197;CL0209;V006;CP30;FOODSERVICE;2025-06-13;2025-07-13;CLP;15955286;0;15955286;ACEPTADO;PLANTA_TALCAHUANO
DOC-2025-03714;FAC;102632;CL0211;V006;CP60;FOODSERVICE;2025-06-13;2025-07-13;CLP;3906349;742206;4648555;ACEPTADO;CD_SANTIAGO
DOC-2025-03744;FAC;102659;CL0074;V007;CP45;FOODSERVICE;2025-06-13;2025-07-28;CLP;21326835;4052099;25378934;ACEPTADO;PLANTA_TALCAHUANO
DOC-2025-03813;FAC;102723;CL0193;V008;CP00;FOODSERVICE;2025-06-13;2025-06-13;CLP;4272121;811703;5083824;ACEPTADO;PLANTA_CORONEL
DOC-2025-02117;FEX;50479;CL0032;V002;CP60;EXPORTACION;2025-06-16;2025-08-15;USD;159400.5;0;159400.5;ACEPTADO;PLANTA_CORONEL
DOC-2025-02650;FAC;101634;CL0179;V006;CP45;FOODSERVICE;2025-06-16;2025-07-31;CLP;1173770;223016;1396786;ACEPTADO;PLANTA_TALCAHUANO
DOC-2025-03017;FAC;101980;CL0088;V005;CP45;FOODSERVICE;2025-06-16;2025-07-31;CLP;3208879;609687;3818566;ACEPTADO;PLANTA_TALCAHUANO
DOC-2025-03273;FAC;102220;CL0073;V005;CP00;FOODSERVICE;2025-06-16;2025-06-16;CLP;6584849;1251121;7835970;ACEPTADO;PLANTA_TALCAHUANO
DOC-2025-03550;FAC;102481;CL0166;V008;CP45;FOODSERVICE;2025-06-16;2025-07-31;CLP;6809113;1293731;8102844;ACEPTADO;PLANTA_TALCAHUANO
DOC-2025-03628;FAC;102554;CL0217;V007;CP45;FOODSERVICE;2025-06-16;2025-07-31;CLP;1705468;324039;2029507;ACEPTADO;CD_SANTIAGO
DOC-2025-03648;FAC;102572;CL0214;V008;CP60;FOODSERVICE;2025-06-16;2025-07-26;CLP;6960941;1322579;8283520;ACEPTADO;CD_SANTIAGO
DOC-2025-03696;FAC;102614;CL0206;V006;CP30;FOODSERVICE;2025-06-16;2025-07-16;CLP;4351785;826839;5178624;ACEPTADO;PLANTA_CORONEL
DOC-2025-02186;FEX;50548;CL0044;V004;CP90;EXPORTACION;2025-06-17;2025-09-15;USD;58482.65;0;58482.65;ACEPTADO;PLANTA_QUELLON
DOC-2025-02401;FEX;50763;CL0056;V002;CP120;EXPORTACION;2025-06-17;2025-12-14;USD;7024.95;0;7024.95;ACEPTADO;PLANTA_TALCAHUANO
DOC-2025-02455;FEX;50817;CL0050;V003;CP120;EXPORTACION;2025-06-17;2025-10-15;USD;26734.01;0;26734.01;ACEPTADO;PLANTA_CALDERA
DOC-2025-02861;FAC;101831;CL0190;V006;CP30;FOODSERVICE;2025-06-17;2025-07-17;CLP;3584019;680964;4264983;ACEPTADO;PLANTA_CORONEL
DOC-2025-02941;FAC;101905;CL0075;V007;CP30;FOODSERVICE;2025-06-17;2025-08-16;CLP;2897880;550597;3448477;ACEPTADO;CD_SANTIAGO
DOC-2025-03095;FAC;102055;CL0219;V007;CP30;FOODSERVICE;2025-06-17;2025-07-17;CLP;3267248;620777;3888025;ACEPTADO;PLANTA_TALCAHUANO
DOC-2025-03498;FAC;102433;CL0149;V008;CP45;FOODSERVICE;2025-06-17;2025-08-01;CLP;5548137;1054146;6602283;ACEPTADO;CD_SANTIAGO
DOC-2025-02744;FEE;8149;CL0077;V007;CP30;FOODSERVICE;2025-06-18;2025-07-18;CLP;8883609;0;8883609;ACEPTADO;PLANTA_TALCAHUANO
DOC-2025-03146;FAC;102102;CL0177;V005;CP45;FOODSERVICE;2025-06-18;2025-08-02;CLP;16669877;3167277;19837154;ACEPTADO;CD_SANTIAGO
DOC-2025-03184;FEE;8171;CL0118;V007;CP45;FOODSERVICE;2025-06-18;2025-08-02;CLP;31239691;0;31239691;ACEPTADO;PLANTA_CORONEL
DOC-2025-02090;FEX;50452;CL0012;V004;CP90;EXPORTACION;2025-06-19;2025-09-17;USD;71102.43;0;71102.43;ACEPTADO;PLANTA_CORONEL
DOC-2025-02113;FEX;50475;CL0048;V001;CP60;EXPORTACION;2025-06-19;2025-08-18;USD;44952.47;0;44952.47;ACEPTADO;PLANTA_CALDERA
DOC-2025-02136;FEX;50498;CL0034;V004;CP60;EXPORTACION;2025-06-19;2025-08-18;USD;56122.16;0;56122.16;ACEPTADO;PLANTA_CALDERA
DOC-2025-02196;FEX;50558;CL0032;V002;CP60;EXPORTACION;2025-06-19;2025-08-18;USD;99048.12;0;99048.12;ACEPTADO;PLANTA_QUELLON
DOC-2025-02201;FEX;50563;CL0032;V002;CP60;EXPORTACION;2025-06-19;2025-08-18;USD;81854.48;0;81854.48;ACEPTADO;PLANTA_CORONEL
DOC-2025-02210;FEX;50572;CL0048;V001;CP60;EXPORTACION;2025-06-19;2025-08-18;USD;15567.76;0;15567.76;ACEPTADO;PLANTA_CALDERA
DOC-2025-02215;FEX;50577;CL0032;V002;CP60;EXPORTACION;2025-06-19;2025-08-18;USD;71303.3;0;71303.3;ANULADO;PLANTA_CORONEL
DOC-2025-02256;FEX;50618;CL0012;V004;CP60;EXPORTACION;2025-06-19;2025-08-18;USD;54018.22;0;54018.22;ACEPTADO;PLANTA_CALDERA
DOC-2025-02270;FEX;50632;CL0014;V003;CP60;EXPORTACION;2025-06-19;2025-08-18;USD;9024.47;0;9024.47;ACEPTADO;PLANTA_TALCAHUANO
DOC-2025-02330;FEX;50692;CL0059;V001;CP90;EXPORTACION;2025-06-19;2025-09-17;USD;51434.25;0;51434.25;ACEPTADO;PLANTA_QUELLON
DOC-2025-02346;FEX;50708;CL0012;V004;CP60;EXPORTACION;2025-06-19;2025-08-18;USD;19713.74;0;19713.74;ACEPTADO;PLANTA_CALDERA
DOC-2025-02364;FEX;50726;CL0062;V004;CP90;EXPORTACION;2025-06-19;2025-09-17;USD;69492.81;0;69492.81;ACEPTADO;PLANTA_QUELLON
DOC-2025-02433;FEX;50795;CL0044;V004;CP90;EXPORTACION;2025-06-19;2025-09-17;USD;70560.16;0;70560.16;ACEPTADO;PLANTA_TALCAHUANO
DOC-2025-02446;FEX;50808;CL0024;V002;CP90;EXPORTACION;2025-06-19;2025-09-17;USD;52530.83;0;52530.83;ACEPTADO;PLANTA_QUELLON
DOC-2025-02490;FEX;50852;CL0012;V004;CP60;EXPORTACION;2025-06-19;2025-08-18;CLP;25277529;0;25277529;ACEPTADO;PLANTA_QUELLON
DOC-2025-02549;FAC;101542;CL0161;V005;CP30;FOODSERVICE;2025-06-19;2025-07-19;CLP;3515824;668007;4183831;ACEPTADO;PLANTA_TALCAHUANO
DOC-2025-02599;FAC;101589;CL0193;V008;CP30;FOODSERVICE;2025-06-19;2025-07-19;CLP;9889219;1878952;11768171;ACEPTADO;CD_SANTIAGO
DOC-2025-02609;FAC;101597;CL0118;V007;CP60;FOODSERVICE;2025-06-19;2025-08-18;CLP;20955117;3981472;24936589;ACEPTADO;PLANTA_CORONEL
DOC-2025-02740;FAC;101717;CL0136;V008;CP60;FOODSERVICE;2025-06-19;2025-08-18;CLP;3239455;615496;3854951;ACEPTADO;CD_SANTIAGO
DOC-2025-02901;FEE;8158;CL0181;V008;CP45;FOODSERVICE;2025-06-19;2025-08-03;CLP;3678162;0;3678162;ACEPTADO;PLANTA_CORONEL
DOC-2025-03032;FAC;101995;CL0101;V008;CP45;FOODSERVICE;2025-06-19;2025-07-19;CLP;888158;168750;1056908;ACEPTADO;PLANTA_CORONEL
DOC-2025-03041;FAC;102003;CL0086;V008;CP30;FOODSERVICE;2025-06-19;2025-07-19;CLP;1872966;355864;2228830;ACEPTADO;PLANTA_TALCAHUANO
DOC-2025-03197;FAC;102148;CL0118;V007;CP60;FOODSERVICE;2025-06-19;2025-08-18;CLP;13630988;2589888;16220876;ACEPTADO;PLANTA_TALCAHUANO
DOC-2025-03229;FAC;102179;CL0192;V006;CP45;FOODSERVICE;2025-06-19;2025-08-03;CLP;8889088;1688927;10578015;ACEPTADO;PLANTA_TALCAHUANO
DOC-2025-03449;FAC;102388;CL0078;V008;CP45;FOODSERVICE;2025-06-19;2025-08-03;CLP;1809776;343857;2153633;ACEPTADO;CD_SANTIAGO
DOC-2025-03467;FAC;102404;CL0199;V008;CP30;FOODSERVICE;2025-06-19;2025-07-19;CLP;8073293;1533926;9607219;ACEPTADO;PLANTA_CORONEL
DOC-2025-03514;FAC;102447;CL0089;V008;CP45;FOODSERVICE;2025-06-19;2025-08-03;CLP;3071742;583631;3655373;ACEPTADO;PLANTA_TALCAHUANO
DOC-2025-03548;FAC;102479;CL0109;V007;CP60;FOODSERVICE;2025-06-19;2025-08-18;CLP;2961697;562722;3524419;ACEPTADO;CD_SANTIAGO
DOC-2025-03678;FAC;102598;CL0175;V008;CP45;FOODSERVICE;2025-06-19;2025-08-03;CLP;5164116;981182;6145298;ACEPTADO;PLANTA_TALCAHUANO
DOC-2025-03942;FAC;102839;CL0109;V007;CP30;FOODSERVICE;2025-06-19;2025-07-19;CLP;2029380;385582;2414962;ACEPTADO;CD_SANTIAGO
DOC-2025-03984;FAC;102879;CL0266;V012;CP60;RETAIL;2025-06-19;2025-08-18;CLP;43719443;8306694;52026137;ACEPTADO;PLANTA_CORONEL
DOC-2025-04152;FAC;103040;CL0223;V011;CP60;RETAIL;2025-06-19;2025-08-18;CLP;5020209;953840;5974049;ACEPTADO;PLANTA_CORONEL
DOC-2025-04228;FAC;103112;CL0301;V009;CP45;RETAIL;2025-06-19;2025-08-03;CLP;18550623;3524618;22075241;ACEPTADO;PLANTA_TALCAHUANO
DOC-2025-04310;FAC;103189;CL0279;V010;CP45;RETAIL;2025-06-19;2025-08-03;CLP;20657730;3924969;24582699;ACEPTADO;PLANTA_CORONEL
DOC-2025-04345;FAC;103222;CL0319;V012;CP30;RETAIL;2025-06-19;2025-07-19;CLP;5592441;1062564;6655005;ACEPTADO;PLANTA_TALCAHUANO
DOC-DUP-016;FEX;50726;CL0062;V004;CP90;EXPORTACION;2025-06-19;2025-09-17;USD;69492.81;0;69492.81;ACEPTADO;PLANTA_QUELLON
DOC-2025-02154;FEX;50516;CL0022;V001;CP120;EXPORTACION;2025-06-23;2025-10-21;USD;24388.37;0;24388.37;ACEPTADO;PLANTA_CALDERA
DOC-2025-02967;FAC;101931;CL0199;V008;CP60;FOODSERVICE;2025-06-23;2025-08-22;CLP;4797365;911499;5708864;ACEPTADO;PLANTA_TALCAHUANO
DOC-2025-02831;FAC;101803;CL0104;V006;CP30;FOODSERVICE;2025-06-24;2025-07-24;CLP;3679351;699077;4378428;ACEPTADO;PLANTA_CORONEL
DOC-2025-02896;FAC;101863;CL0219;V007;CP30;FOODSERVICE;2025-06-24;2025-07-24;CLP;4461804;847743;5309547;ACEPTADO;PLANTA_TALCAHUANO
DOC-2025-02977;FAC;101941;CL0203;V008;CP45;FOODSERVICE;2025-06-24;2025-08-08;CLP;2310725;439038;2749763;ACEPTADO;CD_SANTIAGO
DOC-2025-03323;FAC;102268;CL0123;V006;CP30;FOODSERVICE;2025-06-24;2025-07-24;CLP;7661781;1455738;9117519;ACEPTADO;PLANTA_TALCAHUANO
DOC-2025-04238;FAC;103122;CL0260;V012;CP90;RETAIL;2025-06-24;2025-09-22;CLP;7774554;1477165;9251719;ACEPTADO;PLANTA_CORONEL
DOC-2025-02232;FEX;50594;CL0063;V003;CP90;EXPORTACION;2025-06-25;2025-09-23;USD;14363.99;0;14363.99;ACEPTADO;PLANTA_CALDERA
DOC-2025-02308;FEX;50670;CL0012;V004;CP120;EXPORTACION;2025-06-25;2025-10-23;USD;74132.0;0;74132.0;ACEPTADO;PLANTA_CORONEL
DOC-2025-02510;FEX;50872;CL0026;V001;CP60;EXPORTACION;2025-06-25;2025-08-24;CLP;18430249;0;18430249;ACEPTADO;PLANTA_CORONEL
DOC-2025-02816;FAC;101789;CL0145;V008;CP45;FOODSERVICE;2025-06-25;2025-07-20;CLP;12451270;2365741;14817011;ACEPTADO;PLANTA_TALCAHUANO
DOC-2025-02992;FAC;101956;CL0125;V008;CP30;FOODSERVICE;2025-06-25;2025-07-25;CLP;9329908;1772683;11102591;ACEPTADO;PLANTA_CORONEL
DOC-2025-03364;FAC;102306;CL0140;V007;CP30;FOODSERVICE;2025-06-25;2025-07-25;CLP;7652135;1453906;9106041;ACEPTADO;CD_SANTIAGO
DOC-2025-03842;FAC;102748;CL0193;V008;CP30;FOODSERVICE;2025-06-25;2025-07-25;CLP;5593228;1062713;6655941;ACEPTADO;PLANTA_TALCAHUANO
DOC-2025-02452;FEX;50814;CL0012;V004;CP120;EXPORTACION;2025-06-26;2025-10-24;USD;31218.11;0;31218.11;ACEPTADO;PLANTA_CALDERA
DOC-2025-03354;FAC;102297;CL0185;V007;CP45;FOODSERVICE;2025-06-26;2025-08-10;CLP;6855051;1302460;8157511;ACEPTADO;PLANTA_CORONEL
DOC-2025-04224;FAC;103108;CL0288;V010;CP45;RETAIL;2025-06-26;2025-08-10;CLP;8208192;1559556;9767748;ACEPTADO;PLANTA_CORONEL
DOC-2025-04307;FAC;103186;CL0304;V009;CP30;RETAIL;2025-06-26;2025-07-26;CLP;4127733;784269;4912002;ACEPTADO;PLANTA_TALCAHUANO
DOC-2025-04326;FAC;103204;CL0328;V012;CP30;RETAIL;2025-06-26;2025-07-26;CLP;9734909;1849633;11584542;ACEPTADO;PLANTA_CORONEL
DOC-2025-02350;FEX;50712;CL0072;V004;CP60;EXPORTACION;2025-06-27;2025-08-26;USD;24072.77;0;24072.77;ACEPTADO;PLANTA_CALDERA
DOC-2025-02442;FEX;50804;CL0032;V002;CP60;EXPORTACION;2025-06-27;2025-08-26;USD;89040.21;0;89040.21;ACEPTADO;PLANTA_TALCAHUANO
DOC-2025-02559;FAC;101552;CL0203;V008;CP30;FOODSERVICE;2025-06-27;2025-07-27;CLP;1841255;349838;2191093;ACEPTADO;CD_SANTIAGO
DOC-2025-03087;FAC;102048;CL0104;V006;CP45;FOODSERVICE;2025-06-27;2025-08-11;CLP;6910165;1312931;8223096;ACEPTADO;PLANTA_CORONEL
DOC-2025-03129;FAC;102086;CL0073;V005;CP30;FOODSERVICE;2025-06-27;2025-07-27;CLP;26474479;5030151;31504630;ACEPTADO;CD_SANTIAGO
DOC-2025-03483;FAC;102418;CL0184;V005;CP60;FOODSERVICE;2025-06-27;2025-08-26;CLP;7891382;1499363;9390745;ACEPTADO;CD_SANTIAGO
DOC-2025-03578;FAC;102508;CL0216;V005;CP45;FOODSERVICE;2025-06-27;2025-08-11;CLP;7933991;1507458;9441449;ACEPTADO;PLANTA_TALCAHUANO
DOC-2025-03700;FAC;102618;CL0123;V006;CP45;FOODSERVICE;2025-06-27;2025-08-11;CLP;16686570;3170448;19857018;ACEPTADO;PLANTA_TALCAHUANO
DOC-2025-03757;FAC;102672;CL0161;V005;CP00;FOODSERVICE;2025-06-27;2025-06-27;CLP;12346467;2345829;14692296;ACEPTADO;CD_SANTIAGO
DOC-2025-03765;FAC;102679;CL0132;V005;CP30;FOODSERVICE;2025-06-27;2025-07-27;CLP;5042184;958015;6000199;ACEPTADO;PLANTA_TALCAHUANO
DOC-2025-03913;FAC;102812;CL0217;V007;CP60;FOODSERVICE;2025-06-27;2025-08-26;CLP;15104898;2869931;17974829;ACEPTADO;PLANTA_CORONEL
DOC-2025-03960;FAC;102856;CL0118;V007;CP45;FOODSERVICE;2025-06-27;2025-08-11;CLP;27164037;5161167;32325204;ACEPTADO;CD_SANTIAGO
DOC-2025-04013;FAC;102907;CL0295;V011;CP45;RETAIL;2025-06-27;2025-07-27;CLP;5182801;984732;6167533;ACEPTADO;CD_SANTIAGO
DOC-2025-04200;FAC;103084;CL0237;V011;CP60;RETAIL;2025-06-27;2025-08-26;CLP;2748847;522281;3271128;ACEPTADO;PLANTA_CORONEL
DOC-2025-04232;FAC;103116;CL0299;V011;CP30;RETAIL;2025-06-27;2025-07-27;CLP;14103188;2679606;16782794;ACEPTADO;PLANTA_TALCAHUANO
DOC-2025-04292;FAC;103172;CL0279;V010;CP45;RETAIL;2025-06-27;2025-08-11;CLP;25986813;4937494;30924307;ACEPTADO;CD_SANTIAGO
DOC-2025-02073;FEX;50435;CL0032;V002;CP60;EXPORTACION;2025-06-30;2025-08-29;USD;175953.91;0;175953.91;ACEPTADO;PLANTA_TALCAHUANO
DOC-2025-02357;FEX;50719;CL0032;V002;CP60;EXPORTACION;2025-06-30;2025-08-29;USD;90390.96;0;90390.96;ACEPTADO;PLANTA_QUELLON
DOC-2025-02827;FAC;101799;CL0129;V007;CP45;FOODSERVICE;2025-06-30;2025-08-14;CLP;6904095;1311778;8215873;ACEPTADO;PLANTA_CORONEL
DOC-2025-02979;FAC;101943;CL0197;V008;CP30;FOODSERVICE;2025-06-30;2025-09-28;CLP;2183315;414830;2598145;ACEPTADO;CD_SANTIAGO
DOC-2025-02123;FEX;50485;CL0032;V002;CP90;EXPORTACION;2025-07-01;2025-09-29;USD;47945.49;0;47945.49;ACEPTADO;PLANTA_CALDERA
DOC-2025-02376;FEX;50738;CL0003;V003;CP60;EXPORTACION;2025-07-01;2025-08-30;USD;10888.0;0;10888.0;ACEPTADO;PLANTA_CORONEL
DOC-2025-03388;FAC;102328;CL0155;V005;CP30;FOODSERVICE;2025-07-01;2025-07-31;CLP;5755374;1093521;6848895;ACEPTADO;PLANTA_CORONEL
DOC-2025-03451;FAC;102390;CL0137;V007;CP45;FOODSERVICE;2025-07-01;2025-08-15;CLP;10307620;1958448;12266068;ACEPTADO;PLANTA_TALCAHUANO
DOC-2025-02738;FEE;8147;CL0090;V007;CP30;FOODSERVICE;2025-07-02;2025-08-01;CLP;3439168;0;3439168;ACEPTADO;PLANTA_CORONEL
DOC-2025-04020;FAC;102914;CL0343;V011;CP30;RETAIL;2025-07-02;2025-08-01;CLP;8717168;1656262;10373430;ACEPTADO;CD_SANTIAGO
DOC-2025-02555;FAC;101548;CL0171;V008;CP30;FOODSERVICE;2025-07-03;2025-08-02;CLP;8051881;1529857;9581738;ACEPTADO;CD_SANTIAGO
DOC-2025-04113;FAC;103002;CL0330;V010;CP30;RETAIL;2025-07-03;2025-08-02;CLP;5741961;1090973;6832934;ACEPTADO;PLANTA_CORONEL
DOC-2025-02080;FEX;50442;CL0054;V003;CP60;EXPORTACION;2025-07-04;2025-09-02;USD;17681.44;0;17681.44;ACEPTADO;PLANTA_CORONEL
DOC-2025-02125;FEX;50487;CL0032;V002;CP60;EXPORTACION;2025-07-04;2025-09-02;USD;47355.37;0;47355.37;ACEPTADO;PLANTA_QUELLON
DOC-2025-02940;FAC;101904;CL0074;V007;CP30;FOODSERVICE;2025-07-04;2025-08-03;CLP;12552731;2385019;14937750;ACEPTADO;PLANTA_CORONEL
DOC-2025-02942;FAC;101906;CL0073;V005;CP45;FOODSERVICE;2025-07-04;2025-08-18;CLP;7542886;1433148;8976034;ACEPTADO;PLANTA_CORONEL
DOC-2025-03302;FAC;102249;CL0214;V008;CP00;FOODSERVICE;2025-07-04;2025-07-04;CLP;9801311;1862249;11663560;ACEPTADO;PLANTA_TALCAHUANO
DOC-2025-03523;FAC;102454;CL0075;V007;CP45;FOODSERVICE;2025-07-04;2025-08-18;CLP;12047295;2288986;14336281;ACEPTADO;PLANTA_TALCAHUANO
DOC-2025-04322;FAC;103201;CL0235;V012;CP90;RETAIL;2025-07-04;2025-10-02;CLP;12550449;2384585;14935034;ACEPTADO;PLANTA_TALCAHUANO
DOC-2025-02451;FEX;50813;CL0049;V003;CP60;EXPORTACION;2025-07-07;2025-09-05;USD;35654.88;0;35654.88;ACEPTADO;PLANTA_TALCAHUANO
DOC-2025-03304;FEE;8178;CL0122;V007;CP45;FOODSERVICE;2025-07-07;2025-08-21;CLP;2307696;0;2307696;ACEPTADO;PLANTA_CORONEL
DOC-2025-03473;FAC;102409;CL0114;V008;CP45;FOODSERVICE;2025-07-07;2025-08-21;CLP;2563576;487079;3050655;ACEPTADO;CD_SANTIAGO
DOC-2025-03859;FAC;102762;CL0081;V005;CP60;FOODSERVICE;2025-07-07;2025-09-05;CLP;3627801;689282;4317083;ACEPTADO;CD_SANTIAGO
DOC-2025-04008;FAC;102902;CL0301;V009;CP45;RETAIL;2025-07-07;2025-08-21;CLP;34465559;6548456;41014015;ACEPTADO;PLANTA_TALCAHUANO
DOC-2025-04022;FAC;102916;CL0331;V011;CP30;RETAIL;2025-07-07;2025-07-24;CLP;8698210;1652660;10350870;ACEPTADO;PLANTA_CORONEL
DOC-2025-02229;FEX;50591;CL0052;V001;CP60;EXPORTACION;2025-07-08;2025-09-06;USD;28580.44;0;28580.44;ACEPTADO;PLANTA_QUELLON
DOC-2025-02272;FEX;50634;CL0032;V002;CP90;EXPORTACION;2025-07-08;2025-10-06;CLP;35975115;0;35975115;ACEPTADO;PLANTA_TALCAHUANO
DOC-2025-02897;FAC;101864;CL0171;V008;CP60;FOODSERVICE;2025-07-08;2025-09-06;CLP;10430622;1981818;12412440;ACEPTADO;PLANTA_CORONEL
DOC-2025-03446;FAC;102385;CL0179;V006;CP00;FOODSERVICE;2025-07-08;2025-07-08;CLP;1997724;379568;2377292;ACEPTADO;PLANTA_TALCAHUANO
DOC-2025-03743;FAC;102658;CL0147;V005;CP30;FOODSERVICE;2025-07-08;2025-08-07;CLP;11466670;2178667;13645337;ACEPTADO;PLANTA_TALCAHUANO
DOC-2025-02850;FAC;101821;CL0174;V008;CP45;FOODSERVICE;2025-07-09;2025-08-23;CLP;2471928;469666;2941594;ACEPTADO;PLANTA_TALCAHUANO
DOC-2025-02998;FAC;101962;CL0118;V007;CP45;FOODSERVICE;2025-07-09;2025-08-23;CLP;7493288;1423725;8917013;ACEPTADO;PLANTA_CORONEL
DOC-2025-03027;FAC;101990;CL0217;V007;CP30;FOODSERVICE;2025-07-09;2025-08-08;CLP;39341421;7474870;46816291;ACEPTADO;PLANTA_CORONEL
DOC-2025-03232;FAC;102182;CL0193;V008;CP45;FOODSERVICE;2025-07-09;2025-08-23;CLP;22763730;4325109;27088839;ACEPTADO;PLANTA_TALCAHUANO
DOC-2025-02298;FEX;50660;CL0049;V003;CP90;EXPORTACION;2025-07-10;2025-10-08;USD;92228.23;0;92228.23;ACEPTADO;PLANTA_CALDERA
DOC-2025-03071;FAC;102033;CL0134;V007;CP30;FOODSERVICE;2025-07-10;2025-08-09;CLP;8847653;1681054;10528707;ACEPTADO;PLANTA_CORONEL
DOC-2025-03392;FAC;102332;CL0202;V005;CP30;FOODSERVICE;2025-07-10;2025-08-09;CLP;14706676;2794268;17500944;ACEPTADO;CD_SANTIAGO
DOC-2025-03899;FAC;102799;CL0073;V005;CP30;FOODSERVICE;2025-07-10;2025-08-09;CLP;8095213;1538090;9633303;ACEPTADO;PLANTA_TALCAHUANO
DOC-2025-03998;FAC;102893;CL0304;V009;CP45;RETAIL;2025-07-10;2025-08-24;CLP;7357680;1397959;8755639;RECLAMADO;PLANTA_TALCAHUANO
DOC-2025-04183;FAC;103069;CL0227;V009;CP90;RETAIL;2025-07-10;2025-10-08;CLP;11212654;2130404;13343058;ACEPTADO;PLANTA_CORONEL
DOC-2025-02487;FEX;50849;CL0012;V004;CP120;EXPORTACION;2025-07-11;2025-11-08;USD;81686.36;0;81686.36;ACEPTADO;PLANTA_TALCAHUANO
DOC-2025-03029;FAC;101992;CL0186;V007;CP45;FOODSERVICE;2025-07-11;2025-08-25;CLP;4966768;943686;5910454;ACEPTADO;PLANTA_TALCAHUANO
DOC-2025-03289;FAC;102236;CL0156;V008;CP30;FOODSERVICE;2025-07-11;2025-08-10;CLP;2875280;546303;3421583;ACEPTADO;CD_SANTIAGO
DOC-2025-03340;FAC;102283;CL0192;V006;CP60;FOODSERVICE;2025-07-11;2025-09-09;CLP;4561689;866721;5428410;ACEPTADO;CD_SANTIAGO
DOC-2025-03512;FAC;102446;CL0113;V005;CP45;FOODSERVICE;2025-07-11;2025-08-25;CLP;4812997;914469;5727466;ACEPTADO;CD_SANTIAGO
DOC-2025-03603;FAC;102532;CL0146;V005;CP30;FOODSERVICE;2025-07-11;2025-08-10;CLP;5805811;1103104;6908915;ACEPTADO;PLANTA_TALCAHUANO
DOC-2025-03645;FEE;8199;CL0104;V006;CP30;FOODSERVICE;2025-07-11;2025-08-10;CLP;19640246;0;19640246;ACEPTADO;PLANTA_TALCAHUANO
DOC-2025-03702;FAC;102620;CL0116;V006;CP45;FOODSERVICE;2025-07-11;2025-08-25;CLP;15510767;2947046;18457813;ACEPTADO;PLANTA_CORONEL
DOC-2025-02602;FAC;101591;CL0137;V007;CP45;FOODSERVICE;2025-07-14;2025-08-28;CLP;15573571;2958978;18532549;ACEPTADO;PLANTA_TALCAHUANO
DOC-2025-03175;FAC;102130;CL0159;V006;CP45;FOODSERVICE;2025-07-14;2025-08-28;CLP;4736294;899896;5636190;ACEPTADO;PLANTA_CORONEL
DOC-2025-03360;FAC;102302;CL0139;V008;CP45;FOODSERVICE;2025-07-14;2025-08-28;CLP;5289433;1004992;6294425;ACEPTADO;PLANTA_TALCAHUANO
DOC-2025-03428;FAC;102367;CL0162;V007;CP45;FOODSERVICE;2025-07-14;2025-08-28;CLP;1114169;211692;1325861;ACEPTADO;PLANTA_CORONEL
DOC-2025-03487;FAC;102422;CL0221;V005;CP45;FOODSERVICE;2025-07-14;2025-10-12;CLP;26450714;5025636;31476350;ACEPTADO;PLANTA_TALCAHUANO
DOC-2025-03822;FEE;8218;CL0200;V008;CP30;FOODSERVICE;2025-07-14;2025-08-13;CLP;2686451;0;2686451;ACEPTADO;PLANTA_TALCAHUANO
DOC-2025-04071;FAC;102961;CL0245;V011;CP90;RETAIL;2025-07-14;2025-10-12;CLP;26493258;5033719;31526977;ACEPTADO;CD_SANTIAGO
DOC-2025-04086;FAC;102976;CL0245;V011;CP45;RETAIL;2025-07-14;2025-08-28;CLP;48690190;9251136;57941326;ACEPTADO;PLANTA_TALCAHUANO
DOC-2025-04137;FAC;103026;CL0342;V011;CP60;RETAIL;2025-07-14;2025-09-12;CLP;14049229;2669354;16718583;ACEPTADO;CD_SANTIAGO
DOC-2025-04271;FAC;103152;CL0314;V009;CP30;RETAIL;2025-07-14;2025-08-13;CLP;7721087;1467007;9188094;ACEPTADO;PLANTA_CORONEL
DOC-2025-02269;FEX;50631;CL0034;V004;CP60;EXPORTACION;2025-07-15;2025-09-13;USD;104778.03;0;104778.03;ACEPTADO;PLANTA_QUELLON
DOC-2025-02297;FEX;50659;CL0048;V001;CP90;EXPORTACION;2025-07-15;2025-10-13;USD;58900.52;0;58900.52;ACEPTADO;PLANTA_TALCAHUANO
DOC-2025-02706;FAC;101686;CL0121;V007;CP30;FOODSERVICE;2025-07-15;2025-08-14;CLP;2817324;535292;3352616;ACEPTADO;PLANTA_TALCAHUANO
DOC-2025-02766;FAC;101741;CL0132;V005;CP45;FOODSERVICE;2025-07-15;2025-08-29;CLP;1056373;200711;1257084;ACEPTADO;PLANTA_TALCAHUANO
DOC-2025-02814;FAC;101787;CL0139;V008;CP45;FOODSERVICE;2025-07-15;2025-08-29;CLP;5026390;955014;5981404;ACEPTADO;CD_SANTIAGO
DOC-2025-02891;FAC;101859;CL0180;V006;CP30;FOODSERVICE;2025-07-15;2025-08-14;CLP;11473983;2180057;13654040;ACEPTADO;CD_SANTIAGO
DOC-2025-02907;FAC;101873;CL0169;V007;CP30;FOODSERVICE;2025-07-15;2025-08-14;CLP;1888783;358869;2247652;ACEPTADO;PLANTA_TALCAHUANO
DOC-2025-02913;FAC;101879;CL0094;V007;CP45;FOODSERVICE;2025-07-15;2025-08-29;CLP;5780368;1098270;6878638;ACEPTADO;CD_SANTIAGO
DOC-2025-03093;FEE;8164;CL0222;V005;CP45;FOODSERVICE;2025-07-15;2025-08-29;CLP;3157433;0;3157433;ACEPTADO;CD_SANTIAGO
DOC-2025-03102;FEE;8167;CL0074;V007;CP45;FOODSERVICE;2025-07-15;2025-08-29;CLP;18471030;0;18471030;ACEPTADO;PLANTA_TALCAHUANO
DOC-2025-03293;FAC;102240;CL0077;V007;CP45;FOODSERVICE;2025-07-15;2025-08-29;CLP;9739220;1850452;11589672;ACEPTADO;CD_SANTIAGO
DOC-2025-03399;FAC;102339;CL0200;V008;CP30;FOODSERVICE;2025-07-15;2025-08-14;CLP;10380060;1972211;12352271;ACEPTADO;PLANTA_CORONEL
DOC-2025-03500;FAC;102435;CL0135;V005;CP60;FOODSERVICE;2025-07-15;2025-09-13;CLP;2946150;559768;3505918;ACEPTADO;CD_SANTIAGO
DOC-2025-04012;FAC;102906;CL0279;V010;CP45;RETAIL;2025-07-15;2025-08-29;CLP;95846928;18210916;114057844;ACEPTADO;CD_SANTIAGO
DOC-2025-04028;FAC;102921;CL0339;V011;CP30;RETAIL;2025-07-15;2025-08-14;CLP;13496919;2564415;16061334;ANULADO;PLANTA_TALCAHUANO
DOC-2025-04141;FAC;103030;CL0245;V011;CP60;RETAIL;2025-07-15;2025-09-13;CLP;4248061;807132;5055193;ACEPTADO;CD_SANTIAGO
DOC-2025-02249;FEX;50611;CL0012;V004;CP90;EXPORTACION;2025-07-17;2025-10-15;USD;34389.72;0;34389.72;ACEPTADO;PLANTA_CORONEL
DOC-2025-02351;FEX;50713;CL0011;V002;CP60;EXPORTACION;2025-07-17;2025-09-15;USD;10848.2;0;10848.2;ACEPTADO;PLANTA_TALCAHUANO
DOC-2025-02399;FEX;50761;CL0032;V002;CP90;EXPORTACION;2025-07-17;2025-10-15;USD;208358.47;0;208358.47;ACEPTADO;PLANTA_QUELLON
DOC-2025-02622;FAC;101609;CL0073;V005;CP30;FOODSERVICE;2025-07-17;2025-08-16;CLP;3414061;648672;4062733;ACEPTADO;PLANTA_TALCAHUANO
DOC-2025-02915;FAC;101881;CL0118;V007;CP45;FOODSERVICE;2025-07-17;2025-08-31;CLP;10128172;1924353;12052525;ACEPTADO;PLANTA_TALCAHUANO
DOC-2025-03425;FAC;102364;CL0131;V006;CP45;FOODSERVICE;2025-07-17;2025-08-31;CLP;8845586;1680661;10526247;ACEPTADO;PLANTA_TALCAHUANO
DOC-2025-03618;FAC;102544;CL0152;V006;CP45;FOODSERVICE;2025-07-17;2025-10-30;CLP;6146688;1167871;7314559;ACEPTADO;PLANTA_CORONEL
DOC-2025-04100;FAC;102990;CL0311;V012;CP30;RETAIL;2025-07-17;2025-08-16;CLP;7869248;1495157;9364405;ACEPTADO;PLANTA_CORONEL
DOC-2025-04145;FAC;103034;CL0279;V010;CP30;RETAIL;2025-07-17;2025-08-16;CLP;32574675;6189188;38763863;ACEPTADO;PLANTA_CORONEL
DOC-2025-04264;FAC;103145;CL0297;V009;CP60;RETAIL;2025-07-17;2025-09-15;CLP;5438704;1033354;6472058;ACEPTADO;CD_SANTIAGO
DOC-2025-04311;FAC;103190;CL0279;V010;CP45;RETAIL;2025-07-17;2025-08-31;CLP;68079818;12935165;81014983;ACEPTADO;PLANTA_TALCAHUANO
DOC-2025-02112;FEX;50474;CL0023;V002;CP90;EXPORTACION;2025-07-18;2025-10-16;USD;30905.52;0;30905.52;ACEPTADO;PLANTA_QUELLON
DOC-2025-02124;FEX;50486;CL0032;V002;CP60;EXPORTACION;2025-07-18;2025-09-16;USD;41346.86;0;41346.86;ACEPTADO;PLANTA_TALCAHUANO
DOC-2025-02170;FEX;50532;CL0072;V004;CP90;EXPORTACION;2025-07-18;2025-10-16;USD;21148.83;0;21148.83;ACEPTADO;PLANTA_CALDERA
DOC-2025-02362;FEX;50724;CL0012;V004;CP120;EXPORTACION;2025-07-18;2025-11-15;USD;44874.24;0;44874.24;ACEPTADO;PLANTA_TALCAHUANO
DOC-2025-02365;FEX;50727;CL0024;V002;CP90;EXPORTACION;2025-07-18;2025-10-16;USD;22100.09;0;22100.09;ACEPTADO;PLANTA_CORONEL
DOC-2025-02424;FEX;50786;CL0034;V004;CP60;EXPORTACION;2025-07-18;2025-09-16;USD;112120.44;0;112120.44;ACEPTADO;PLANTA_TALCAHUANO
DOC-2025-02905;FAC;101871;CL0086;V008;CP45;FOODSERVICE;2025-07-18;2025-09-01;CLP;5410544;1028003;6438547;ACEPTADO;PLANTA_CORONEL
DOC-2025-03180;FEE;8170;CL0074;V007;CP45;FOODSERVICE;2025-07-18;2025-09-01;CLP;52727503;0;52727503;ACEPTADO;PLANTA_TALCAHUANO
DOC-2025-03264;FAC;102212;CL0161;V005;CP30;FOODSERVICE;2025-07-18;2025-08-17;CLP;58778249;11167867;69946116;ACEPTADO;PLANTA_CORONEL
DOC-2025-03331;FAC;102274;CL0155;V005;CP60;FOODSERVICE;2025-07-18;2025-09-16;CLP;1499262;284860;1784122;ACEPTADO;PLANTA_CORONEL
DOC-2025-03497;FAC;102432;CL0154;V005;CP45;FOODSERVICE;2025-07-18;2025-09-01;CLP;2666951;506721;3173672;ACEPTADO;PLANTA_CORONEL
DOC-2025-03501;FAC;102436;CL0172;V005;CP30;FOODSERVICE;2025-07-18;2025-08-17;CLP;7737636;1470151;9207787;ACEPTADO;PLANTA_CORONEL
DOC-2025-03606;FAC;102534;CL0118;V007;CP60;FOODSERVICE;2025-07-18;2025-09-16;CLP;3708666;704647;4413313;ACEPTADO;PLANTA_TALCAHUANO
DOC-2025-03752;FAC;102667;CL0147;V005;CP45;FOODSERVICE;2025-07-18;2025-09-01;CLP;4299685;816940;5116625;ACEPTADO;CD_SANTIAGO
DOC-2025-03816;FAC;102725;CL0127;V008;CP60;FOODSERVICE;2025-07-18;2025-09-16;CLP;5015692;952981;5968673;ACEPTADO;PLANTA_CORONEL
DOC-2025-03972;FAC;102868;CL0104;V006;CP30;FOODSERVICE;2025-07-18;2025-08-17;CLP;2228157;423350;2651507;ACEPTADO;PLANTA_TALCAHUANO
DOC-2025-04115;FAC;103004;CL0254;V010;CP45;RETAIL;2025-07-18;2025-09-01;CLP;7683231;1459814;9143045;ACEPTADO;CD_SANTIAGO
DOC-2025-04282;FAC;103162;CL0279;V010;CP30;RETAIL;2025-07-18;2025-08-17;CLP;23182684;4404710;27587394;ACEPTADO;PLANTA_TALCAHUANO
DOC-DUP-022;FAC;102667;CL0147;V005;CP45;FOODSERVICE;2025-07-18;2025-09-01;CLP;4299685;816940;5116625;ACEPTADO;CD_SANTIAGO
DOC-2025-03577;FAC;102507;CL0205;V007;CP30;FOODSERVICE;2025-07-21;2025-08-20;CLP;1651739;313830;1965569;ACEPTADO;CD_SANTIAGO
DOC-2025-02775;FAC;101750;CL0074;V007;CP30;FOODSERVICE;2025-07-22;2025-10-20;CLP;12472644;2369802;14842446;ACEPTADO;PLANTA_CORONEL
DOC-2025-03188;FAC;102141;CL0178;V008;CP30;FOODSERVICE;2025-07-22;2025-09-05;CLP;2968472;564010;3532482;ACEPTADO;CD_SANTIAGO
DOC-2025-03222;FAC;102172;CL0104;V006;CP60;FOODSERVICE;2025-07-22;2025-09-20;CLP;13263932;2520147;15784079;ACEPTADO;PLANTA_CORONEL
DOC-2025-04021;FAC;102915;CL0279;V010;CP30;RETAIL;2025-07-22;2025-08-21;CLP;52999361;10069879;63069240;ACEPTADO;PLANTA_TALCAHUANO
DOC-2025-02168;FEX;50530;CL0018;V003;CP60;EXPORTACION;2025-07-23;2025-09-21;USD;40521.02;0;40521.02;ACEPTADO;PLANTA_TALCAHUANO
DOC-2025-02262;FEX;50624;CL0048;V001;CP120;EXPORTACION;2025-07-23;2025-11-20;USD;124188.74;0;124188.74;ACEPTADO;PLANTA_QUELLON
DOC-2025-02871;FAC;101840;CL0120;V007;CP45;FOODSERVICE;2025-07-23;2025-09-06;CLP;9863579;1874080;11737659;ACEPTADO;PLANTA_TALCAHUANO
DOC-2025-03234;FAC;102184;CL0104;V006;CP30;FOODSERVICE;2025-07-23;2025-08-22;CLP;12140380;2306672;14447052;ACEPTADO;PLANTA_TALCAHUANO
DOC-2025-03573;FAC;102503;CL0120;V007;CP45;FOODSERVICE;2025-07-23;2025-09-06;CLP;9814962;1864843;11679805;ACEPTADO;PLANTA_CORONEL
DOC-2025-03597;FAC;102526;CL0123;V006;CP30;FOODSERVICE;2025-07-23;2025-08-22;CLP;8687204;1650569;10337773;ACEPTADO;PLANTA_TALCAHUANO
DOC-2025-04076;FAC;102966;CL0296;V011;CP45;RETAIL;2025-07-23;2025-09-06;CLP;22139318;4206470;26345788;ACEPTADO;PLANTA_CORONEL
DOC-2025-02464;FEX;50826;CL0032;V002;CP60;EXPORTACION;2025-07-24;2025-09-22;CLP;16512267;0;16512267;ACEPTADO;PLANTA_TALCAHUANO
DOC-2025-02479;FEX;50841;CL0021;V003;CP90;EXPORTACION;2025-07-24;2025-10-22;USD;50724.0;0;50724.0;ACEPTADO;PLANTA_TALCAHUANO
DOC-2025-02683;FAC;101666;CL0145;V008;CP30;FOODSERVICE;2025-07-24;2025-08-23;CLP;2695731;512189;3207920;ACEPTADO;PLANTA_CORONEL
DOC-2025-02820;FAC;101792;CL0206;V006;CP30;FOODSERVICE;2025-07-24;2025-08-23;CLP;3403015;646573;4049588;ACEPTADO;PLANTA_CORONEL
DOC-2025-02846;FAC;101817;CL0118;V007;CP00;FOODSERVICE;2025-07-24;2025-07-24;CLP;6498053;1234630;7732683;ACEPTADO;CD_SANTIAGO
DOC-2025-02919;FAC;101885;CL0118;V007;CP30;FOODSERVICE;2025-07-24;2025-08-23;CLP;31143487;5917263;37060750;ACEPTADO;CD_SANTIAGO
DOC-2025-03138;FAC;102095;CL0126;V005;CP60;FOODSERVICE;2025-07-24;2025-09-22;CLP;6177342;1173695;7351037;ACEPTADO;PLANTA_CORONEL
DOC-2025-03327;FAC;102270;CL0109;V007;CP30;FOODSERVICE;2025-07-24;2025-08-23;CLP;14179150;2694038;16873188;ACEPTADO;PLANTA_CORONEL
DOC-2025-03640;FAC;102566;CL0074;V007;CP30;FOODSERVICE;2025-07-24;2025-08-23;CLP;15111607;2871205;17982812;ACEPTADO;CD_SANTIAGO
DOC-2025-04164;FAC;103052;CL0301;V009;CP30;RETAIL;2025-07-24;2025-08-23;CLP;14168585;2692031;16860616;ACEPTADO;CD_SANTIAGO
DOC-2025-04274;FAC;103155;CL0279;V010;CP45;RETAIL;2025-07-24;2025-09-07;CLP;20651668;3923817;24575485;ACEPTADO;PLANTA_TALCAHUANO
DOC-2025-02028;FEX;50390;CL0062;V004;CP90;EXPORTACION;2025-07-25;2025-10-23;USD;52642.01;0;52642.01;ANULADO;PLANTA_QUELLON
DOC-2025-02140;FEX;50502;CL0029;V001;CP90;EXPORTACION;2025-07-25;2025-10-23;USD;24073.97;0;24073.97;ACEPTADO;PLANTA_CALDERA
DOC-2025-02287;FEX;50649;CL0032;V002;CP90;EXPORTACION;2025-07-25;2025-10-23;USD;206357.21;0;206357.21;ACEPTADO;PLANTA_CALDERA
DOC-2025-02652;FAC;101636;CL0162;V007;CP30;FOODSERVICE;2025-07-25;2025-08-24;CLP;5700577;1083110;6783687;ACEPTADO;CD_SANTIAGO
DOC-2025-03114;FAC;102071;CL0186;V007;CP30;FOODSERVICE;2025-07-25;2025-08-24;CLP;21562777;4096928;25659705;ACEPTADO;PLANTA_CORONEL
DOC-2025-03351;FAC;102294;CL0143;V006;CP60;FOODSERVICE;2025-07-25;2025-09-23;CLP;3481115;661412;4142527;ACEPTADO;PLANTA_TALCAHUANO
DOC-2025-03411;FAC;102350;CL0215;V008;CP60;FOODSERVICE;2025-07-25;2025-09-23;CLP;4109366;780780;4890146;ACEPTADO;PLANTA_TALCAHUANO
DOC-2025-03444;FAC;102383;CL0179;V006;CP45;FOODSERVICE;2025-07-25;2025-09-08;CLP;5221368;992060;6213428;ACEPTADO;CD_SANTIAGO
DOC-2025-03470;FAC;102406;CL0099;V008;CP30;FOODSERVICE;2025-07-25;2025-08-24;CLP;7350355;1396567;8746922;ACEPTADO;CD_SANTIAGO
DOC-2025-03499;FAC;102434;CL0197;V008;CP30;FOODSERVICE;2025-07-25;2025-08-24;CLP;3323310;631429;3954739;ACEPTADO;PLANTA_CORONEL
DOC-2025-03541;FAC;102472;CL0156;V008;CP30;FOODSERVICE;2025-07-25;2025-08-24;CLP;4099971;778994;4878965;ACEPTADO;PLANTA_TALCAHUANO
DOC-2025-04005;FAC;102899;CL0259;V010;CP90;RETAIL;2025-07-25;2025-11-17;CLP;27144834;5157518;32302352;ACEPTADO;PLANTA_TALCAHUANO
DOC-2025-04110;FAC;103000;CL0246;V009;CP60;RETAIL;2025-07-25;2025-09-23;CLP;8048339;1529184;9577523;ACEPTADO;PLANTA_CORONEL
DOC-2025-04153;FAC;103041;CL0343;V011;CP60;RETAIL;2025-07-25;2025-09-23;CLP;5749487;1092403;6841890;RECLAMADO;CD_SANTIAGO
DOC-2025-02343;FEX;50705;CL0034;V004;CP90;EXPORTACION;2025-07-28;2025-07-19;USD;24728.6;0;24728.6;ACEPTADO;PLANTA_CALDERA
DOC-2025-02946;FAC;101910;CL0099;V008;CP30;FOODSERVICE;2025-07-28;2025-08-27;CLP;3173876;603036;3776912;ACEPTADO;PLANTA_TALCAHUANO
DOC-2025-03028;FAC;101991;CL0090;V007;CP45;FOODSERVICE;2025-07-28;2025-09-11;CLP;11950831;2270658;14221489;ACEPTADO;PLANTA_TALCAHUANO
DOC-2025-03062;FAC;102024;CL0112;V008;CP60;FOODSERVICE;2025-07-28;2025-09-26;CLP;3611005;686091;4297096;ACEPTADO;PLANTA_TALCAHUANO
DOC-2025-03112;FAC;102069;CL0186;V007;CP00;FOODSERVICE;2025-07-28;2025-07-28;CLP;3209432;609792;3819224;ACEPTADO;CD_SANTIAGO
DOC-2025-03218;FAC;102168;CL0108;V005;CP00;FOODSERVICE;2025-07-28;2025-07-28;CLP;1136887;216009;1352896;ACEPTADO;PLANTA_CORONEL
DOC-2025-03456;FEE;8186;CL0092;V005;CP60;FOODSERVICE;2025-07-28;2025-09-26;CLP;3358339;0;3358339;ACEPTADO;PLANTA_CORONEL
DOC-2025-03652;FAC;102575;CL0074;V007;CP60;FOODSERVICE;2025-07-28;2025-09-26;CLP;16039226;3047453;19086679;ACEPTADO;PLANTA_CORONEL
DOC-2025-04287;FAC;103167;CL0270;V012;CP30;RETAIL;2025-07-28;2025-08-27;CLP;7419210;1409650;8828860;ANULADO;PLANTA_TALCAHUANO
DOC-2025-04352;FAC;103229;CL0228;V010;CP45;RETAIL;2025-07-28;2025-09-11;CLP;9105184;1729985;10835169;ACEPTADO;CD_SANTIAGO
DOC-2025-02143;FEX;50505;CL0014;V003;CP60;EXPORTACION;2025-07-29;2025-09-27;USD;26712.72;0;26712.72;ACEPTADO;PLANTA_CALDERA
DOC-2025-02303;FEX;50665;CL0032;V002;CP60;EXPORTACION;2025-07-29;2025-09-27;USD;82446.8;0;82446.8;ACEPTADO;PLANTA_CALDERA
DOC-2025-02484;FEX;50846;CL0056;V002;CP120;EXPORTACION;2025-07-29;2025-11-26;USD;130717.64;0;130717.64;ACEPTADO;PLANTA_CALDERA
DOC-2025-02646;FAC;101630;CL0073;V005;CP30;FOODSERVICE;2025-07-29;2025-08-28;CLP;5410425;1027981;6438406;ACEPTADO;CD_SANTIAGO
DOC-2025-03639;FAC;102565;CL0116;V006;CP30;FOODSERVICE;2025-07-29;2025-08-28;CLP;9241310;1755849;10997159;ACEPTADO;CD_SANTIAGO
DOC-2025-03827;FAC;102733;CL0075;V007;CP30;FOODSERVICE;2025-07-29;2025-08-28;CLP;2048454;389206;2437660;ACEPTADO;CD_SANTIAGO
DOC-2025-03242;FAC;102192;CL0164;V007;CP00;FOODSERVICE;2025-07-30;2025-07-30;CLP;4090667;777227;4867894;ANULADO;CD_SANTIAGO
DOC-2025-03476;FAC;102412;CL0154;V005;CP45;FOODSERVICE;2025-07-30;2025-08-24;CLP;7216085;1371056;8587141;ACEPTADO;PLANTA_CORONEL
DOC-2025-03582;FAC;102512;CL0078;V008;CP30;FOODSERVICE;2025-07-30;2025-09-13;CLP;14039570;2667518;16707088;ACEPTADO;PLANTA_TALCAHUANO
DOC-2025-02598;FEE;8134;CL0183;V005;CP45;FOODSERVICE;2025-07-31;2025-09-14;CLP;4843627;0;4843627;ACEPTADO;PLANTA_CORONEL
DOC-2025-04136;FAC;103025;CL0283;V012;CP45;RETAIL;2025-07-31;2025-09-14;CLP;10277761;1952775;12230536;ACEPTADO;PLANTA_CORONEL
DOC-2025-04304;FAC;103184;CL0319;V012;CP45;RETAIL;2025-07-31;2025-09-14;CLP;10076385;1914513;11990898;ACEPTADO;CD_SANTIAGO
DOC-2025-02180;FEX;50542;CL0009;V002;CP60;EXPORTACION;2025-08-01;2025-09-30;USD;38518.31;0;38518.31;ACEPTADO;PLANTA_CALDERA
DOC-2025-02324;FEX;50686;CL0047;V003;CP120;EXPORTACION;2025-08-01;2025-11-29;USD;52647.47;0;52647.47;ACEPTADO;PLANTA_TALCAHUANO
DOC-2025-02417;FEX;50779;CL0008;V002;CP90;EXPORTACION;2025-08-01;2025-10-30;USD;14595.12;0;14595.12;ACEPTADO;PLANTA_QUELLON
DOC-2025-02507;FEX;50869;CL0032;V002;CP90;EXPORTACION;2025-08-01;2025-10-30;USD;101777.16;0;101777.16;ACEPTADO;PLANTA_CORONEL
DOC-2025-02551;FAC;101544;CL0143;V006;CP30;FOODSERVICE;2025-08-01;2025-08-31;CLP;2716511;516137;3232648;ACEPTADO;CD_SANTIAGO
DOC-2025-02628;FAC;101615;CL0208;V007;CP45;FOODSERVICE;2025-08-01;2025-09-15;CLP;3160880;600567;3761447;ACEPTADO;PLANTA_TALCAHUANO
DOC-2025-02657;FAC;101640;CL0143;V006;CP30;FOODSERVICE;2025-08-01;2025-08-31;CLP;3956289;751695;4707984;ACEPTADO;PLANTA_CORONEL
DOC-2025-02708;FAC;101688;CL0199;V008;CP45;FOODSERVICE;2025-08-01;2025-09-15;CLP;6332296;1203136;7535432;ACEPTADO;CD_SANTIAGO
DOC-2025-02838;FAC;101810;CL0074;V007;CP00;FOODSERVICE;2025-08-01;2025-08-01;CLP;14438293;2743276;17181569;ACEPTADO;PLANTA_TALCAHUANO
DOC-2025-02884;FAC;101853;CL0084;V005;CP00;FOODSERVICE;2025-08-01;2025-08-01;CLP;4866739;924680;5791419;ACEPTADO;PLANTA_CORONEL
DOC-2025-02943;FAC;101907;CL0097;V007;CP30;FOODSERVICE;2025-08-01;2025-08-31;CLP;11736604;2229955;13966559;ACEPTADO;PLANTA_CORONEL
DOC-2025-02994;FAC;101958;CL0137;V007;CP30;FOODSERVICE;2025-08-01;2025-08-31;CLP;8768493;1666014;10434507;ACEPTADO;CD_SANTIAGO
DOC-2025-03043;FAC;102005;CL0074;V007;CP45;FOODSERVICE;2025-08-01;2025-09-15;CLP;18566407;3527617;22094024;ACEPTADO;PLANTA_TALCAHUANO
DOC-2025-03211;FAC;102161;CL0146;V005;CP45;FOODSERVICE;2025-08-01;2025-09-15;CLP;1746887;331909;2078796;ACEPTADO;PLANTA_CORONEL
DOC-2025-03269;FEE;8177;CL0116;V006;CP30;FOODSERVICE;2025-08-01;2025-08-31;CLP;45274671;0;45274671;ACEPTADO;CD_SANTIAGO
DOC-2025-03851;FAC;102755;CL0161;V005;CP30;FOODSERVICE;2025-08-01;2025-08-31;CLP;5702775;1083527;6786302;ACEPTADO;CD_SANTIAGO
DOC-2025-03970;FAC;102866;CL0148;V006;CP60;FOODSERVICE;2025-08-01;2025-09-30;CLP;5394387;1024934;6419321;ACEPTADO;PLANTA_CORONEL
DOC-2025-04144;FAC;103033;CL0323;V011;CP45;RETAIL;2025-08-01;2025-09-15;CLP;6387650;1213654;7601304;ACEPTADO;PLANTA_CORONEL
DOC-2025-04160;FAC;103048;CL0279;V010;CP45;RETAIL;2025-08-01;2025-09-15;CLP;20473356;3889938;24363294;ACEPTADO;PLANTA_TALCAHUANO
DOC-2025-02183;FEX;50545;CL0049;V003;CP60;EXPORTACION;2025-08-04;2025-10-03;USD;31247.14;0;31247.14;ACEPTADO;PLANTA_QUELLON
DOC-2025-02354;FEX;50716;CL0012;V004;CP120;EXPORTACION;2025-08-04;2025-12-02;USD;59759.85;0;59759.85;RECLAMADO;PLANTA_TALCAHUANO
DOC-2025-02538;FAC;101531;CL0130;V008;CP60;FOODSERVICE;2025-08-04;2025-10-03;CLP;1755889;333619;2089508;ACEPTADO;PLANTA_TALCAHUANO
DOC-2025-03243;FAC;102193;CL0194;V008;CP30;FOODSERVICE;2025-08-04;2025-09-03;CLP;2277522;432729;2710251;ACEPTADO;CD_SANTIAGO
DOC-2025-03309;FAC;102255;CL0114;V008;CP30;FOODSERVICE;2025-08-04;2025-09-03;CLP;4507667;856457;5364124;ACEPTADO;CD_SANTIAGO
DOC-2025-03370;FAC;102312;CL0117;V008;CP30;FOODSERVICE;2025-08-04;2025-09-03;CLP;4076233;774484;4850717;ACEPTADO;CD_SANTIAGO
DOC-2025-03524;FAC;102455;CL0207;V008;CP45;FOODSERVICE;2025-08-04;2025-09-18;CLP;737264;140080;877344;ACEPTADO;PLANTA_CORONEL
DOC-2025-03974;FAC;102870;CL0160;V006;CP30;FOODSERVICE;2025-08-04;2025-09-03;CLP;4504260;855809;5360069;ACEPTADO;PLANTA_CORONEL
DOC-2025-04025;FEE;8231;CL0245;V011;CP90;RETAIL;2025-08-04;2025-11-02;CLP;60772495;0;60772495;ACEPTADO;CD_SANTIAGO
DOC-2025-04347;FAC;103224;CL0329;V011;CP45;RETAIL;2025-08-04;2025-09-18;CLP;7942050;1508990;9451040;ACEPTADO;CD_SANTIAGO
DOC-2025-02523;FAC;101519;CL0156;V008;CP30;FOODSERVICE;2025-08-05;2025-09-04;CLP;2161161;410621;2571782;ACEPTADO;PLANTA_CORONEL
DOC-2025-02584;FAC;101576;CL0080;V007;CP30;FOODSERVICE;2025-08-05;2025-09-04;CLP;1879035;357017;2236052;ACEPTADO;PLANTA_CORONEL
DOC-2025-02665;FAC;101648;CL0189;V008;CP30;FOODSERVICE;2025-08-05;2025-09-04;CLP;3072457;583767;3656224;ACEPTADO;PLANTA_TALCAHUANO
DOC-2025-02810;FAC;101783;CL0073;V005;CP60;FOODSERVICE;2025-08-05;2025-09-19;CLP;6938908;1318393;8257301;RECLAMADO;PLANTA_CORONEL
DOC-2025-02821;FAC;101793;CL0203;V008;CP30;FOODSERVICE;2025-08-05;2025-09-04;CLP;2733049;519279;3252328;ACEPTADO;CD_SANTIAGO
DOC-2025-03090;FAC;102051;CL0217;V007;CP60;FOODSERVICE;2025-08-05;2025-10-04;CLP;5604510;1064857;6669367;ACEPTADO;PLANTA_TALCAHUANO
DOC-2025-03096;FEE;8165;CL0166;V008;CP30;FOODSERVICE;2025-08-05;2025-09-04;CLP;16597792;0;16597792;ACEPTADO;PLANTA_TALCAHUANO
DOC-2025-04088;FAC;102978;CL0245;V011;CP90;RETAIL;2025-08-05;2025-11-03;CLP;36400147;6916028;43316175;ACEPTADO;PLANTA_TALCAHUANO
DOC-2025-03403;FAC;102342;CL0180;V006;CP30;FOODSERVICE;2025-08-06;2025-09-05;CLP;727760;138274;866034;ACEPTADO;PLANTA_TALCAHUANO
DOC-2025-04180;FAC;103066;CL0321;V010;CP30;RETAIL;2025-08-06;2025-09-05;CLP;26785888;5089319;31875207;ACEPTADO;PLANTA_TALCAHUANO
DOC-2025-02178;FEX;50540;CL0026;V001;CP120;EXPORTACION;2025-08-07;2025-12-05;USD;145810.42;0;145810.42;ACEPTADO;PLANTA_CORONEL
DOC-2025-02253;FEX;50615;CL0032;V002;CP60;EXPORTACION;2025-08-07;2025-10-06;USD;119452.58;0;119452.58;ACEPTADO;PLANTA_CORONEL
DOC-2025-02957;FAC;101921;CL0193;V008;CP30;FOODSERVICE;2025-08-07;2025-09-06;CLP;12724843;2417720;15142563;ACEPTADO;CD_SANTIAGO
DOC-2025-03480;FAC;102416;CL0114;V008;CP45;FOODSERVICE;2025-08-07;2025-09-21;CLP;4760942;904579;5665521;ACEPTADO;CD_SANTIAGO
DOC-2025-04157;FAC;103045;CL0324;V011;CP45;RETAIL;2025-08-07;2025-09-21;CLP;9831591;1868002;11699593;ACEPTADO;PLANTA_TALCAHUANO
DOC-2025-04199;FAC;103083;CL0304;V009;CP30;RETAIL;2025-08-07;2025-09-06;CLP;10832527;2058180;12890707;ACEPTADO;CD_SANTIAGO
DOC-2025-02189;FEX;50551;CL0025;V002;CP60;EXPORTACION;2025-08-08;2025-11-21;USD;26468.4;0;26468.4;ACEPTADO;PLANTA_QUELLON
DOC-2025-02290;FEX;50652;CL0048;V001;CP90;EXPORTACION;2025-08-08;2025-11-06;USD;26019.28;0;26019.28;ACEPTADO;PLANTA_TALCAHUANO
DOC-2025-02398;FEX;50760;CL0062;V004;CP90;EXPORTACION;2025-08-08;2025-11-06;USD;20617.79;0;20617.79;ACEPTADO;PLANTA_QUELLON
DOC-2025-02412;FEX;50774;CL0034;V004;CP90;EXPORTACION;2025-08-08;2025-11-06;CLP;65233839;0;65233839;ACEPTADO;PLANTA_CORONEL
DOC-2025-02436;FEX;50798;CL0072;V004;CP90;EXPORTACION;2025-08-08;2025-11-06;USD;17870.42;0;17870.42;ACEPTADO;PLANTA_CALDERA
DOC-2025-02456;FEX;50818;CL0032;V002;CP90;EXPORTACION;2025-08-08;2025-11-06;USD;77323.54;0;77323.54;ACEPTADO;PLANTA_CALDERA
DOC-2025-02520;FAC;101517;CL0085;V008;CP30;FOODSERVICE;2025-08-08;2025-09-07;CLP;4478823;850976;5329799;ACEPTADO;CD_SANTIAGO
DOC-2025-02688;FAC;101670;CL0192;V006;CP30;FOODSERVICE;2025-08-08;2025-09-22;CLP;7925136;1505776;9430912;ACEPTADO;CD_SANTIAGO
DOC-2025-02724;FAC;101703;CL0192;V006;CP30;FOODSERVICE;2025-08-08;2025-09-07;CLP;5365920;1019525;6385445;ACEPTADO;PLANTA_CORONEL
DOC-2025-02801;FAC;101776;CL0074;V007;CP30;FOODSERVICE;2025-08-08;2025-09-07;CLP;11678020;2218824;13896844;ANULADO;CD_SANTIAGO
DOC-2025-02962;FAC;101926;CL0143;V006;CP30;FOODSERVICE;2025-08-08;2025-09-07;CLP;3454809;656414;4111223;ACEPTADO;PLANTA_CORONEL
DOC-2025-02975;FAC;101939;CL0112;V008;CP60;FOODSERVICE;2025-08-08;2025-10-07;CLP;4077717;774766;4852483;ACEPTADO;PLANTA_TALCAHUANO
DOC-2025-03061;FAC;102023;CL0208;V007;CP60;FOODSERVICE;2025-08-08;2025-10-07;CLP;4245585;806661;5052246;ACEPTADO;CD_SANTIAGO
DOC-2025-03181;FAC;102135;CL0118;V007;CP00;FOODSERVICE;2025-08-08;2025-08-08;CLP;5722606;1087295;6809901;ACEPTADO;PLANTA_CORONEL
DOC-2025-03321;FAC;102266;CL0112;V008;CP45;FOODSERVICE;2025-08-08;2025-09-22;CLP;10134601;1925574;12060175;ACEPTADO;CD_SANTIAGO
DOC-2025-03423;FAC;102362;CL0118;V007;CP00;FOODSERVICE;2025-08-08;2025-08-08;CLP;8785676;1669278;10454954;ACEPTADO;CD_SANTIAGO
DOC-2025-03835;FAC;102741;CL0157;V007;CP30;FOODSERVICE;2025-08-08;2025-09-07;CLP;933158;177300;1110458;ACEPTADO;PLANTA_CORONEL
DOC-2025-03914;FAC;102813;CL0184;V005;CP30;FOODSERVICE;2025-08-08;2025-09-07;CLP;4666213;886580;5552793;ACEPTADO;CD_SANTIAGO
DOC-2025-03945;FAC;102842;CL0103;V005;CP00;FOODSERVICE;2025-08-08;2025-08-08;CLP;5285211;1004190;6289401;ACEPTADO;PLANTA_TALCAHUANO
DOC-2025-04146;FAC;103035;CL0299;V011;CP60;RETAIL;2025-08-08;2025-09-17;CLP;21467124;4078754;25545878;ACEPTADO;CD_SANTIAGO
DOC-2025-04171;FAC;103059;CL0224;V010;CP60;RETAIL;2025-08-08;2025-10-07;CLP;8398307;1595678;9993985;ACEPTADO;PLANTA_CORONEL
DOC-DUP-011;FAC;101670;CL0192;V006;CP30;FOODSERVICE;2025-08-08;2025-09-22;CLP;7925136;1505776;9430912;ACEPTADO;CD_SANTIAGO
DOC-2025-02340;FEX;50702;CL0032;V002;CP60;EXPORTACION;2025-08-11;2025-10-10;USD;61035.1;0;61035.1;ACEPTADO;PLANTA_QUELLON
DOC-2025-02552;FAC;101545;CL0087;V007;CP45;FOODSERVICE;2025-08-11;2025-09-25;CLP;4278652;812944;5091596;ACEPTADO;PLANTA_CORONEL
DOC-2025-04123;FAC;103012;CL0331;V011;CP30;RETAIL;2025-08-11;2025-09-10;CLP;10120335;1922864;12043199;ANULADO;CD_SANTIAGO
DOC-2025-04342;FAC;103219;CL0231;V009;CP90;RETAIL;2025-08-11;2025-11-09;CLP;8327615;1582247;9909862;ACEPTADO;PLANTA_TALCAHUANO
DOC-2025-02225;FEX;50587;CL0047;V003;CP90;EXPORTACION;2025-08-12;2025-11-10;USD;5209.58;0;5209.58;ACEPTADO;PLANTA_QUELLON
DOC-2025-02803;FAC;101777;CL0131;V006;CP30;FOODSERVICE;2025-08-12;2025-09-11;CLP;8117022;1542234;9659256;ACEPTADO;PLANTA_TALCAHUANO
DOC-2025-03036;FAC;101998;CL0120;V007;CP45;FOODSERVICE;2025-08-12;2025-09-26;CLP;1979429;376092;2355521;ACEPTADO;PLANTA_CORONEL
DOC-2025-03155;FAC;102110;CL0158;V007;CP45;FOODSERVICE;2025-08-12;2025-09-26;CLP;892222;169522;1061744;ACEPTADO;PLANTA_CORONEL
DOC-2025-03951;FAC;102848;CL0215;V008;CP60;FOODSERVICE;2025-08-12;2025-10-11;CLP;11007042;2091338;13098380;ACEPTADO;PLANTA_CORONEL
DOC-2025-04011;FAC;102905;CL0288;V010;CP45;RETAIL;2025-08-12;2025-09-26;CLP;61230374;11633771;72864145;ACEPTADO;CD_SANTIAGO
DOC-2025-02508;FEX;50870;CL0022;V001;CP60;EXPORTACION;2025-08-13;2025-10-12;USD;43180.18;0;43180.18;ACEPTADO;PLANTA_CORONEL
DOC-2025-02590;FAC;101581;CL0180;V006;CP30;FOODSERVICE;2025-08-13;2025-09-12;CLP;9786738;1859480;11646218;ACEPTADO;CD_SANTIAGO
DOC-2025-02663;FAC;101646;CL0091;V007;CP30;FOODSERVICE;2025-08-13;2025-09-12;CLP;4930542;936803;5867345;ACEPTADO;PLANTA_CORONEL
DOC-2025-03162;FAC;102117;CL0192;V006;CP30;FOODSERVICE;2025-08-13;2025-09-12;CLP;15462123;2937803;18399926;ACEPTADO;PLANTA_TALCAHUANO
DOC-2025-03625;FAC;102551;CL0136;V008;CP45;FOODSERVICE;2025-08-13;2025-09-27;CLP;850016;161503;1011519;ACEPTADO;CD_SANTIAGO
DOC-2025-04054;FAC;102944;CL0256;V009;CP60;RETAIL;2025-08-13;2025-07-08;CLP;29602745;5624522;35227267;ACEPTADO;PLANTA_TALCAHUANO
DOC-2025-04281;FEE;8244;CL0301;V009;CP45;RETAIL;2025-08-13;2025-09-27;CLP;11158035;0;11158035;ACEPTADO;PLANTA_CORONEL
DOC-2025-02086;FEX;50448;CL0045;V003;CP60;EXPORTACION;2025-08-14;2025-10-13;USD;19628.85;0;19628.85;ACEPTADO;PLANTA_CORONEL
DOC-2025-02089;FEX;50451;CL0057;V004;CP60;EXPORTACION;2025-08-14;2025-05-10;USD;23525.89;0;23525.89;ACEPTADO;PLANTA_CORONEL
DOC-2025-02103;FEX;50465;CL0064;V002;CP90;EXPORTACION;2025-08-14;2025-11-12;USD;23143.07;0;23143.07;ACEPTADO;PLANTA_QUELLON
DOC-2025-02110;FEX;50472;CL0034;V004;CP60;EXPORTACION;2025-08-14;2025-10-13;USD;22543.53;0;22543.53;ACEPTADO;PLANTA_QUELLON
DOC-2025-02167;FEX;50529;CL0032;V002;CP60;EXPORTACION;2025-08-14;2025-10-13;USD;39115.18;0;39115.18;ACEPTADO;PLANTA_QUELLON
DOC-2025-02284;FEX;50646;CL0012;V004;CP120;EXPORTACION;2025-08-14;2025-12-12;USD;165031.94;0;165031.94;ACEPTADO;PLANTA_CORONEL
DOC-2025-02505;FEX;50867;CL0068;V002;CP120;EXPORTACION;2025-08-14;2025-12-12;USD;174123.86;0;174123.86;ACEPTADO;PLANTA_CORONEL
DOC-2025-02582;FAC;101574;CL0180;V006;CP45;FOODSERVICE;2025-08-14;2025-09-28;CLP;1322291;251235;1573526;ACEPTADO;PLANTA_CORONEL
DOC-2025-02715;FAC;101694;CL0217;V007;CP45;FOODSERVICE;2025-08-14;2025-09-28;CLP;11768606;2236035;14004641;ACEPTADO;CD_SANTIAGO
DOC-2025-02726;FEE;8146;CL0165;V007;CP30;FOODSERVICE;2025-08-14;2025-09-13;CLP;3962330;0;3962330;ACEPTADO;PLANTA_TALCAHUANO
DOC-2025-02839;FAC;101811;CL0193;V008;CP30;FOODSERVICE;2025-08-14;2025-09-13;CLP;3690105;701120;4391225;ACEPTADO;CD_SANTIAGO
DOC-2025-03249;FAC;102198;CL0106;V008;CP30;FOODSERVICE;2025-08-14;2025-09-13;CLP;2737856;520193;3258049;ACEPTADO;PLANTA_TALCAHUANO
DOC-2025-03384;FAC;102324;CL0217;V007;CP30;FOODSERVICE;2025-08-14;2025-09-13;CLP;16772401;3186756;19959157;ACEPTADO;PLANTA_TALCAHUANO
DOC-2025-03387;FAC;102327;CL0208;V007;CP30;FOODSERVICE;2025-08-14;2025-09-13;CLP;10238564;1945327;12183891;ACEPTADO;PLANTA_TALCAHUANO
DOC-2025-03621;FAC;102547;CL0165;V007;CP45;FOODSERVICE;2025-08-14;2025-09-28;CLP;6471797;1229641;7701438;ACEPTADO;PLANTA_CORONEL
DOC-2025-03771;FAC;102685;CL0193;V008;CP45;FOODSERVICE;2025-08-14;2025-09-28;CLP;8181556;1554496;9736052;RECLAMADO;CD_SANTIAGO
DOC-2025-03779;FAC;102692;CL0105;V006;CP30;FOODSERVICE;2025-08-14;2025-09-13;CLP;8542057;1622991;10165048;ACEPTADO;PLANTA_TALCAHUANO
DOC-2025-03798;FAC;102708;CL0133;V008;CP45;FOODSERVICE;2025-08-14;2025-09-28;CLP;4778143;907847;5685990;ACEPTADO;PLANTA_CORONEL
DOC-2025-04016;FAC;102910;CL0279;V010;CP45;RETAIL;2025-08-14;2025-09-28;CLP;54092447;10277565;64370012;ACEPTADO;CD_SANTIAGO
DOC-2025-04039;FAC;102931;CL0341;V010;CP45;RETAIL;2025-08-14;2025-09-28;CLP;18688949;3550900;22239849;ACEPTADO;PLANTA_TALCAHUANO
DOC-2025-04098;FAC;102988;CL0279;V010;CP45;RETAIL;2025-08-14;2025-09-28;CLP;45099454;8568896;53668350;ACEPTADO;CD_SANTIAGO
DOC-2025-04203;FAC;103087;CL0266;V012;CP60;RETAIL;2025-08-14;2025-10-13;CLP;31908291;6062575;37970866;ACEPTADO;PLANTA_CORONEL
DOC-2025-02422;FEX;50784;CL0012;V004;CP90;EXPORTACION;2025-08-18;2025-11-16;USD;20562.98;0;20562.98;ACEPTADO;PLANTA_QUELLON
DOC-2025-02765;FAC;101740;CL0128;V005;CP30;FOODSERVICE;2025-08-18;2025-09-17;CLP;3884399;738036;4622435;ACEPTADO;PLANTA_CORONEL
DOC-2025-02772;FAC;101747;CL0159;V006;CP30;FOODSERVICE;2025-08-18;2025-09-17;CLP;12193152;2316699;14509851;ACEPTADO;CD_SANTIAGO
DOC-2025-03792;FAC;102702;CL0166;V008;CP45;FOODSERVICE;2025-08-18;2025-10-02;CLP;2661857;505753;3167610;ACEPTADO;PLANTA_TALCAHUANO
DOC-2025-02333;FEX;50695;CL0012;V004;CP60;EXPORTACION;2025-08-19;2025-10-18;USD;16958.83;0;16958.83;ACEPTADO;PLANTA_TALCAHUANO
DOC-2025-04348;FAC;103225;CL0344;V010;CP30;RETAIL;2025-08-19;2025-09-18;CLP;5531706;1051024;6582730;ACEPTADO;PLANTA_TALCAHUANO
DOC-2025-02397;FEX;50759;CL0014;V003;CP60;EXPORTACION;2025-08-20;2025-10-19;CLP;12782906;0;12782906;ACEPTADO;PLANTA_QUELLON
DOC-2025-02535;FAC;101528;CL0161;V005;CP45;FOODSERVICE;2025-08-20;2025-10-04;CLP;6428586;1221431;7650017;ACEPTADO;CD_SANTIAGO
DOC-2025-02629;FAC;101616;CL0161;V005;CP00;FOODSERVICE;2025-08-20;2025-08-20;CLP;7503543;1425673;8929216;ACEPTADO;PLANTA_TALCAHUANO
DOC-2025-02637;FAC;101622;CL0123;V006;CP60;FOODSERVICE;2025-08-20;2025-10-19;CLP;9923888;1885539;11809427;ACEPTADO;PLANTA_CORONEL
DOC-2025-02787;FAC;101762;CL0168;V005;CP30;FOODSERVICE;2025-08-20;2025-09-19;CLP;4404837;836919;5241756;ACEPTADO;PLANTA_CORONEL
DOC-2025-03478;FAC;102414;CL0196;V006;CP60;FOODSERVICE;2025-08-20;2025-10-19;CLP;6292984;1195667;7488651;ACEPTADO;PLANTA_TALCAHUANO
DOC-2025-03522;FEE;8193;CL0083;V007;CP45;FOODSERVICE;2025-08-20;2025-10-04;CLP;5288380;0;5288380;ACEPTADO;CD_SANTIAGO
DOC-2025-04178;FAC;103064;CL0229;V010;CP60;RETAIL;2025-08-20;2025-10-19;CLP;4413769;838616;5252385;ACEPTADO;CD_SANTIAGO
DOC-2025-03598;FAC;102527;CL0198;V006;CP45;FOODSERVICE;2025-08-21;2025-10-05;CLP;2963500;563065;3526565;ACEPTADO;CD_SANTIAGO
DOC-2025-02230;FEX;50592;CL0032;V002;CP90;EXPORTACION;2025-08-22;2025-11-20;USD;121278.74;0;121278.74;ACEPTADO;PLANTA_CORONEL
DOC-2025-02319;FEX;50681;CL0032;V002;CP90;EXPORTACION;2025-08-22;2025-11-20;USD;275604.72;0;275604.72;ACEPTADO;PLANTA_CALDERA
DOC-2025-02345;FEX;50707;CL0012;V004;CP60;EXPORTACION;2025-08-22;2025-10-21;USD;127342.25;0;127342.25;ACEPTADO;PLANTA_CORONEL
DOC-2025-02633;FAC;101618;CL0091;V007;CP60;FOODSERVICE;2025-08-22;2025-10-21;CLP;31024347;5894626;36918973;ACEPTADO;CD_SANTIAGO
DOC-2025-02640;FAC;101625;CL0075;V007;CP60;FOODSERVICE;2025-08-22;2025-10-21;CLP;7389121;1403933;8793054;ACEPTADO;PLANTA_CORONEL
DOC-2025-02668;FAC;101651;CL0116;V006;CP30;FOODSERVICE;2025-08-22;2025-09-21;CLP;6631239;1259935;7891174;ACEPTADO;PLANTA_CORONEL
DOC-2025-02693;FAC;101673;CL0118;V007;CP30;FOODSERVICE;2025-08-22;2025-09-21;CLP;15353086;2917086;18270172;ACEPTADO;PLANTA_TALCAHUANO
DOC-2025-02752;FAC;101727;CL0116;V006;CP30;FOODSERVICE;2025-08-22;2025-09-21;CLP;6602606;1254495;7857101;ACEPTADO;CD_SANTIAGO
DOC-2025-02825;FAC;101797;CL0189;V008;CP30;FOODSERVICE;2025-08-22;2025-09-21;CLP;2797879;531597;3329476;ACEPTADO;PLANTA_TALCAHUANO
DOC-2025-03030;FAC;101993;CL0102;V008;CP30;FOODSERVICE;2025-08-22;2025-09-21;CLP;4032257;766129;4798386;ACEPTADO;CD_SANTIAGO
DOC-2025-03274;FAC;102221;CL0090;V007;CP45;FOODSERVICE;2025-08-22;2025-10-06;CLP;1427846;271291;1699137;ACEPTADO;CD_SANTIAGO
DOC-2025-03297;FAC;102244;CL0192;V006;CP45;FOODSERVICE;2025-08-22;2025-10-06;CLP;3783821;718926;4502747;ACEPTADO;PLANTA_TALCAHUANO
DOC-2025-03344;FAC;102287;CL0133;V008;CP45;FOODSERVICE;2025-08-22;2025-10-06;CLP;6883710;1307905;8191615;ACEPTADO;PLANTA_TALCAHUANO
DOC-2025-03472;FAC;102408;CL0136;V008;CP45;FOODSERVICE;2025-08-22;2025-10-06;CLP;2470484;469392;2939876;ACEPTADO;PLANTA_TALCAHUANO
DOC-2025-03713;FAC;102631;CL0090;V007;CP45;FOODSERVICE;2025-08-22;2025-10-06;CLP;5202479;988471;6190950;ACEPTADO;PLANTA_TALCAHUANO
DOC-2025-03861;FAC;102764;CL0217;V007;CP45;FOODSERVICE;2025-08-22;2025-10-06;CLP;2491930;473467;2965397;ACEPTADO;PLANTA_CORONEL
DOC-2025-03956;FAC;102853;CL0204;V006;CP45;FOODSERVICE;2025-08-22;2025-10-06;CLP;6753062;1283082;8036144;ACEPTADO;PLANTA_CORONEL
DOC-2025-04191;FAC;103075;CL0279;V010;CP30;RETAIL;2025-08-22;2025-09-21;CLP;37675618;7158367;44833985;ACEPTADO;CD_SANTIAGO
DOC-2025-04240;FAC;103124;CL0296;V011;CP30;RETAIL;2025-08-22;2025-09-21;CLP;10544551;2003465;12548016;ACEPTADO;PLANTA_CORONEL
DOC-2025-04257;FAC;103138;CL0245;V011;CP45;RETAIL;2025-08-22;2025-10-06;CLP;18182331;3454643;21636974;ACEPTADO;CD_SANTIAGO
DOC-2025-04286;FAC;103166;CL0266;V012;CP45;RETAIL;2025-08-22;2025-10-06;CLP;25708031;4884526;30592557;ACEPTADO;PLANTA_TALCAHUANO
DOC-2025-02206;FEX;50568;CL0048;V001;CP60;EXPORTACION;2025-08-25;2025-10-24;USD;28278.19;0;28278.19;ACEPTADO;PLANTA_CALDERA
DOC-2025-02211;FEX;50573;CL0048;V001;CP90;EXPORTACION;2025-08-25;2025-11-23;USD;15171.49;0;15171.49;ACEPTADO;PLANTA_CORONEL
DOC-2025-02980;FAC;101944;CL0148;V006;CP30;FOODSERVICE;2025-08-25;2025-09-24;CLP;5896156;1120270;7016426;ACEPTADO;PLANTA_TALCAHUANO
DOC-2025-03906;FAC;102806;CL0079;V008;CP45;FOODSERVICE;2025-08-25;2025-10-09;CLP;5256417;998719;6255136;ACEPTADO;PLANTA_CORONEL
DOC-2025-02965;FAC;101929;CL0191;V006;CP30;FOODSERVICE;2025-08-26;2025-09-25;CLP;6041605;1147905;7189510;ACEPTADO;PLANTA_TALCAHUANO
DOC-2025-03695;FAC;102613;CL0084;V005;CP30;FOODSERVICE;2025-08-26;2025-09-25;CLP;760804;144553;905357;ACEPTADO;PLANTA_CORONEL
DOC-2025-03996;FAC;102891;CL0308;V011;CP45;RETAIL;2025-08-26;2025-07-28;CLP;2309403;438787;2748190;ACEPTADO;PLANTA_TALCAHUANO
DOC-2025-04187;FEE;8239;CL0301;V009;CP30;RETAIL;2025-08-26;2025-09-25;CLP;27730647;0;27730647;ACEPTADO;CD_SANTIAGO
DOC-2025-04309;FAC;103188;CL0342;V011;CP30;RETAIL;2025-08-26;2025-09-25;CLP;5246288;996795;6243083;ACEPTADO;PLANTA_CORONEL
DOC-2025-02707;FAC;101687;CL0146;V005;CP60;FOODSERVICE;2025-08-27;2025-10-26;CLP;5035087;956667;5991754;ACEPTADO;CD_SANTIAGO
DOC-2025-03070;FAC;102032;CL0127;V008;CP45;FOODSERVICE;2025-08-27;2025-09-11;CLP;2925524;555850;3481374;ACEPTADO;PLANTA_CORONEL
DOC-2025-03171;FAC;102126;CL0136;V008;CP30;FOODSERVICE;2025-08-27;2025-09-26;CLP;4277872;812796;5090668;ACEPTADO;CD_SANTIAGO
DOC-2025-04349;FAC;103226;CL0239;V011;CP45;RETAIL;2025-08-27;2025-10-11;CLP;6804799;1292912;8097711;ACEPTADO;PLANTA_CORONEL
DOC-2025-02260;FEX;50622;CL0012;V004;CP120;EXPORTACION;2025-08-28;2025-12-26;USD;12624.66;0;12624.66;ACEPTADO;PLANTA_TALCAHUANO
DOC-2025-02524;FAC;101520;CL0108;V005;CP45;FOODSERVICE;2025-08-28;2025-10-12;CLP;2579814;490165;3069979;ACEPTADO;PLANTA_TALCAHUANO
DOC-2025-02892;FAC;101860;CL0101;V008;CP30;FOODSERVICE;2025-08-28;2025-09-27;CLP;3136347;595906;3732253;ACEPTADO;PLANTA_TALCAHUANO
DOC-2025-03414;FAC;102353;CL0121;V007;CP45;FOODSERVICE;2025-08-28;2025-10-12;CLP;4675248;888297;5563545;ACEPTADO;PLANTA_TALCAHUANO
DOC-2025-04263;FAC;103144;CL0241;V011;CP60;RETAIL;2025-08-28;2025-10-27;CLP;9333771;1773416;11107187;ACEPTADO;CD_SANTIAGO
DOC-2025-02055;FEX;50417;CL0014;V003;CP60;EXPORTACION;2025-08-29;2025-10-28;USD;40581.05;0;40581.05;ACEPTADO;PLANTA_QUELLON
DOC-2025-02068;FEX;50430;CL0032;V002;CP90;EXPORTACION;2025-08-29;2025-11-27;USD;23240.25;0;23240.25;ACEPTADO;PLANTA_CORONEL
DOC-2025-02214;FEX;50576;CL0051;V001;CP90;EXPORTACION;2025-08-29;2025-11-27;USD;85093.54;0;85093.54;ACEPTADO;PLANTA_CORONEL
DOC-2025-02481;FEX;50843;CL0072;V004;CP60;EXPORTACION;2025-08-29;2025-10-28;USD;22723.65;0;22723.65;ACEPTADO;PLANTA_CORONEL
DOC-2025-02550;FAC;101543;CL0077;V007;CP45;FOODSERVICE;2025-08-29;2025-10-13;CLP;4023951;764551;4788502;ACEPTADO;CD_SANTIAGO
DOC-2025-02603;FAC;101592;CL0140;V007;CP45;FOODSERVICE;2025-08-29;2025-10-13;CLP;4131385;784963;4916348;ACEPTADO;PLANTA_CORONEL
DOC-2025-02631;FAC;101617;CL0165;V007;CP30;FOODSERVICE;2025-08-29;2025-09-28;CLP;2425327;460812;2886139;ACEPTADO;PLANTA_TALCAHUANO
DOC-2025-02883;FAC;101852;CL0131;V006;CP45;FOODSERVICE;2025-08-29;2025-10-13;CLP;2278947;433000;2711947;ACEPTADO;PLANTA_TALCAHUANO
DOC-2025-03059;FAC;102021;CL0088;V005;CP30;FOODSERVICE;2025-08-29;2025-09-28;CLP;2354938;447438;2802376;ACEPTADO;PLANTA_TALCAHUANO
DOC-2025-03082;FAC;102044;CL0099;V008;CP45;FOODSERVICE;2025-08-29;2025-10-13;CLP;5417053;1029240;6446293;ACEPTADO;PLANTA_TALCAHUANO
DOC-2025-03406;FAC;102345;CL0172;V005;CP30;FOODSERVICE;2025-08-29;2025-09-28;CLP;1111864;211254;1323118;ACEPTADO;CD_SANTIAGO
DOC-2025-03692;FAC;102610;CL0154;V005;CP30;FOODSERVICE;2025-08-29;2025-09-28;CLP;3120888;592969;3713857;ACEPTADO;PLANTA_TALCAHUANO
DOC-2025-03746;FAC;102661;CL0074;V007;CP45;FOODSERVICE;2025-08-29;2025-11-27;CLP;5285975;1004335;6290310;ACEPTADO;PLANTA_CORONEL
DOC-2025-03772;FAC;102686;CL0117;V008;CP60;FOODSERVICE;2025-08-29;2025-10-28;CLP;4964008;943162;5907170;ACEPTADO;CD_SANTIAGO
DOC-2025-03926;FEE;8226;CL0208;V007;CP00;FOODSERVICE;2025-08-29;2025-08-29;CLP;3105819;0;3105819;ACEPTADO;PLANTA_CORONEL
DOC-2025-04235;FAC;103119;CL0326;V009;CP45;RETAIL;2025-08-29;2025-10-13;CLP;16537190;3142066;19679256;ACEPTADO;PLANTA_TALCAHUANO
DOC-2025-04253;FAC;103135;CL0314;V009;CP30;RETAIL;2025-08-29;2025-09-28;CLP;10183782;1934919;12118701;ACEPTADO;PLANTA_TALCAHUANO
DOC-2025-02209;FEX;50571;CL0032;V002;CP60;EXPORTACION;2025-09-01;2025-10-31;USD;22651.47;0;22651.47;ACEPTADO;PLANTA_CORONEL
DOC-2025-02444;FEX;50806;CL0021;V003;CP90;EXPORTACION;2025-09-01;2025-11-30;USD;24765.24;0;24765.24;ACEPTADO;PLANTA_QUELLON
DOC-2025-02477;FEX;50839;CL0012;V004;CP120;EXPORTACION;2025-09-01;2025-12-30;USD;142920.14;0;142920.14;ACEPTADO;PLANTA_QUELLON
DOC-2025-03118;FAC;102075;CL0185;V007;CP60;FOODSERVICE;2025-09-01;2025-10-31;CLP;5384973;1023145;6408118;ACEPTADO;PLANTA_TALCAHUANO
DOC-2025-03385;FAC;102325;CL0193;V008;CP45;FOODSERVICE;2025-09-01;2025-10-16;CLP;11805478;2243041;14048519;ACEPTADO;PLANTA_TALCAHUANO
DOC-2025-03546;FAC;102477;CL0158;V007;CP45;FOODSERVICE;2025-09-01;2025-10-16;CLP;2393998;454860;2848858;ACEPTADO;PLANTA_CORONEL
DOC-2025-03599;FAC;102528;CL0121;V007;CP30;FOODSERVICE;2025-09-01;2025-10-01;CLP;1699330;322873;2022203;ACEPTADO;PLANTA_CORONEL
DOC-2025-04130;FAC;103019;CL0245;V011;CP90;RETAIL;2025-09-01;2025-11-30;CLP;22437031;4263036;26700067;ACEPTADO;PLANTA_TALCAHUANO
DOC-2025-02352;FEX;50714;CL0012;V004;CP60;EXPORTACION;2025-09-02;2025-11-01;USD;109961.67;0;109961.67;ACEPTADO;PLANTA_TALCAHUANO
DOC-2025-02485;FEX;50847;CL0047;V003;CP90;EXPORTACION;2025-09-02;2025-11-16;CLP;10814122;0;10814122;ACEPTADO;PLANTA_CALDERA
DOC-2025-02670;FAC;101653;CL0165;V007;CP00;FOODSERVICE;2025-09-02;2025-09-02;CLP;2080272;395252;2475524;ACEPTADO;CD_SANTIAGO
DOC-2025-02711;FAC;101691;CL0177;V005;CP60;FOODSERVICE;2025-09-02;2025-11-01;CLP;4921495;935084;5856579;ACEPTADO;CD_SANTIAGO
DOC-2025-02721;FAC;101700;CL0123;V006;CP45;FOODSERVICE;2025-09-02;2025-10-17;CLP;5647314;1072990;6720304;ACEPTADO;PLANTA_CORONEL
DOC-2025-03644;FAC;102570;CL0193;V008;CP30;FOODSERVICE;2025-09-02;2025-10-02;CLP;8238711;1565355;9804066;ACEPTADO;PLANTA_CORONEL
DOC-2025-03901;FAC;102801;CL0074;V007;CP30;FOODSERVICE;2025-09-02;2025-10-02;CLP;10701906;2033362;12735268;ACEPTADO;CD_SANTIAGO
DOC-2025-03976;FAC;102872;CL0193;V008;CP30;FOODSERVICE;2025-09-02;2025-10-02;CLP;42114866;8001825;50116691;ACEPTADO;CD_SANTIAGO
DOC-2025-04225;FAC;103109;CL0245;V011;CP90;RETAIL;2025-09-02;2025-12-31;CLP;24882493;4727674;29610167;ACEPTADO;PLANTA_CORONEL
DOC-2025-04353;FEE;8248;CL0247;V012;CP45;RETAIL;2025-09-02;2025-10-17;CLP;3600714;0;3600714;ACEPTADO;CD_SANTIAGO
DOC-2025-02391;FEX;50753;CL0023;V002;CP60;EXPORTACION;2025-09-03;2025-11-02;USD;22722.52;0;22722.52;ACEPTADO;PLANTA_CALDERA
DOC-2025-03386;FAC;102326;CL0078;V008;CP45;FOODSERVICE;2025-09-03;2025-10-18;CLP;16882887;3207749;20090636;ACEPTADO;CD_SANTIAGO
DOC-2025-03443;FAC;102382;CL0177;V005;CP30;FOODSERVICE;2025-09-03;2025-10-03;CLP;8910523;1692999;10603522;ACEPTADO;CD_SANTIAGO
DOC-2025-03585;FAC;102515;CL0198;V006;CP60;FOODSERVICE;2025-09-03;2025-11-02;CLP;2305358;438018;2743376;ACEPTADO;CD_SANTIAGO
DOC-2025-04142;FAC;103031;CL0279;V010;CP30;RETAIL;2025-09-03;2025-10-03;CLP;150331591;28563002;178894593;ACEPTADO;PLANTA_TALCAHUANO
DOC-2025-04213;FAC;103097;CL0279;V010;CP30;RETAIL;2025-09-03;2025-11-02;CLP;34755114;6603472;41358586;ACEPTADO;PLANTA_TALCAHUANO
DOC-2025-02063;FEX;50425;CL0034;V004;CP60;EXPORTACION;2025-09-04;2025-11-03;USD;39954.5;0;39954.5;ACEPTADO;PLANTA_CALDERA
DOC-2025-02805;FAC;101779;CL0118;V007;CP60;FOODSERVICE;2025-09-04;2025-11-03;CLP;8923135;1695396;10618531;ACEPTADO;PLANTA_CORONEL
DOC-2025-03072;FAC;102034;CL0194;V008;CP00;FOODSERVICE;2025-09-04;2025-09-04;CLP;6597228;1253473;7850701;ACEPTADO;CD_SANTIAGO
DOC-2025-03474;FAC;102410;CL0134;V007;CP30;FOODSERVICE;2025-09-04;2025-10-04;CLP;2310288;438955;2749243;ACEPTADO;PLANTA_CORONEL
DOC-2025-03533;FAC;102464;CL0182;V008;CP30;FOODSERVICE;2025-09-04;2025-12-03;CLP;2628134;499345;3127479;ACEPTADO;CD_SANTIAGO
DOC-2025-03766;FAC;102680;CL0115;V008;CP30;FOODSERVICE;2025-09-04;2025-10-04;CLP;2273839;432029;2705868;ACEPTADO;PLANTA_TALCAHUANO
DOC-2025-04047;FAC;102937;CL0314;V009;CP45;RETAIL;2025-09-04;2025-10-19;CLP;16689839;3171069;19860908;ACEPTADO;PLANTA_TALCAHUANO
DOC-2025-04196;FAC;103080;CL0247;V012;CP90;RETAIL;2025-09-04;2025-12-03;CLP;7209279;1369763;8579042;ACEPTADO;PLANTA_CORONEL
DOC-2025-04317;FAC;103196;CL0267;V011;CP60;RETAIL;2025-09-04;2025-11-03;CLP;6712090;1275297;7987387;ACEPTADO;PLANTA_CORONEL
DOC-2025-02083;FEX;50445;CL0024;V002;CP90;EXPORTACION;2025-09-05;2025-12-04;USD;59359.08;0;59359.08;ACEPTADO;PLANTA_CORONEL
DOC-2025-02193;FEX;50555;CL0032;V002;CP120;EXPORTACION;2025-09-05;2026-01-03;USD;105460.4;0;105460.4;ACEPTADO;PLANTA_CORONEL
DOC-2025-02213;FEX;50575;CL0032;V002;CP60;EXPORTACION;2025-09-05;2025-11-04;USD;68982.73;0;68982.73;ACEPTADO;PLANTA_CORONEL
DOC-2025-02283;FEX;50645;CL0064;V002;CP120;EXPORTACION;2025-09-05;2026-01-03;USD;9958.22;0;9958.22;ACEPTADO;PLANTA_CALDERA
DOC-2025-02383;FEX;50745;CL0012;V004;CP60;EXPORTACION;2025-09-05;2025-11-04;USD;57328.55;0;57328.55;ACEPTADO;PLANTA_TALCAHUANO
DOC-2025-02553;FAC;101546;CL0159;V006;CP30;FOODSERVICE;2025-09-05;2025-10-20;CLP;2904906;551932;3456838;ACEPTADO;PLANTA_CORONEL
DOC-2025-02562;FAC;101555;CL0171;V008;CP30;FOODSERVICE;2025-09-05;2025-10-05;CLP;11509483;2186802;13696285;ACEPTADO;PLANTA_TALCAHUANO
DOC-2025-02987;FAC;101951;CL0104;V006;CP45;FOODSERVICE;2025-09-05;2025-12-19;CLP;10864570;2064268;12928838;ACEPTADO;CD_SANTIAGO
DOC-2025-03037;FAC;101999;CL0127;V008;CP45;FOODSERVICE;2025-09-05;2025-10-20;CLP;3496234;664284;4160518;ACEPTADO;CD_SANTIAGO
DOC-2025-03098;FAC;102057;CL0105;V006;CP30;FOODSERVICE;2025-09-05;2025-10-05;CLP;4257699;808963;5066662;ACEPTADO;CD_SANTIAGO
DOC-2025-03245;FEE;8175;CL0197;V008;CP30;FOODSERVICE;2025-09-05;2025-10-05;CLP;6929354;0;6929354;ACEPTADO;PLANTA_TALCAHUANO
DOC-2025-03291;FAC;102238;CL0129;V007;CP30;FOODSERVICE;2025-09-05;2025-10-05;CLP;12088001;2296720;14384721;ACEPTADO;CD_SANTIAGO
DOC-2025-03389;FAC;102329;CL0120;V007;CP60;FOODSERVICE;2025-09-05;2025-11-04;CLP;5547177;1053964;6601141;ACEPTADO;CD_SANTIAGO
DOC-2025-03503;FAC;102438;CL0162;V007;CP45;FOODSERVICE;2025-09-05;2025-10-20;CLP;2004288;380815;2385103;ACEPTADO;CD_SANTIAGO
DOC-2025-03611;FAC;102538;CL0087;V007;CP45;FOODSERVICE;2025-09-05;2025-10-20;CLP;2562210;486820;3049030;ACEPTADO;PLANTA_TALCAHUANO
DOC-2025-03911;FAC;102810;CL0156;V008;CP60;FOODSERVICE;2025-09-05;2025-11-04;CLP;7816756;1485184;9301940;ACEPTADO;CD_SANTIAGO
DOC-2025-04010;FAC;102904;CL0320;V009;CP45;RETAIL;2025-09-05;2025-10-20;CLP;6315391;1199924;7515315;ACEPTADO;CD_SANTIAGO
DOC-2025-04104;FAC;102994;CL0330;V010;CP60;RETAIL;2025-09-05;2025-11-04;CLP;27180605;5164315;32344920;ACEPTADO;CD_SANTIAGO
DOC-2025-04350;FAC;103227;CL0323;V011;CP30;RETAIL;2025-09-05;2025-10-05;CLP;25316050;4810050;30126100;ACEPTADO;PLANTA_CORONEL
DOC-2025-02026;FEX;50388;CL0049;V003;CP90;EXPORTACION;2025-09-08;2025-12-07;USD;50058.32;0;50058.32;ACEPTADO;PLANTA_CALDERA
DOC-2025-02544;FAC;101537;CL0118;V007;CP60;FOODSERVICE;2025-09-08;2025-11-07;CLP;38960723;7402537;46363260;ACEPTADO;PLANTA_TALCAHUANO
DOC-2025-02945;FAC;101909;CL0152;V006;CP30;FOODSERVICE;2025-09-08;2025-10-08;CLP;1896532;360341;2256873;ACEPTADO;CD_SANTIAGO
DOC-2025-03250;FEE;8176;CL0154;V005;CP45;FOODSERVICE;2025-09-08;2025-10-23;CLP;9449033;0;9449033;ACEPTADO;CD_SANTIAGO
DOC-2025-04227;FAC;103111;CL0265;V009;CP60;RETAIL;2025-09-08;2025-11-07;CLP;11036317;2096900;13133217;ACEPTADO;PLANTA_CORONEL
DOC-DUP-009;FEX;50388;CL0049;V003;CP90;EXPORTACION;2025-09-08;2025-12-07;USD;50058.32;0;50058.32;ACEPTADO;PLANTA_CALDERA
DOC-2025-02305;FEX;50667;CL0032;V002;CP90;EXPORTACION;2025-09-09;2025-12-08;USD;151368.15;0;151368.15;ACEPTADO;PLANTA_CORONEL
DOC-2025-02774;FAC;101749;CL0191;V006;CP30;FOODSERVICE;2025-09-09;2025-10-09;CLP;8750912;1662673;10413585;ACEPTADO;PLANTA_CORONEL
DOC-2025-02811;FAC;101784;CL0190;V006;CP45;FOODSERVICE;2025-09-09;2025-10-24;CLP;11951899;2270861;14222760;ACEPTADO;PLANTA_TALCAHUANO
DOC-2025-02856;FAC;101826;CL0091;V007;CP45;FOODSERVICE;2025-09-09;2025-10-24;CLP;919491;174703;1094194;ACEPTADO;PLANTA_CORONEL
DOC-2025-02876;FAC;101845;CL0090;V007;CP30;FOODSERVICE;2025-09-09;2025-10-09;CLP;1914332;363723;2278055;ACEPTADO;PLANTA_CORONEL
DOC-2025-03365;FAC;102307;CL0161;V005;CP45;FOODSERVICE;2025-09-09;2025-10-24;CLP;23261036;4419597;27680633;ACEPTADO;CD_SANTIAGO
DOC-2025-03814;FEE;8215;CL0132;V005;CP60;FOODSERVICE;2025-09-09;2025-11-08;CLP;7725437;0;7725437;ACEPTADO;CD_SANTIAGO
DOC-2025-03843;FAC;102749;CL0096;V006;CP45;FOODSERVICE;2025-09-09;2025-10-24;CLP;1918917;364594;2283511;ACEPTADO;PLANTA_CORONEL
DOC-2025-04017;FAC;102911;CL0301;V009;CP30;RETAIL;2025-09-09;2025-10-09;CLP;9235953;1754831;10990784;ACEPTADO;PLANTA_TALCAHUANO
DOC-2025-04077;FAC;102967;CL0245;V011;CP90;RETAIL;2025-09-09;2025-12-08;CLP;32723776;6217517;38941293;ACEPTADO;PLANTA_TALCAHUANO
DOC-2025-04129;FAC;103018;CL0266;V012;CP90;RETAIL;2025-09-09;2025-12-08;CLP;20914944;3973839;24888783;ACEPTADO;PLANTA_TALCAHUANO
DOC-2025-04156;FAC;103044;CL0331;V011;CP45;RETAIL;2025-09-09;2025-12-08;CLP;8269717;1571246;9840963;ACEPTADO;PLANTA_TALCAHUANO
DOC-DUP-014;FAC;102911;CL0301;V009;CP30;RETAIL;2025-09-09;2025-10-09;CLP;9235953;1754831;10990784;ACEPTADO;PLANTA_TALCAHUANO
DOC-2025-02469;FEX;50831;CL0027;V002;CP60;EXPORTACION;2025-09-10;2025-11-09;USD;28624.81;0;28624.81;ACEPTADO;PLANTA_QUELLON
DOC-2025-02950;FAC;101914;CL0161;V005;CP30;FOODSERVICE;2025-09-10;2025-10-10;CLP;5995586;1139161;7134747;ACEPTADO;CD_SANTIAGO
DOC-2025-03040;FAC;102002;CL0118;V007;CP45;FOODSERVICE;2025-09-10;2025-10-25;CLP;10392511;1974577;12367088;ACEPTADO;PLANTA_CORONEL
DOC-2025-03100;FAC;102058;CL0146;V005;CP30;FOODSERVICE;2025-09-10;2025-10-10;CLP;9120535;1732902;10853437;ACEPTADO;PLANTA_TALCAHUANO
DOC-2025-03656;FAC;102579;CL0096;V006;CP45;FOODSERVICE;2025-09-10;2025-10-25;CLP;2622615;498297;3120912;ACEPTADO;PLANTA_TALCAHUANO
DOC-2025-04356;FAC;103232;CL0301;V009;CP60;RETAIL;2025-09-10;2025-11-09;CLP;8179459;1554097;9733556;ACEPTADO;CD_SANTIAGO
DOC-2025-02525;FAC;101521;CL0178;V008;CP45;FOODSERVICE;2025-09-11;2025-10-26;CLP;4241334;805853;5047187;ACEPTADO;CD_SANTIAGO
DOC-2025-02030;FEX;50392;CL0032;V002;CP90;EXPORTACION;2025-09-12;2025-12-11;USD;243498.58;0;243498.58;ACEPTADO;PLANTA_CORONEL
DOC-2025-02067;FEX;50429;CL0034;V004;CP90;EXPORTACION;2025-09-12;2025-12-11;USD;44339.27;0;44339.27;ACEPTADO;PLANTA_TALCAHUANO
DOC-2025-02069;FEX;50431;CL0034;V004;CP60;EXPORTACION;2025-09-12;2025-11-11;USD;23269.32;0;23269.32;ACEPTADO;PLANTA_CORONEL
DOC-2025-02072;FEX;50434;CL0016;V002;CP120;EXPORTACION;2025-09-12;2026-01-10;USD;15331.92;0;15331.92;ACEPTADO;PLANTA_CALDERA
DOC-2025-02137;FEX;50499;CL0048;V001;CP60;EXPORTACION;2025-09-12;2025-11-11;USD;26577.53;0;26577.53;ACEPTADO;PLANTA_CALDERA
DOC-2025-02536;FAC;101529;CL0162;V007;CP60;FOODSERVICE;2025-09-12;2025-11-11;CLP;2120145;402828;2522973;ACEPTADO;PLANTA_TALCAHUANO
DOC-2025-02614;FAC;101602;CL0155;V005;CP30;FOODSERVICE;2025-09-12;2025-10-12;CLP;13831957;2628072;16460029;ACEPTADO;PLANTA_CORONEL
DOC-2025-02678;FAC;101661;CL0124;V006;CP45;FOODSERVICE;2025-09-12;2025-09-27;CLP;6566123;1247563;7813686;ACEPTADO;PLANTA_TALCAHUANO
DOC-2025-02756;FAC;101731;CL0161;V005;CP45;FOODSERVICE;2025-09-12;2025-10-27;CLP;41641185;7911825;49553010;ACEPTADO;PLANTA_CORONEL
DOC-2025-02969;FAC;101933;CL0099;V008;CP60;FOODSERVICE;2025-09-12;2025-11-11;CLP;1651078;313705;1964783;ACEPTADO;CD_SANTIAGO
DOC-2025-03398;FAC;102338;CL0113;V005;CP45;FOODSERVICE;2025-09-12;2025-10-27;CLP;12237484;2325122;14562606;ACEPTADO;CD_SANTIAGO
DOC-2025-03666;FAC;102587;CL0183;V005;CP30;FOODSERVICE;2025-09-12;2025-10-12;CLP;4065982;772537;4838519;ACEPTADO;PLANTA_CORONEL
DOC-2025-03687;FEE;8206;CL0152;V006;CP30;FOODSERVICE;2025-09-12;2025-10-12;CLP;2565400;0;2565400;ACEPTADO;CD_SANTIAGO
DOC-2025-03754;FAC;102669;CL0214;V008;CP60;FOODSERVICE;2025-09-12;2025-11-11;CLP;5575330;1059313;6634643;ACEPTADO;CD_SANTIAGO
DOC-2025-03853;FAC;102757;CL0132;V005;CP30;FOODSERVICE;2025-09-12;2025-10-12;CLP;5617777;1067378;6685155;ACEPTADO;CD_SANTIAGO
DOC-2025-04121;FAC;103010;CL0338;V009;CP60;RETAIL;2025-09-12;2025-11-11;CLP;21067302;4002787;25070089;ACEPTADO;PLANTA_TALCAHUANO
DOC-2025-04126;FAC;103015;CL0279;V010;CP45;RETAIL;2025-09-12;2025-10-27;CLP;33954732;6451399;40406131;ANULADO;CD_SANTIAGO
DOC-2025-03174;FAC;102129;CL0205;V007;CP30;FOODSERVICE;2025-09-15;2025-10-15;CLP;20915494;3973944;24889438;ACEPTADO;PLANTA_CORONEL
DOC-2025-03200;FAC;102151;CL0138;V005;CP60;FOODSERVICE;2025-09-15;2025-11-14;CLP;5488042;1042728;6530770;ACEPTADO;PLANTA_TALCAHUANO
DOC-2025-03669;FAC;102589;CL0162;V007;CP30;FOODSERVICE;2025-09-15;2025-10-15;CLP;4247615;807047;5054662;ACEPTADO;CD_SANTIAGO
DOC-2025-02358;FEX;50720;CL0064;V002;CP60;EXPORTACION;2025-09-16;2025-11-15;USD;31044.67;0;31044.67;ACEPTADO;PLANTA_CORONEL
DOC-2025-02963;FAC;101927;CL0159;V006;CP30;FOODSERVICE;2025-09-16;2025-10-16;CLP;13143773;2497317;15641090;ACEPTADO;CD_SANTIAGO
DOC-2025-03187;FAC;102140;CL0156;V008;CP30;FOODSERVICE;2025-09-16;2025-10-16;CLP;1773038;336877;2109915;ACEPTADO;CD_SANTIAGO
DOC-2025-03380;FAC;102320;CL0161;V005;CP60;FOODSERVICE;2025-09-16;2025-11-15;CLP;23133861;4395434;27529295;ACEPTADO;PLANTA_CORONEL
DOC-2025-03892;FAC;102793;CL0191;V006;CP45;FOODSERVICE;2025-09-16;2025-11-25;CLP;2370695;450432;2821127;ACEPTADO;CD_SANTIAGO
DOC-2025-02076;FEX;50438;CL0072;V004;CP90;EXPORTACION;2025-09-17;2025-12-16;USD;20162.8;0;20162.8;ACEPTADO;PLANTA_CORONEL
DOC-2025-02100;FEX;50462;CL0064;V002;CP60;EXPORTACION;2025-09-17;2025-11-16;CLP;10979994;0;10979994;ACEPTADO;PLANTA_TALCAHUANO
DOC-2025-02177;FEX;50539;CL0044;V004;CP60;EXPORTACION;2025-09-17;2025-11-16;USD;25938.42;0;25938.42;ACEPTADO;PLANTA_TALCAHUANO
DOC-2025-02235;FEX;50597;CL0039;V001;CP90;EXPORTACION;2025-09-17;2025-12-16;USD;13336.51;0;13336.51;ACEPTADO;PLANTA_TALCAHUANO
DOC-2025-02264;FEX;50626;CL0049;V003;CP60;EXPORTACION;2025-09-17;2025-11-16;USD;20041.52;0;20041.52;ACEPTADO;PLANTA_CORONEL
DOC-2025-02317;FEX;50679;CL0072;V004;CP120;EXPORTACION;2025-09-17;2026-01-15;USD;13486.06;0;13486.06;ACEPTADO;PLANTA_CALDERA
DOC-2025-02472;FEX;50834;CL0032;V002;CP90;EXPORTACION;2025-09-17;2025-12-16;USD;82460.18;0;82460.18;ACEPTADO;PLANTA_QUELLON
DOC-2025-02489;FEX;50851;CL0059;V001;CP60;EXPORTACION;2025-09-17;2025-06-04;USD;15998.03;0;15998.03;ACEPTADO;PLANTA_CORONEL
DOC-2025-02547;FAC;101540;CL0214;V008;CP30;FOODSERVICE;2025-09-17;2025-10-17;CLP;12617599;2397344;15014943;ACEPTADO;PLANTA_CORONEL
DOC-2025-02705;FAC;101685;CL0105;V006;CP45;FOODSERVICE;2025-09-17;2025-11-01;CLP;1335827;253807;1589634;ACEPTADO;PLANTA_TALCAHUANO
DOC-2025-02717;FAC;101696;CL0104;V006;CP60;FOODSERVICE;2025-09-17;2025-12-01;CLP;6128229;1164364;7292593;ACEPTADO;PLANTA_CORONEL
DOC-2025-02862;FAC;101832;CL0217;V007;CP30;FOODSERVICE;2025-09-17;2025-06-07;CLP;17138155;3256249;20394404;ACEPTADO;PLANTA_TALCAHUANO
DOC-2025-02879;FAC;101848;CL0123;V006;CP60;FOODSERVICE;2025-09-17;2025-11-16;CLP;24362127;4628804;28990931;ACEPTADO;PLANTA_TALCAHUANO
DOC-2025-02888;FAC;101857;CL0110;V008;CP30;FOODSERVICE;2025-09-17;2025-10-17;CLP;4875623;926368;5801991;ACEPTADO;PLANTA_TALCAHUANO
DOC-2025-03075;FAC;102037;CL0155;V005;CP30;FOODSERVICE;2025-09-17;2025-10-17;CLP;9682756;1839724;11522480;ACEPTADO;PLANTA_TALCAHUANO
DOC-2025-03190;FAC;102143;CL0217;V007;CP60;FOODSERVICE;2025-09-17;2025-11-16;CLP;8311845;1579251;9891096;ACEPTADO;PLANTA_CORONEL
DOC-2025-03228;FAC;102178;CL0143;V006;CP45;FOODSERVICE;2025-09-17;2025-11-01;CLP;16115811;3062004;19177815;ACEPTADO;PLANTA_TALCAHUANO
DOC-2025-03235;FAC;102185;CL0132;V005;CP45;FOODSERVICE;2025-09-17;2025-11-01;CLP;4504541;855863;5360404;ACEPTADO;PLANTA_TALCAHUANO
DOC-2025-03379;FAC;102319;CL0097;V007;CP45;FOODSERVICE;2025-09-17;2025-11-01;CLP;10626637;2019061;12645698;ACEPTADO;PLANTA_CORONEL
DOC-2025-03450;FAC;102389;CL0161;V005;CP30;FOODSERVICE;2025-09-17;2025-10-17;CLP;12367990;2349918;14717908;ACEPTADO;PLANTA_TALCAHUANO
DOC-2025-03490;FAC;102425;CL0086;V008;CP45;FOODSERVICE;2025-09-17;2025-11-01;CLP;4550103;864520;5414623;ACEPTADO;PLANTA_TALCAHUANO
DOC-2025-03677;FAC;102597;CL0161;V005;CP30;FOODSERVICE;2025-09-17;2025-10-17;CLP;11598670;2203747;13802417;ACEPTADO;PLANTA_CORONEL
DOC-2025-03703;FAC;102621;CL0161;V005;CP30;FOODSERVICE;2025-09-17;2025-10-17;CLP;17333495;3293364;20626859;ACEPTADO;CD_SANTIAGO
DOC-2025-03764;FEE;8210;CL0137;V007;CP30;FOODSERVICE;2025-09-17;2025-10-17;CLP;5672813;0;5672813;ACEPTADO;CD_SANTIAGO
DOC-2025-03776;FAC;102690;CL0155;V005;CP30;FOODSERVICE;2025-09-17;2025-10-17;CLP;6673299;1267927;7941226;ACEPTADO;CD_SANTIAGO
DOC-2025-03791;FAC;102701;CL0115;V008;CP30;FOODSERVICE;2025-09-17;2025-10-17;CLP;3115173;591883;3707056;ACEPTADO;PLANTA_TALCAHUANO
DOC-2025-03795;FAC;102705;CL0115;V008;CP30;FOODSERVICE;2025-09-17;2025-10-17;CLP;4535742;861791;5397533;ACEPTADO;CD_SANTIAGO
DOC-2025-03884;FAC;102785;CL0193;V008;CP30;FOODSERVICE;2025-09-17;2025-10-17;CLP;9159868;1740375;10900243;ACEPTADO;PLANTA_TALCAHUANO
DOC-2025-03957;FAC;102854;CL0118;V007;CP45;FOODSERVICE;2025-09-17;2025-11-01;CLP;28962942;5502959;34465901;ACEPTADO;CD_SANTIAGO
DOC-2025-04035;FEE;8232;CL0301;V009;CP45;RETAIL;2025-09-17;2025-11-01;CLP;10832260;0;10832260;ACEPTADO;PLANTA_TALCAHUANO
DOC-2025-04091;FAC;102981;CL0279;V010;CP30;RETAIL;2025-09-17;2025-10-17;CLP;14862494;2823874;17686368;ACEPTADO;CD_SANTIAGO
DOC-2025-04128;FAC;103017;CL0265;V009;CP90;RETAIL;2025-09-17;2025-12-16;CLP;12865935;2444528;15310463;ACEPTADO;PLANTA_TALCAHUANO
DOC-2025-04216;FAC;103100;CL0245;V011;CP60;RETAIL;2025-09-17;2025-11-16;CLP;71626210;13608980;85235190;ACEPTADO;PLANTA_CORONEL
DOC-2025-04223;FAC;103107;CL0321;V010;CP60;RETAIL;2025-09-17;2025-11-16;CLP;12520302;2378857;14899159;ACEPTADO;PLANTA_CORONEL
DOC-2025-04294;FAC;103174;CL0325;V011;CP60;RETAIL;2025-09-17;2025-11-16;CLP;6064137;1152186;7216323;ACEPTADO;CD_SANTIAGO
DOC-2025-04338;FAC;103215;CL0311;V012;CP30;RETAIL;2025-09-17;2025-10-17;CLP;7554106;1435280;8989386;ACEPTADO;PLANTA_CORONEL
DOC-2025-02268;FEX;50630;CL0010;V003;CP60;EXPORTACION;2025-09-22;2025-11-21;USD;31348.02;0;31348.02;ACEPTADO;PLANTA_QUELLON
DOC-2025-02353;FEX;50715;CL0062;V004;CP60;EXPORTACION;2025-09-22;2025-11-21;USD;74890.72;0;74890.72;ACEPTADO;PLANTA_CORONEL
DOC-2025-03076;FAC;102038;CL0125;V008;CP30;FOODSERVICE;2025-09-22;2025-10-22;CLP;857156;162860;1020016;ANULADO;CD_SANTIAGO
DOC-2025-03307;FAC;102253;CL0118;V007;CP45;FOODSERVICE;2025-09-22;2025-11-06;CLP;2023459;384457;2407916;ACEPTADO;PLANTA_CORONEL
DOC-2025-03613;FAC;102540;CL0177;V005;CP30;FOODSERVICE;2025-09-22;2025-10-22;CLP;9902087;1881397;11783484;ACEPTADO;PLANTA_CORONEL
DOC-2025-02107;FEX;50469;CL0049;V003;CP90;EXPORTACION;2025-09-23;2025-12-22;USD;61555.08;0;61555.08;ACEPTADO;PLANTA_CALDERA
DOC-2025-02335;FEX;50697;CL0032;V002;CP120;EXPORTACION;2025-09-23;2026-01-21;USD;129113.47;0;129113.47;ACEPTADO;PLANTA_QUELLON
DOC-2025-03226;FAC;102176;CL0154;V005;CP45;FOODSERVICE;2025-09-23;2025-11-07;CLP;5512826;1047437;6560263;ACEPTADO;PLANTA_CORONEL
DOC-2025-03557;FAC;102488;CL0182;V008;CP60;FOODSERVICE;2025-09-23;2025-11-22;CLP;1306768;248286;1555054;ACEPTADO;PLANTA_TALCAHUANO
DOC-2025-03753;FAC;102668;CL0135;V005;CP45;FOODSERVICE;2025-09-23;2025-11-07;CLP;4125347;783816;4909163;ACEPTADO;CD_SANTIAGO
DOC-2025-02577;FAC;101569;CL0128;V005;CP60;FOODSERVICE;2025-09-24;2025-11-23;CLP;2901012;551192;3452204;ACEPTADO;CD_SANTIAGO
DOC-2025-03152;FAC;102108;CL0074;V007;CP45;FOODSERVICE;2025-09-24;2025-11-08;CLP;25073494;4763964;29837458;ACEPTADO;PLANTA_CORONEL
DOC-2025-03255;FAC;102203;CL0201;V005;CP45;FOODSERVICE;2025-09-24;2025-11-08;CLP;1966917;373714;2340631;ACEPTADO;CD_SANTIAGO
DOC-2025-04009;FAC;102903;CL0338;V009;CP45;RETAIL;2025-09-24;2025-11-08;CLP;3477195;660667;4137862;ACEPTADO;CD_SANTIAGO
DOC-DUP-023;FAC;102203;CL0201;V005;CP45;FOODSERVICE;2025-09-24;2025-11-08;CLP;1966917;373714;2340631;ACEPTADO;CD_SANTIAGO
DOC-2025-02292;FEX;50654;CL0032;V002;CP90;EXPORTACION;2025-09-25;2025-12-24;USD;89209.07;0;89209.07;ACEPTADO;PLANTA_CORONEL
DOC-2025-02360;FEX;50722;CL0024;V002;CP90;EXPORTACION;2025-09-25;2025-12-24;USD;28446.01;0;28446.01;ACEPTADO;PLANTA_CALDERA
DOC-2025-04030;FAC;102923;CL0245;V011;CP90;RETAIL;2025-09-25;2025-12-24;CLP;17997789;3419580;21417369;ACEPTADO;PLANTA_CORONEL
DOC-2025-04140;FAC;103029;CL0224;V010;CP60;RETAIL;2025-09-25;2025-11-24;CLP;7238225;1375263;8613488;ACEPTADO;PLANTA_TALCAHUANO
DOC-2025-04278;FAC;103159;CL0224;V010;CP45;RETAIL;2025-09-25;2025-11-09;CLP;10789962;2050093;12840055;ACEPTADO;CD_SANTIAGO
DOC-2025-02334;FEX;50696;CL0012;V004;CP120;EXPORTACION;2025-09-26;2026-01-24;USD;38415.99;0;38415.99;ACEPTADO;PLANTA_QUELLON
DOC-2025-02483;FEX;50845;CL0049;V003;CP120;EXPORTACION;2025-09-26;2026-01-24;USD;34755.21;0;34755.21;ACEPTADO;PLANTA_TALCAHUANO
DOC-2025-02764;FAC;101739;CL0073;V005;CP30;FOODSERVICE;2025-09-26;2025-10-26;CLP;7687608;1460646;9148254;ACEPTADO;PLANTA_CORONEL
DOC-2025-02786;FAC;101761;CL0118;V007;CP60;FOODSERVICE;2025-09-26;2025-11-25;CLP;8930694;1696832;10627526;ACEPTADO;CD_SANTIAGO
DOC-2025-03105;FAC;102062;CL0181;V008;CP45;FOODSERVICE;2025-09-26;2025-11-10;CLP;2502697;475512;2978209;ACEPTADO;CD_SANTIAGO
DOC-2025-03143;FAC;102099;CL0161;V005;CP45;FOODSERVICE;2025-09-26;2025-11-10;CLP;13291017;2525293;15816310;ACEPTADO;CD_SANTIAGO
DOC-2025-03333;FAC;102276;CL0214;V008;CP30;FOODSERVICE;2025-09-26;2025-10-26;CLP;6540908;1242773;7783681;ACEPTADO;CD_SANTIAGO
DOC-2025-03459;FAC;102397;CL0120;V007;CP30;FOODSERVICE;2025-09-26;2025-10-26;CLP;10700262;2033050;12733312;ACEPTADO;CD_SANTIAGO
DOC-2025-03635;FAC;102561;CL0107;V005;CP45;FOODSERVICE;2025-09-26;2025-11-25;CLP;1867322;354791;2222113;ACEPTADO;CD_SANTIAGO
DOC-2025-03915;FAC;102814;CL0161;V005;CP45;FOODSERVICE;2025-09-26;2025-11-10;CLP;3929823;746666;4676489;ACEPTADO;PLANTA_TALCAHUANO
DOC-2025-04042;FEE;8233;CL0292;V011;CP30;RETAIL;2025-09-26;2025-10-26;CLP;6034750;0;6034750;ACEPTADO;PLANTA_TALCAHUANO
DOC-2025-04050;FAC;102940;CL0276;V012;CP30;RETAIL;2025-09-26;2025-10-26;CLP;16118409;3062498;19180907;ACEPTADO;PLANTA_CORONEL
DOC-2025-04138;FAC;103027;CL0279;V010;CP45;RETAIL;2025-09-26;2025-11-10;CLP;40670073;7727314;48397387;ACEPTADO;PLANTA_CORONEL
DOC-2025-02527;FAC;101523;CL0121;V007;CP30;FOODSERVICE;2025-09-29;2025-10-29;CLP;1761705;334724;2096429;ACEPTADO;PLANTA_CORONEL
DOC-2025-03330;FAC;102273;CL0102;V008;CP30;FOODSERVICE;2025-09-29;2025-10-29;CLP;7676075;1458454;9134529;ACEPTADO;PLANTA_TALCAHUANO
DOC-2025-03864;FAC;102767;CL0178;V008;CP45;FOODSERVICE;2025-09-29;2025-11-13;CLP;12891193;2449327;15340520;ACEPTADO;PLANTA_TALCAHUANO
DOC-DUP-012;FAC;102767;CL0178;V008;CP45;FOODSERVICE;2025-09-29;2025-11-13;CLP;12891193;2449327;15340520;ACEPTADO;PLANTA_TALCAHUANO
DOC-2025-02184;FEX;50546;CL0014;V003;CP90;EXPORTACION;2025-09-30;2025-12-29;USD;71406.59;0;71406.59;ACEPTADO;PLANTA_QUELLON
DOC-2025-02478;FEX;50840;CL0048;V001;CP90;EXPORTACION;2025-09-30;2025-12-29;USD;207505.65;0;207505.65;ACEPTADO;PLANTA_CALDERA
DOC-2025-03230;FAC;102180;CL0074;V007;CP30;FOODSERVICE;2025-09-30;2025-10-30;CLP;10491871;1993455;12485326;ACEPTADO;PLANTA_TALCAHUANO
DOC-2025-03684;FAC;102603;CL0093;V006;CP30;FOODSERVICE;2025-09-30;2025-10-30;CLP;5251057;997701;6248758;ACEPTADO;CD_SANTIAGO
DOC-2025-03717;FAC;102634;CL0211;V006;CP45;FOODSERVICE;2025-09-30;2025-11-14;CLP;6648590;1263232;7911822;ACEPTADO;PLANTA_TALCAHUANO
DOC-2025-04262;FAC;103143;CL0301;V009;CP45;RETAIL;2025-09-30;2025-11-14;CLP;10249542;1947413;12196955;ACEPTADO;CD_SANTIAGO
DOC-2025-02355;FEX;50717;CL0033;V002;CP60;EXPORTACION;2025-10-01;2025-08-09;USD;70648.67;0;70648.67;ACEPTADO;PLANTA_CORONEL
DOC-2025-02435;FEX;50797;CL0048;V001;CP90;EXPORTACION;2025-10-01;2025-12-30;USD;38376.85;0;38376.85;ACEPTADO;PLANTA_CORONEL
DOC-2025-02777;FAC;101752;CL0219;V007;CP30;FOODSERVICE;2025-10-01;2025-10-31;CLP;1306794;248291;1555085;ACEPTADO;CD_SANTIAGO
DOC-2025-04097;FAC;102987;CL0240;V010;CP45;RETAIL;2025-10-01;2025-11-15;CLP;10403642;1976692;12380334;ACEPTADO;PLANTA_TALCAHUANO
DOC-2025-04260;FAC;103141;CL0296;V011;CP45;RETAIL;2025-10-01;2025-11-15;CLP;20634285;3920514;24554799;ACEPTADO;PLANTA_TALCAHUANO
DOC-2025-02310;FEX;50672;CL0037;V002;CP90;EXPORTACION;2025-10-02;2025-12-31;USD;4523.78;0;4523.78;ACEPTADO;PLANTA_CORONEL
DOC-2025-02348;FEX;50710;CL0072;V004;CP90;EXPORTACION;2025-10-02;2025-12-31;USD;21561.39;0;21561.39;ACEPTADO;PLANTA_CORONEL
DOC-2025-03124;FAC;102081;CL0132;V005;CP45;FOODSERVICE;2025-10-02;2025-11-16;CLP;4121391;783064;4904455;ACEPTADO;PLANTA_CORONEL
DOC-2025-03319;FAC;102264;CL0181;V008;CP45;FOODSERVICE;2025-10-02;2025-11-16;CLP;2817837;535389;3353226;ACEPTADO;PLANTA_CORONEL
DOC-2025-03551;FAC;102482;CL0181;V008;CP60;FOODSERVICE;2025-10-02;2025-12-01;CLP;6266074;1190554;7456628;ACEPTADO;CD_SANTIAGO
DOC-2025-03629;FAC;102555;CL0161;V005;CP30;FOODSERVICE;2025-10-02;2025-11-01;CLP;4331873;823056;5154929;ACEPTADO;PLANTA_CORONEL
DOC-2025-03918;FAC;102817;CL0167;V008;CP45;FOODSERVICE;2025-10-02;2025-11-16;CLP;3183566;604878;3788444;ACEPTADO;CD_SANTIAGO
DOC-2025-03982;FAC;102877;CL0227;V009;CP60;RETAIL;2025-10-02;2025-12-01;CLP;6741159;1280820;8021979;ACEPTADO;PLANTA_CORONEL
DOC-2025-02155;FEX;50517;CL0034;V004;CP90;EXPORTACION;2025-10-03;2026-01-01;USD;121035.11;0;121035.11;ACEPTADO;PLANTA_TALCAHUANO
DOC-2025-02227;FEX;50589;CL0049;V003;CP120;EXPORTACION;2025-10-03;2026-01-31;USD;115180.95;0;115180.95;ACEPTADO;PLANTA_TALCAHUANO
DOC-2025-02587;FAC;101578;CL0210;V005;CP30;FOODSERVICE;2025-10-03;2025-11-02;CLP;8735090;1659667;10394757;ACEPTADO;PLANTA_TALCAHUANO
DOC-2025-02610;FAC;101598;CL0129;V007;CP30;FOODSERVICE;2025-10-03;2025-11-02;CLP;838879;159387;998266;ACEPTADO;PLANTA_TALCAHUANO
DOC-2025-02634;FAC;101619;CL0159;V006;CP30;FOODSERVICE;2025-10-03;2025-11-02;CLP;15405747;2927092;18332839;ACEPTADO;PLANTA_CORONEL
DOC-2025-02651;FAC;101635;CL0114;V008;CP45;FOODSERVICE;2025-10-03;2025-11-17;CLP;4327904;822302;5150206;ACEPTADO;CD_SANTIAGO
DOC-2025-02658;FAC;101641;CL0161;V005;CP30;FOODSERVICE;2025-10-03;2025-11-02;CLP;3281856;623553;3905409;ACEPTADO;CD_SANTIAGO
DOC-2025-02743;FAC;101719;CL0180;V006;CP45;FOODSERVICE;2025-10-03;2025-10-18;CLP;3784794;719111;4503905;ACEPTADO;PLANTA_TALCAHUANO
DOC-2025-02776;FAC;101751;CL0178;V008;CP30;FOODSERVICE;2025-10-03;2025-11-02;CLP;24880742;4727341;29608083;ACEPTADO;CD_SANTIAGO
DOC-2025-02833;FAC;101805;CL0073;V005;CP45;FOODSERVICE;2025-10-03;2025-11-17;CLP;6154216;1169301;7323517;ANULADO;PLANTA_CORONEL
DOC-2025-02982;FAC;101946;CL0091;V007;CP30;FOODSERVICE;2025-10-03;2025-11-02;CLP;2400350;456066;2856416;ACEPTADO;PLANTA_CORONEL
DOC-2025-03063;FAC;102025;CL0109;V007;CP60;FOODSERVICE;2025-10-03;2025-12-02;CLP;8303248;1577617;9880865;ACEPTADO;CD_SANTIAGO
DOC-2025-03126;FAC;102083;CL0116;V006;CP30;FOODSERVICE;2025-10-03;2025-11-02;CLP;9488447;1802805;11291252;ACEPTADO;PLANTA_CORONEL
DOC-2025-03137;FAC;102094;CL0212;V005;CP30;FOODSERVICE;2025-10-03;2025-11-02;CLP;11412412;2168358;13580770;ACEPTADO;CD_SANTIAGO
DOC-2025-03173;FAC;102128;CL0074;V007;CP30;FOODSERVICE;2025-10-03;2025-11-02;CLP;26423940;5020549;31444489;ACEPTADO;PLANTA_TALCAHUANO
DOC-2025-03193;FAC;102145;CL0193;V008;CP45;FOODSERVICE;2025-10-03;2025-11-17;CLP;8186446;1555425;9741871;ACEPTADO;PLANTA_TALCAHUANO
DOC-2025-03292;FAC;102239;CL0214;V008;CP60;FOODSERVICE;2025-10-03;2025-12-02;CLP;12886998;2448530;15335528;ACEPTADO;CD_SANTIAGO
DOC-2025-03402;FEE;8185;CL0198;V006;CP30;FOODSERVICE;2025-10-03;2025-11-02;CLP;2830908;0;2830908;ACEPTADO;PLANTA_TALCAHUANO
DOC-2025-03409;FAC;102348;CL0214;V008;CP45;FOODSERVICE;2025-10-03;2025-11-17;CLP;9296331;1766303;11062634;ACEPTADO;PLANTA_CORONEL
DOC-2025-03655;FAC;102578;CL0171;V008;CP45;FOODSERVICE;2025-10-03;2025-11-17;CLP;5514607;1047775;6562382;ACEPTADO;CD_SANTIAGO
DOC-2025-03683;FAC;102602;CL0074;V007;CP30;FOODSERVICE;2025-10-03;2025-11-02;CLP;14143907;2687342;16831249;ACEPTADO;PLANTA_TALCAHUANO
DOC-2025-04015;FAC;102909;CL0279;V010;CP45;RETAIL;2025-10-03;2025-11-17;CLP;9701633;1843310;11544943;ACEPTADO;PLANTA_TALCAHUANO
DOC-2025-04056;FAC;102946;CL0319;V012;CP45;RETAIL;2025-10-03;2025-11-17;CLP;14709932;2794887;17504819;ACEPTADO;PLANTA_TALCAHUANO
DOC-2025-04090;FAC;102980;CL0288;V010;CP30;RETAIL;2025-10-03;2025-11-02;CLP;18987197;3607567;22594764;ACEPTADO;CD_SANTIAGO
DOC-2025-04127;FAC;103016;CL0301;V009;CP45;RETAIL;2025-10-03;2025-11-17;CLP;4615175;876883;5492058;ACEPTADO;PLANTA_CORONEL
DOC-2025-04202;FAC;103086;CL0245;V011;CP60;RETAIL;2025-10-03;2025-12-02;CLP;12677982;2408817;15086799;ACEPTADO;CD_SANTIAGO
DOC-DUP-003;FAC;102348;CL0214;V008;CP45;FOODSERVICE;2025-10-03;2025-11-17;CLP;9296331;1766303;11062634;ACEPTADO;PLANTA_CORONEL
DOC-DUP-013;FAC;102094;CL0212;V005;CP30;FOODSERVICE;2025-10-03;2025-11-02;CLP;11412412;2168358;13580770;ACEPTADO;CD_SANTIAGO
DOC-DUP-015;FAC;102578;CL0171;V008;CP45;FOODSERVICE;2025-10-03;2025-11-17;CLP;5514607;1047775;6562382;ACEPTADO;CD_SANTIAGO
DOC-2025-02156;FEX;50518;CL0068;V002;CP120;EXPORTACION;2025-10-06;2026-02-03;USD;20053.97;0;20053.97;ACEPTADO;PLANTA_CORONEL
DOC-2025-02473;FEX;50835;CL0072;V004;CP120;EXPORTACION;2025-10-06;2026-02-03;USD;16286.31;0;16286.31;ACEPTADO;PLANTA_QUELLON
DOC-2025-02934;FAC;101898;CL0078;V008;CP45;FOODSERVICE;2025-10-06;2025-11-20;CLP;1498785;284769;1783554;ACEPTADO;PLANTA_TALCAHUANO
DOC-2025-03256;FAC;102204;CL0193;V008;CP30;FOODSERVICE;2025-10-06;2025-11-05;CLP;8412137;1598306;10010443;ACEPTADO;PLANTA_TALCAHUANO
DOC-2025-03393;FAC;102333;CL0077;V007;CP30;FOODSERVICE;2025-10-06;2025-11-05;CLP;11234367;2134530;13368897;ACEPTADO;CD_SANTIAGO
DOC-2025-03435;FAC;102374;CL0163;V008;CP45;FOODSERVICE;2025-10-06;2025-11-20;CLP;2638035;501227;3139262;ACEPTADO;PLANTA_TALCAHUANO
DOC-2025-03586;FAC;102516;CL0178;V008;CP45;FOODSERVICE;2025-10-06;2025-11-20;CLP;2909671;552837;3462508;ACEPTADO;PLANTA_CORONEL
DOC-2025-02051;FEX;50413;CL0034;V004;CP90;EXPORTACION;2025-10-07;2026-01-05;USD;48805.29;0;48805.29;ACEPTADO;PLANTA_QUELLON
DOC-2025-02096;FEX;50458;CL0049;V003;CP90;EXPORTACION;2025-10-07;2026-01-05;USD;47152.13;0;47152.13;ACEPTADO;PLANTA_CORONEL
DOC-2025-02175;FEX;50537;CL0049;V003;CP90;EXPORTACION;2025-10-07;2026-01-05;USD;29652.08;0;29652.08;RECLAMADO;PLANTA_CALDERA
DOC-2025-02243;FEX;50605;CL0049;V003;CP60;EXPORTACION;2025-10-07;2025-12-06;USD;20336.15;0;20336.15;ACEPTADO;PLANTA_CALDERA
DOC-2025-02371;FEX;50733;CL0032;V002;CP120;EXPORTACION;2025-10-07;2026-02-04;USD;132974.84;0;132974.84;ACEPTADO;PLANTA_CORONEL
DOC-2025-02516;FAC;101513;CL0180;V006;CP45;FOODSERVICE;2025-10-07;2025-11-21;CLP;1655107;314470;1969577;ACEPTADO;PLANTA_CORONEL
DOC-2025-02684;FAC;101667;CL0209;V006;CP30;FOODSERVICE;2025-10-07;2025-11-06;CLP;7097817;1348585;8446402;ACEPTADO;PLANTA_CORONEL
DOC-2025-02964;FAC;101928;CL0178;V008;CP45;FOODSERVICE;2025-10-07;2025-11-21;CLP;6435259;1222699;7657958;ACEPTADO;PLANTA_CORONEL
DOC-2025-03284;FAC;102231;CL0132;V005;CP30;FOODSERVICE;2025-10-07;2025-11-06;CLP;7705798;1464102;9169900;ACEPTADO;PLANTA_TALCAHUANO
DOC-2025-03682;FAC;102601;CL0118;V007;CP45;FOODSERVICE;2025-10-07;2025-11-21;CLP;14712486;2795372;17507858;ACEPTADO;PLANTA_CORONEL
DOC-2025-03709;FAC;102627;CL0219;V007;CP45;FOODSERVICE;2025-10-07;2025-11-21;CLP;7724019;1467564;9191583;ACEPTADO;PLANTA_TALCAHUANO
DOC-2025-03794;FAC;102704;CL0118;V007;CP30;FOODSERVICE;2025-10-07;2025-11-06;CLP;7556344;1435705;8992049;ACEPTADO;CD_SANTIAGO
DOC-2025-04006;FAC;102900;CL0245;V011;CP60;RETAIL;2025-10-07;2025-12-06;CLP;15604943;2964939;18569882;RECLAMADO;CD_SANTIAGO
DOC-2025-04339;FAC;103216;CL0279;V010;CP30;RETAIL;2025-10-07;2025-11-06;CLP;31307339;5948394;37255733;ACEPTADO;PLANTA_CORONEL
DOC-2025-02291;FEX;50653;CL0032;V002;CP60;EXPORTACION;2025-10-08;2025-12-07;USD;72153.94;0;72153.94;ACEPTADO;PLANTA_TALCAHUANO
DOC-2025-02920;FAC;101886;CL0215;V008;CP30;FOODSERVICE;2025-10-08;2025-11-07;CLP;5328052;1012330;6340382;RECLAMADO;PLANTA_TALCAHUANO
DOC-2025-03089;FAC;102050;CL0120;V007;CP30;FOODSERVICE;2025-10-08;2025-11-07;CLP;14169078;2692125;16861203;ACEPTADO;CD_SANTIAGO
DOC-2025-03352;FAC;102295;CL0165;V007;CP45;FOODSERVICE;2025-10-08;2025-11-22;CLP;9633129;1830295;11463424;ACEPTADO;CD_SANTIAGO
DOC-2025-03502;FAC;102437;CL0165;V007;CP30;FOODSERVICE;2025-10-08;2025-11-07;CLP;7539874;1432576;8972450;ACEPTADO;CD_SANTIAGO
DOC-2025-03711;FAC;102629;CL0132;V005;CP30;FOODSERVICE;2025-10-08;2025-11-07;CLP;13015853;2473012;15488865;ACEPTADO;PLANTA_TALCAHUANO
DOC-2025-03718;FAC;102635;CL0195;V006;CP30;FOODSERVICE;2025-10-08;2025-11-07;CLP;8060349;1531466;9591815;ACEPTADO;PLANTA_CORONEL
DOC-2025-03054;FAC;102016;CL0173;V006;CP60;FOODSERVICE;2025-10-09;2025-12-08;CLP;2821416;536069;3357485;ACEPTADO;CD_SANTIAGO
DOC-2025-03148;FAC;102104;CL0133;V008;CP45;FOODSERVICE;2025-10-09;2025-11-23;CLP;6697009;1272432;7969441;ACEPTADO;CD_SANTIAGO
DOC-2025-03382;FAC;102322;CL0137;V007;CP30;FOODSERVICE;2025-10-09;2025-12-23;CLP;3176244;603486;3779730;ACEPTADO;CD_SANTIAGO
DOC-2025-03804;FAC;102714;CL0142;V007;CP30;FOODSERVICE;2025-10-09;2025-11-08;CLP;21903538;4161672;26065210;ACEPTADO;CD_SANTIAGO
DOC-2025-04315;FAC;103194;CL0227;V009;CP60;RETAIL;2025-10-09;2025-12-08;CLP;1696998;322430;2019428;ACEPTADO;PLANTA_TALCAHUANO
DOC-2025-02036;FEX;50398;CL0048;V001;CP60;EXPORTACION;2025-10-10;2025-12-09;CLP;135208489;0;135208489;ACEPTADO;PLANTA_CORONEL
DOC-2025-02066;FEX;50428;CL0058;V004;CP90;EXPORTACION;2025-10-10;2025-08-24;CLP;57363415;0;57363415;ACEPTADO;PLANTA_TALCAHUANO
DOC-2025-02133;FEX;50495;CL0058;V004;CP90;EXPORTACION;2025-10-10;2026-01-08;USD;28198.07;0;28198.07;ACEPTADO;PLANTA_TALCAHUANO
DOC-2025-02219;FEX;50581;CL0072;V004;CP90;EXPORTACION;2025-10-10;2026-01-08;USD;18338.0;0;18338.0;ACEPTADO;PLANTA_CORONEL
DOC-2025-02252;FEX;50614;CL0032;V002;CP90;EXPORTACION;2025-10-10;2026-01-08;USD;44969.76;0;44969.76;ACEPTADO;PLANTA_TALCAHUANO
DOC-2025-02408;FEX;50770;CL0049;V003;CP60;EXPORTACION;2025-10-10;2025-12-09;USD;91011.41;0;91011.41;ACEPTADO;PLANTA_CALDERA
DOC-2025-02645;FAC;101629;CL0162;V007;CP30;FOODSERVICE;2025-10-10;2025-11-09;CLP;3580952;680381;4261333;ANULADO;PLANTA_TALCAHUANO
DOC-2025-02666;FAC;101649;CL0189;V008;CP30;FOODSERVICE;2025-10-10;2025-11-09;CLP;5640304;1071658;6711962;ACEPTADO;PLANTA_CORONEL
DOC-2025-02761;FAC;101736;CL0117;V008;CP45;FOODSERVICE;2025-10-10;2025-11-24;CLP;4308249;818567;5126816;ACEPTADO;PLANTA_CORONEL
DOC-2025-02841;FAC;101813;CL0217;V007;CP30;FOODSERVICE;2025-10-10;2025-11-09;CLP;3021124;574014;3595138;ACEPTADO;PLANTA_TALCAHUANO
DOC-2025-02921;FAC;101887;CL0098;V005;CP30;FOODSERVICE;2025-10-10;2025-11-09;CLP;3352573;636989;3989562;ACEPTADO;PLANTA_TALCAHUANO
DOC-2025-03044;FAC;102006;CL0182;V008;CP45;FOODSERVICE;2025-10-10;2025-12-09;CLP;5648651;1073244;6721895;ACEPTADO;CD_SANTIAGO
DOC-2025-03077;FAC;102039;CL0181;V008;CP45;FOODSERVICE;2025-10-10;2025-11-24;CLP;5171318;982550;6153868;ACEPTADO;CD_SANTIAGO
DOC-2025-03135;FAC;102092;CL0075;V007;CP30;FOODSERVICE;2025-10-10;2025-11-09;CLP;16915339;3213914;20129253;ACEPTADO;CD_SANTIAGO
DOC-2025-03198;FAC;102149;CL0099;V008;CP45;FOODSERVICE;2025-10-10;2025-11-24;CLP;4860230;923444;5783674;ACEPTADO;PLANTA_CORONEL
DOC-2025-03312;FEE;8179;CL0074;V007;CP45;FOODSERVICE;2025-10-10;2025-11-24;CLP;20830074;0;20830074;ACEPTADO;PLANTA_TALCAHUANO
DOC-2025-03418;FAC;102357;CL0128;V005;CP30;FOODSERVICE;2025-10-10;2025-11-09;CLP;2959758;562354;3522112;ACEPTADO;PLANTA_CORONEL
DOC-2025-03505;FAC;102440;CL0161;V005;CP45;FOODSERVICE;2025-10-10;2025-11-24;CLP;17763648;3375093;21138741;ACEPTADO;CD_SANTIAGO
DOC-2025-03622;FAC;102548;CL0093;V006;CP45;FOODSERVICE;2025-10-10;2025-11-24;CLP;2462113;467801;2929914;ACEPTADO;PLANTA_TALCAHUANO
DOC-2025-03650;FEE;8201;CL0141;V006;CP45;FOODSERVICE;2025-10-10;2025-11-24;CLP;4275606;0;4275606;ACEPTADO;PLANTA_CORONEL
DOC-2025-03886;FAC;102787;CL0195;V006;CP30;FOODSERVICE;2025-10-10;2025-11-09;CLP;5688030;1080726;6768756;ACEPTADO;PLANTA_CORONEL
DOC-2025-03949;FAC;102846;CL0158;V007;CP45;FOODSERVICE;2025-10-10;2025-11-24;CLP;15212236;2890325;18102561;ACEPTADO;PLANTA_TALCAHUANO
DOC-2025-03971;FAC;102867;CL0177;V005;CP30;FOODSERVICE;2025-10-10;2025-11-09;CLP;3483582;661881;4145463;ACEPTADO;PLANTA_TALCAHUANO
DOC-2025-04220;FAC;103104;CL0326;V009;CP45;RETAIL;2025-10-10;2025-11-24;CLP;9833714;1868406;11702120;ACEPTADO;CD_SANTIAGO
DOC-2025-02131;FEX;50493;CL0051;V001;CP60;EXPORTACION;2025-10-13;2025-12-12;USD;111606.62;0;111606.62;ACEPTADO;PLANTA_TALCAHUANO
DOC-2025-02226;FEX;50588;CL0041;V003;CP120;EXPORTACION;2025-10-13;2026-02-10;USD;25788.02;0;25788.02;ACEPTADO;PLANTA_QUELLON
DOC-2025-02809;FEE;8151;CL0120;V007;CP30;FOODSERVICE;2025-10-13;2025-11-12;CLP;4618597;0;4618597;ACEPTADO;PLANTA_CORONEL
DOC-2025-03609;FAC;102536;CL0113;V005;CP60;FOODSERVICE;2025-10-13;2025-12-12;CLP;3450331;655563;4105894;ACEPTADO;CD_SANTIAGO
DOC-2025-03626;FAC;102552;CL0128;V005;CP45;FOODSERVICE;2025-10-13;2025-11-27;CLP;4359268;828261;5187529;ACEPTADO;CD_SANTIAGO
DOC-2025-03662;FAC;102584;CL0163;V008;CP30;FOODSERVICE;2025-10-13;2025-11-12;CLP;1105528;210050;1315578;ACEPTADO;PLANTA_CORONEL
DOC-2025-03964;FAC;102860;CL0118;V007;CP60;FOODSERVICE;2025-10-13;2025-12-12;CLP;7930080;1506715;9436795;ACEPTADO;CD_SANTIAGO
DOC-2025-04018;FAC;102912;CL0301;V009;CP30;RETAIL;2025-10-13;2025-11-12;CLP;17371192;3300526;20671718;ACEPTADO;PLANTA_CORONEL
DOC-2025-02043;FEX;50405;CL0062;V004;CP90;EXPORTACION;2025-10-14;2026-01-12;USD;17301.89;0;17301.89;ACEPTADO;PLANTA_QUELLON
DOC-2025-02806;FAC;101780;CL0118;V007;CP60;FOODSERVICE;2025-10-14;2025-12-13;CLP;19104845;3629921;22734766;ACEPTADO;PLANTA_TALCAHUANO
DOC-2025-02933;FAC;101897;CL0210;V005;CP45;FOODSERVICE;2025-10-14;2025-11-28;CLP;8479346;1611076;10090422;ACEPTADO;PLANTA_TALCAHUANO
DOC-2025-03854;FAC;102758;CL0144;V006;CP60;FOODSERVICE;2025-10-14;2025-12-13;CLP;2982249;566627;3548876;ACEPTADO;PLANTA_TALCAHUANO
DOC-2025-03897;FAC;102798;CL0214;V008;CP30;FOODSERVICE;2025-10-14;2025-11-13;CLP;7934898;1507631;9442529;ACEPTADO;PLANTA_CORONEL
DOC-2025-04177;FEE;8238;CL0279;V010;CP60;RETAIL;2025-10-14;2025-12-13;CLP;106203386;0;106203386;ACEPTADO;PLANTA_TALCAHUANO
DOC-DUP-005;FEE;8238;CL0279;V010;CP60;RETAIL;2025-10-14;2025-12-13;CLP;106203386;0;106203386;ACEPTADO;PLANTA_TALCAHUANO
DOC-2025-02873;FAC;101842;CL0104;V006;CP30;FOODSERVICE;2025-10-15;2025-11-14;CLP;2441205;463829;2905034;ACEPTADO;CD_SANTIAGO
DOC-2025-02995;FAC;101959;CL0077;V007;CP60;FOODSERVICE;2025-10-15;2025-12-14;CLP;3363744;639111;4002855;ACEPTADO;PLANTA_TALCAHUANO
DOC-2025-03630;FAC;102556;CL0208;V007;CP30;FOODSERVICE;2025-10-15;2025-11-14;CLP;15783710;2998905;18782615;ACEPTADO;CD_SANTIAGO
DOC-2025-03691;FAC;102609;CL0074;V007;CP45;FOODSERVICE;2025-10-15;2025-11-29;CLP;23348622;4436238;27784860;ACEPTADO;CD_SANTIAGO
DOC-2025-04034;FAC;102927;CL0240;V010;CP90;RETAIL;2025-10-15;2025-09-29;CLP;11798324;2241682;14040006;ACEPTADO;CD_SANTIAGO
DOC-2025-02116;FEX;50478;CL0017;V003;CP60;EXPORTACION;2025-10-16;2026-01-29;USD;27461.99;0;27461.99;RECLAMADO;PLANTA_TALCAHUANO
DOC-2025-02682;FAC;101665;CL0161;V005;CP00;FOODSERVICE;2025-10-16;2025-10-16;CLP;13492132;2563505;16055637;ACEPTADO;CD_SANTIAGO
DOC-2025-02976;FAC;101940;CL0217;V007;CP45;FOODSERVICE;2025-10-16;2025-11-30;CLP;5157272;979882;6137154;ACEPTADO;PLANTA_TALCAHUANO
DOC-2025-03106;FAC;102063;CL0181;V008;CP60;FOODSERVICE;2025-10-16;2025-12-15;CLP;1432794;272231;1705025;ACEPTADO;CD_SANTIAGO
DOC-2025-03839;FAC;102745;CL0124;V006;CP00;FOODSERVICE;2025-10-16;2025-10-16;CLP;2993253;568718;3561971;ACEPTADO;CD_SANTIAGO
DOC-2025-03933;FAC;102830;CL0207;V008;CP30;FOODSERVICE;2025-10-16;2025-11-15;CLP;2662220;505822;3168042;ACEPTADO;CD_SANTIAGO
DOC-2025-04134;FAC;103023;CL0323;V011;CP30;RETAIL;2025-10-16;2025-11-15;CLP;13186624;2505459;15692083;ACEPTADO;CD_SANTIAGO
DOC-2025-04333;FEE;8247;CL0328;V012;CP60;RETAIL;2025-10-16;2025-12-15;CLP;3006378;0;3006378;ACEPTADO;PLANTA_CORONEL
DOC-DUP-004;FAC;101665;CL0161;V005;CP00;FOODSERVICE;2025-10-16;2025-10-16;CLP;13492132;2563505;16055637;ACEPTADO;CD_SANTIAGO
DOC-2025-02058;FEX;50420;CL0052;V001;CP60;EXPORTACION;2025-10-17;2025-12-16;USD;23827.14;0;23827.14;ACEPTADO;PLANTA_QUELLON
DOC-2025-02166;FEX;50528;CL0032;V002;CP90;EXPORTACION;2025-10-17;2026-03-01;CLP;43642450;0;43642450;ACEPTADO;PLANTA_TALCAHUANO
DOC-2025-02217;FEX;50579;CL0028;V001;CP90;EXPORTACION;2025-10-17;2026-01-15;USD;34111.96;0;34111.96;ACEPTADO;PLANTA_TALCAHUANO
DOC-2025-02221;FEX;50583;CL0060;V003;CP60;EXPORTACION;2025-10-17;2025-12-16;USD;26241.43;0;26241.43;ACEPTADO;PLANTA_TALCAHUANO
DOC-2025-02568;FAC;101561;CL0203;V008;CP30;FOODSERVICE;2025-10-17;2025-11-16;CLP;17271614;3281607;20553221;ACEPTADO;PLANTA_CORONEL
DOC-2025-02621;FAC;101608;CL0214;V008;CP30;FOODSERVICE;2025-10-17;2025-11-16;CLP;15437321;2933091;18370412;ACEPTADO;CD_SANTIAGO
DOC-2025-02807;FAC;101781;CL0169;V007;CP45;FOODSERVICE;2025-10-17;2025-12-01;CLP;11414253;2168708;13582961;ACEPTADO;CD_SANTIAGO
DOC-2025-03064;FAC;102026;CL0175;V008;CP00;FOODSERVICE;2025-10-17;2025-10-17;CLP;18471838;3509649;21981487;ACEPTADO;PLANTA_CORONEL
DOC-2025-03195;FAC;102147;CL0089;V008;CP45;FOODSERVICE;2025-10-17;2025-12-01;CLP;7254430;1378342;8632772;ACEPTADO;PLANTA_CORONEL
DOC-2025-03324;FAC;102269;CL0122;V007;CP45;FOODSERVICE;2025-10-17;2025-12-01;CLP;2515008;477852;2992860;ACEPTADO;CD_SANTIAGO
DOC-2025-03357;FAC;102299;CL0110;V008;CP00;FOODSERVICE;2025-10-17;2025-10-17;CLP;4595373;873121;5468494;ACEPTADO;CD_SANTIAGO
DOC-2025-03369;FAC;102311;CL0183;V005;CP60;FOODSERVICE;2025-10-17;2025-12-16;CLP;3327253;632178;3959431;ACEPTADO;PLANTA_CORONEL
DOC-2025-03429;FAC;102368;CL0201;V005;CP30;FOODSERVICE;2025-10-17;2025-11-16;CLP;5304798;1007912;6312710;ACEPTADO;CD_SANTIAGO
DOC-2025-03440;FAC;102379;CL0103;V005;CP45;FOODSERVICE;2025-10-17;2025-12-01;CLP;1916467;364129;2280596;ACEPTADO;PLANTA_CORONEL
DOC-2025-03608;FAC;102535;CL0183;V005;CP60;FOODSERVICE;2025-10-17;2025-12-16;CLP;8817905;1675402;10493307;ACEPTADO;PLANTA_CORONEL
DOC-2025-03649;FAC;102573;CL0144;V006;CP30;FOODSERVICE;2025-10-17;2025-11-16;CLP;2885235;548195;3433430;ACEPTADO;PLANTA_CORONEL
DOC-2025-03880;FAC;102781;CL0098;V005;CP00;FOODSERVICE;2025-10-17;2025-10-17;CLP;2640800;501752;3142552;ACEPTADO;CD_SANTIAGO
DOC-2025-03997;FAC;102892;CL0241;V011;CP90;RETAIL;2025-10-17;2026-01-15;CLP;35656440;6774724;42431164;ACEPTADO;PLANTA_CORONEL
DOC-2025-04052;FAC;102942;CL0343;V011;CP45;RETAIL;2025-10-17;2025-12-01;CLP;5479319;1041071;6520390;ACEPTADO;PLANTA_TALCAHUANO
DOC-2025-04139;FAC;103028;CL0279;V010;CP30;RETAIL;2025-10-17;2025-11-16;CLP;20578187;3909856;24488043;ACEPTADO;PLANTA_CORONEL
DOC-2025-04165;FAC;103053;CL0279;V010;CP30;RETAIL;2025-10-17;2025-11-16;CLP;31439662;5973536;37413198;ACEPTADO;CD_SANTIAGO
DOC-2025-04246;FEE;8241;CL0232;V009;CP90;RETAIL;2025-10-17;2026-01-15;CLP;7014942;0;7014942;ACEPTADO;PLANTA_TALCAHUANO
DOC-2025-02202;FEX;50564;CL0072;V004;CP120;EXPORTACION;2025-10-20;2026-02-17;USD;58381.34;0;58381.34;ACEPTADO;PLANTA_CALDERA
DOC-2025-02504;FEX;50866;CL0062;V004;CP90;EXPORTACION;2025-10-20;2026-01-18;USD;34879.12;0;34879.12;ACEPTADO;PLANTA_TALCAHUANO
DOC-2025-02515;FAC;101512;CL0168;V005;CP00;FOODSERVICE;2025-10-20;2025-10-20;CLP;1841727;349928;2191655;ACEPTADO;CD_SANTIAGO
DOC-2025-02518;FAC;101515;CL0193;V008;CP45;FOODSERVICE;2025-10-20;2025-12-04;CLP;4232997;804269;5037266;ACEPTADO;CD_SANTIAGO
DOC-2025-02823;FAC;101795;CL0106;V008;CP60;FOODSERVICE;2025-10-20;2025-12-19;CLP;3045608;578666;3624274;ACEPTADO;PLANTA_TALCAHUANO
DOC-2025-02863;FAC;101833;CL0074;V007;CP30;FOODSERVICE;2025-10-20;2025-11-19;CLP;27693221;5261712;32954933;ACEPTADO;PLANTA_CORONEL
DOC-2025-02188;FEX;50550;CL0051;V001;CP90;EXPORTACION;2025-10-21;2026-01-19;USD;20330.12;0;20330.12;ACEPTADO;PLANTA_CORONEL
DOC-2025-03111;FAC;102068;CL0150;V006;CP30;FOODSERVICE;2025-10-21;2025-11-20;CLP;10767952;2045911;12813863;ACEPTADO;PLANTA_CORONEL
DOC-2025-03285;FAC;102232;CL0118;V007;CP60;FOODSERVICE;2025-10-21;2025-12-20;CLP;8484145;1611988;10096133;ACEPTADO;CD_SANTIAGO
DOC-2025-03334;FAC;102277;CL0119;V007;CP30;FOODSERVICE;2025-10-21;2025-11-20;CLP;5380172;1022233;6402405;ACEPTADO;CD_SANTIAGO
DOC-2025-03526;FAC;102457;CL0089;V008;CP30;FOODSERVICE;2025-10-21;2025-11-20;CLP;2180936;414378;2595314;ACEPTADO;CD_SANTIAGO
DOC-2025-03801;FAC;102711;CL0091;V007;CP45;FOODSERVICE;2025-10-21;2025-12-05;CLP;3110443;590984;3701427;ACEPTADO;PLANTA_TALCAHUANO
DOC-2025-02108;FEX;50470;CL0056;V002;CP60;EXPORTACION;2025-10-22;2025-12-21;USD;32791.51;0;32791.51;ACEPTADO;PLANTA_CALDERA
DOC-2025-02114;FEX;50476;CL0052;V001;CP90;EXPORTACION;2025-10-22;2026-01-20;USD;24679.02;0;24679.02;ACEPTADO;PLANTA_QUELLON
DOC-2025-02758;FAC;101733;CL0214;V008;CP60;FOODSERVICE;2025-10-22;2025-12-21;CLP;9354583;1777371;11131954;ACEPTADO;CD_SANTIAGO
DOC-2025-02791;FAC;101766;CL0202;V005;CP45;FOODSERVICE;2025-10-22;2025-12-06;CLP;14704214;2793801;17498015;ACEPTADO;PLANTA_TALCAHUANO
DOC-2025-03667;FAC;102588;CL0160;V006;CP30;FOODSERVICE;2025-10-22;2025-11-21;CLP;1601362;304259;1905621;ACEPTADO;PLANTA_CORONEL
DOC-2025-04048;FAC;102938;CL0245;V011;CP60;RETAIL;2025-10-22;2025-12-21;CLP;20514438;3897743;24412181;ACEPTADO;PLANTA_CORONEL
DOC-2025-04064;FAC;102954;CL0243;V010;CP60;RETAIL;2025-10-22;2025-12-21;CLP;7011491;1332183;8343674;ACEPTADO;PLANTA_TALCAHUANO
DOC-DUP-010;FEX;50476;CL0052;V001;CP90;EXPORTACION;2025-10-22;2026-01-20;USD;24679.02;0;24679.02;ACEPTADO;PLANTA_QUELLON
DOC-2025-02159;FEX;50521;CL0034;V004;CP90;EXPORTACION;2025-10-23;2025-12-22;USD;101884.63;0;101884.63;ACEPTADO;PLANTA_TALCAHUANO
DOC-2025-02288;FEX;50650;CL0062;V004;CP60;EXPORTACION;2025-10-23;2025-12-22;CLP;24065080;0;24065080;ACEPTADO;PLANTA_CALDERA
DOC-2025-02928;FAC;101893;CL0138;V005;CP45;FOODSERVICE;2025-10-23;2025-12-07;CLP;4204610;798876;5003486;ACEPTADO;CD_SANTIAGO
DOC-2025-03000;FAC;101964;CL0170;V005;CP60;FOODSERVICE;2025-10-23;2025-12-22;CLP;9638865;1831384;11470249;ACEPTADO;PLANTA_CORONEL
DOC-2025-03600;FAC;102529;CL0220;V007;CP30;FOODSERVICE;2025-10-23;2025-12-17;CLP;16775913;3187423;19963336;ACEPTADO;CD_SANTIAGO
DOC-2025-03846;FEE;8219;CL0141;V006;CP45;FOODSERVICE;2025-10-23;2025-12-07;CLP;2671960;0;2671960;ACEPTADO;PLANTA_CORONEL
DOC-2025-02461;FEX;50823;CL0012;V004;CP60;EXPORTACION;2025-10-24;2025-12-23;USD;97084.75;0;97084.75;ACEPTADO;PLANTA_QUELLON
DOC-2025-02502;FEX;50864;CL0012;V004;CP90;EXPORTACION;2025-10-24;2026-01-22;USD;164819.22;0;164819.22;ACEPTADO;PLANTA_TALCAHUANO
DOC-2025-02613;FAC;101601;CL0078;V008;CP30;FOODSERVICE;2025-10-24;2025-11-23;CLP;1775092;337267;2112359;ACEPTADO;PLANTA_TALCAHUANO
DOC-2025-02728;FAC;101706;CL0085;V008;CP60;FOODSERVICE;2025-10-24;2025-12-23;CLP;5279015;1003013;6282028;ACEPTADO;PLANTA_CORONEL
DOC-2025-02849;FAC;101820;CL0146;V005;CP60;FOODSERVICE;2025-10-24;2025-12-23;CLP;10460946;1987580;12448526;ACEPTADO;PLANTA_CORONEL
DOC-2025-02918;FAC;101884;CL0097;V007;CP00;FOODSERVICE;2025-10-24;2025-10-24;CLP;12885759;2448294;15334053;ACEPTADO;PLANTA_TALCAHUANO
DOC-2025-02952;FAC;101916;CL0117;V008;CP30;FOODSERVICE;2025-10-24;2025-11-23;CLP;10907156;2072360;12979516;ACEPTADO;PLANTA_CORONEL
DOC-2025-03020;FAC;101983;CL0089;V008;CP60;FOODSERVICE;2025-10-24;2025-12-23;CLP;4299800;816962;5116762;ACEPTADO;CD_SANTIAGO
DOC-2025-03066;FAC;102028;CL0118;V007;CP45;FOODSERVICE;2025-10-24;2026-01-22;CLP;15973819;3035026;19008845;ACEPTADO;PLANTA_TALCAHUANO
DOC-2025-03489;FAC;102424;CL0074;V007;CP30;FOODSERVICE;2025-10-24;2025-11-23;CLP;12506415;2376219;14882634;ACEPTADO;CD_SANTIAGO
DOC-2025-03531;FAC;102462;CL0131;V006;CP45;FOODSERVICE;2025-10-24;2025-12-08;CLP;6322805;1201333;7524138;ACEPTADO;PLANTA_TALCAHUANO
DOC-2025-03539;FAC;102470;CL0110;V008;CP30;FOODSERVICE;2025-10-24;2025-11-23;CLP;3084966;586144;3671110;ACEPTADO;CD_SANTIAGO
DOC-2025-03581;FAC;102511;CL0174;V008;CP45;FOODSERVICE;2025-10-24;2025-12-08;CLP;9015483;1712942;10728425;ACEPTADO;CD_SANTIAGO
DOC-2025-03654;FAC;102577;CL0103;V005;CP30;FOODSERVICE;2025-10-24;2025-11-23;CLP;5328650;1012444;6341094;ACEPTADO;PLANTA_TALCAHUANO
DOC-2025-03855;FAC;102759;CL0091;V007;CP45;FOODSERVICE;2025-10-24;2025-12-08;CLP;12848813;2441274;15290087;ACEPTADO;PLANTA_TALCAHUANO
DOC-2025-03862;FAC;102765;CL0191;V006;CP30;FOODSERVICE;2025-10-24;2025-11-23;CLP;5911019;1123094;7034113;ACEPTADO;CD_SANTIAGO
DOC-2025-03938;FAC;102835;CL0118;V007;CP45;FOODSERVICE;2025-10-24;2025-12-08;CLP;12052608;2289996;14342604;ACEPTADO;CD_SANTIAGO
DOC-2025-04007;FAC;102901;CL0270;V012;CP30;RETAIL;2025-10-24;2025-11-23;CLP;52391836;9954449;62346285;ACEPTADO;PLANTA_CORONEL
DOC-2025-04036;FAC;102928;CL0285;V011;CP45;RETAIL;2025-10-24;2025-12-08;CLP;14806398;2813216;17619614;ACEPTADO;PLANTA_TALCAHUANO
DOC-2025-04037;FAC;102929;CL0266;V012;CP90;RETAIL;2025-10-24;2026-01-22;CLP;19225978;3652936;22878914;ACEPTADO;CD_SANTIAGO
DOC-2025-04117;FAC;103006;CL0246;V009;CP60;RETAIL;2025-10-24;2025-12-23;CLP;19270974;3661485;22932459;ACEPTADO;CD_SANTIAGO
DOC-2025-04159;FAC;103047;CL0279;V010;CP30;RETAIL;2025-10-24;2025-11-23;CLP;20336308;3863899;24200207;ACEPTADO;PLANTA_TALCAHUANO
DOC-2025-04172;FAC;103060;CL0311;V012;CP45;RETAIL;2025-10-24;2025-12-08;CLP;38950635;7400621;46351256;ACEPTADO;PLANTA_TALCAHUANO
DOC-2025-04192;FAC;103076;CL0310;V009;CP45;RETAIL;2025-10-24;2025-12-08;CLP;7090766;1347246;8438012;ACEPTADO;CD_SANTIAGO
DOC-2025-04297;FAC;103177;CL0337;V011;CP45;RETAIL;2025-10-24;2025-12-08;CLP;22645304;4302608;26947912;ACEPTADO;PLANTA_TALCAHUANO
DOC-2025-02378;FEX;50740;CL0024;V002;CP60;EXPORTACION;2025-10-27;2026-02-24;USD;20092.5;0;20092.5;ACEPTADO;PLANTA_QUELLON
DOC-2025-02795;FAC;101770;CL0155;V005;CP45;FOODSERVICE;2025-10-27;2025-12-11;CLP;14656896;2784810;17441706;ACEPTADO;PLANTA_CORONEL
DOC-2025-02815;FAC;101788;CL0118;V007;CP45;FOODSERVICE;2025-10-27;2025-12-11;CLP;14830207;2817739;17647946;ACEPTADO;PLANTA_CORONEL
DOC-2025-02400;FEX;50762;CL0034;V004;CP90;EXPORTACION;2025-10-28;2026-01-26;USD;57049.91;0;57049.91;ACEPTADO;PLANTA_QUELLON
DOC-2025-02927;FAC;101892;CL0155;V005;CP45;FOODSERVICE;2025-10-28;2025-12-12;CLP;16851013;3201692;20052705;ACEPTADO;CD_SANTIAGO
DOC-2025-03005;FAC;101968;CL0181;V008;CP45;FOODSERVICE;2025-10-28;2025-12-12;CLP;2538525;482320;3020845;ACEPTADO;PLANTA_CORONEL
DOC-2025-03199;FAC;102150;CL0214;V008;CP60;FOODSERVICE;2025-10-28;2025-12-27;CLP;4352082;826896;5178978;ACEPTADO;PLANTA_TALCAHUANO
DOC-2025-03558;FAC;102489;CL0154;V005;CP45;FOODSERVICE;2025-10-28;2025-12-12;CLP;6131269;1164941;7296210;ACEPTADO;PLANTA_CORONEL
DOC-2025-03730;FAC;102646;CL0123;V006;CP00;FOODSERVICE;2025-10-28;2025-10-28;CLP;3117251;592278;3709529;ACEPTADO;PLANTA_TALCAHUANO
DOC-2025-03924;FAC;102823;CL0166;V008;CP60;FOODSERVICE;2025-10-28;2025-12-27;CLP;7431863;1412054;8843917;ACEPTADO;CD_SANTIAGO
DOC-2025-02564;FAC;101557;CL0137;V007;CP60;FOODSERVICE;2025-10-29;2025-12-28;CLP;1518648;288543;1807191;ACEPTADO;CD_SANTIAGO
DOC-2025-02911;FAC;101877;CL0168;V005;CP60;FOODSERVICE;2025-10-29;2025-12-28;CLP;3414368;648730;4063098;ACEPTADO;PLANTA_TALCAHUANO
DOC-2025-02924;FAC;101889;CL0217;V007;CP30;FOODSERVICE;2025-10-29;2025-11-28;CLP;11439207;2173449;13612656;ACEPTADO;CD_SANTIAGO
DOC-2025-03225;FAC;102175;CL0119;V007;CP60;FOODSERVICE;2025-10-29;2025-12-28;CLP;4618197;877457;5495654;ACEPTADO;CD_SANTIAGO
DOC-2025-03412;FAC;102351;CL0074;V007;CP60;FOODSERVICE;2025-10-29;2025-12-28;CLP;12310221;2338942;14649163;ACEPTADO;PLANTA_TALCAHUANO
DOC-2025-03433;FAC;102372;CL0104;V006;CP30;FOODSERVICE;2025-10-29;2025-11-28;CLP;8033905;1526442;9560347;ACEPTADO;CD_SANTIAGO
DOC-2025-03768;FAC;102682;CL0125;V008;CP60;FOODSERVICE;2025-10-29;2025-12-28;CLP;2492316;473540;2965856;ACEPTADO;PLANTA_CORONEL
DOC-2025-03799;FAC;102709;CL0203;V008;CP45;FOODSERVICE;2025-10-29;2025-12-13;CLP;14134304;2685518;16819822;ACEPTADO;PLANTA_CORONEL
DOC-2025-04033;FAC;102926;CL0305;V009;CP30;RETAIL;2025-10-29;2025-11-28;CLP;6418250;1219468;7637718;ACEPTADO;CD_SANTIAGO
DOC-2025-04273;FAC;103154;CL0285;V011;CP45;RETAIL;2025-10-29;2025-12-13;CLP;4857699;922963;5780662;ACEPTADO;CD_SANTIAGO
DOC-2025-02105;FEX;50467;CL0032;V002;CP60;EXPORTACION;2025-10-30;2025-12-14;USD;49064.49;0;49064.49;ACEPTADO;PLANTA_CALDERA
DOC-2025-02149;FEX;50511;CL0056;V002;CP60;EXPORTACION;2025-10-30;2025-12-29;USD;27712.08;0;27712.08;ACEPTADO;PLANTA_QUELLON
DOC-2025-02274;FEX;50636;CL0032;V002;CP90;EXPORTACION;2025-10-30;2026-01-28;USD;213633.64;0;213633.64;ACEPTADO;PLANTA_CALDERA
DOC-2025-02368;FEX;50730;CL0049;V003;CP60;EXPORTACION;2025-10-30;2026-02-27;USD;69649.71;0;69649.71;ACEPTADO;PLANTA_CORONEL
DOC-2025-02492;FEX;50854;CL0018;V003;CP60;EXPORTACION;2025-10-30;2025-12-29;USD;47856.71;0;47856.71;ACEPTADO;PLANTA_QUELLON
DOC-2025-02548;FAC;101541;CL0207;V008;CP30;FOODSERVICE;2025-10-30;2025-11-29;CLP;11711262;2225140;13936402;ACEPTADO;PLANTA_CORONEL
DOC-2025-02686;FAC;101669;CL0073;V005;CP60;FOODSERVICE;2025-10-30;2025-12-29;CLP;16458439;3127103;19585542;ACEPTADO;PLANTA_CORONEL
DOC-2025-02725;FAC;101704;CL0132;V005;CP60;FOODSERVICE;2025-10-30;2025-12-29;CLP;5250446;997585;6248031;ACEPTADO;CD_SANTIAGO
DOC-2025-02798;FAC;101773;CL0138;V005;CP45;FOODSERVICE;2025-10-30;2025-12-14;CLP;5173992;983058;6157050;ACEPTADO;CD_SANTIAGO
DOC-2025-02829;FAC;101801;CL0156;V008;CP60;FOODSERVICE;2025-10-30;2025-12-29;CLP;5750535;1092602;6843137;ACEPTADO;PLANTA_CORONEL
DOC-2025-02834;FAC;101806;CL0217;V007;CP45;FOODSERVICE;2025-10-30;2025-12-14;CLP;12349739;2346450;14696189;ACEPTADO;CD_SANTIAGO
DOC-2025-02848;FAC;101819;CL0138;V005;CP45;FOODSERVICE;2025-10-30;2025-12-14;CLP;5384997;1023149;6408146;ACEPTADO;CD_SANTIAGO
DOC-2025-03176;FAC;102131;CL0129;V007;CP45;FOODSERVICE;2025-10-30;2025-12-14;CLP;3950100;750519;4700619;ACEPTADO;PLANTA_TALCAHUANO
DOC-2025-03239;FAC;102189;CL0202;V005;CP60;FOODSERVICE;2025-10-30;2025-12-29;CLP;6292735;1195620;7488355;ACEPTADO;PLANTA_CORONEL
DOC-2025-03244;FAC;102194;CL0105;V006;CP45;FOODSERVICE;2025-10-30;2025-12-14;CLP;4288526;814820;5103346;ACEPTADO;PLANTA_CORONEL
DOC-2025-03441;FAC;102380;CL0220;V007;CP60;FOODSERVICE;2025-10-30;2025-12-29;CLP;2737182;520065;3257247;ACEPTADO;CD_SANTIAGO
DOC-2025-03726;FAC;102642;CL0214;V008;CP30;FOODSERVICE;2025-10-30;2025-11-29;CLP;6130434;1164782;7295216;ACEPTADO;PLANTA_TALCAHUANO
DOC-2025-03922;FAC;102821;CL0118;V007;CP30;FOODSERVICE;2025-10-30;2025-11-29;CLP;32473780;6170018;38643798;ACEPTADO;CD_SANTIAGO
DOC-2025-04004;FAC;102898;CL0273;V009;CP45;RETAIL;2025-10-30;2025-12-14;CLP;3482368;661650;4144018;ACEPTADO;PLANTA_CORONEL
DOC-2025-04055;FAC;102945;CL0231;V009;CP90;RETAIL;2025-10-30;2026-01-28;CLP;7457331;1416893;8874224;ACEPTADO;PLANTA_TALCAHUANO
DOC-2025-04096;FAC;102986;CL0341;V010;CP45;RETAIL;2025-10-30;2025-12-14;CLP;2827425;537211;3364636;ACEPTADO;PLANTA_TALCAHUANO
DOC-2025-04204;FAC;103088;CL0314;V009;CP30;RETAIL;2025-10-30;2025-11-29;CLP;30566990;5807728;36374718;ACEPTADO;CD_SANTIAGO
DOC-2025-04209;FAC;103093;CL0331;V011;CP45;RETAIL;2025-10-30;2025-12-14;CLP;23510058;4466911;27976969;ACEPTADO;CD_SANTIAGO
DOC-2025-04233;FAC;103117;CL0275;V011;CP60;RETAIL;2025-10-30;2025-12-29;CLP;15678919;2978995;18657914;ACEPTADO;PLANTA_CORONEL
DOC-2025-02432;FEX;50794;CL0062;V004;CP90;EXPORTACION;2025-11-03;2026-02-01;CLP;55164628;0;55164628;ACEPTADO;PLANTA_CALDERA
DOC-2025-02439;FEX;50801;CL0064;V002;CP120;EXPORTACION;2025-11-03;2026-03-03;USD;58371.81;0;58371.81;ACEPTADO;PLANTA_CORONEL
DOC-2025-02718;FAC;101697;CL0214;V008;CP30;FOODSERVICE;2025-11-03;2025-12-03;CLP;14545035;2763557;17308592;ACEPTADO;PLANTA_TALCAHUANO
DOC-2025-02842;FEE;8153;CL0164;V007;CP60;FOODSERVICE;2025-11-03;2026-01-02;CLP;2952923;0;2952923;ACEPTADO;CD_SANTIAGO
DOC-2025-03019;FAC;101982;CL0091;V007;CP30;FOODSERVICE;2025-11-03;2025-12-03;CLP;2961946;562770;3524716;ACEPTADO;PLANTA_TALCAHUANO
DOC-2025-03120;FAC;102077;CL0085;V008;CP30;FOODSERVICE;2025-11-03;2025-12-03;CLP;7034176;1336493;8370669;ACEPTADO;CD_SANTIAGO
DOC-2025-03566;FAC;102496;CL0120;V007;CP45;FOODSERVICE;2025-11-03;2025-12-18;CLP;8200895;1558170;9759065;ACEPTADO;PLANTA_CORONEL
DOC-DUP-024;FEE;8153;CL0164;V007;CP60;FOODSERVICE;2025-11-03;2026-01-02;CLP;2952923;0;2952923;ACEPTADO;CD_SANTIAGO
DOC-2025-02541;FAC;101534;CL0149;V008;CP30;FOODSERVICE;2025-11-04;2025-12-04;CLP;1933010;367272;2300282;ACEPTADO;PLANTA_TALCAHUANO
DOC-2025-02667;FAC;101650;CL0176;V008;CP30;FOODSERVICE;2025-11-04;2025-12-04;CLP;10344679;1965489;12310168;ACEPTADO;PLANTA_TALCAHUANO
DOC-2025-03554;FAC;102485;CL0074;V007;CP30;FOODSERVICE;2025-11-04;2025-12-04;CLP;55618487;10567513;66186000;ACEPTADO;CD_SANTIAGO
DOC-2025-03775;FAC;102689;CL0127;V008;CP30;FOODSERVICE;2025-11-04;2025-12-04;CLP;2791517;530388;3321905;ACEPTADO;CD_SANTIAGO
DOC-2025-03878;FAC;102779;CL0147;V005;CP30;FOODSERVICE;2025-11-04;2025-12-04;CLP;3028746;575462;3604208;ACEPTADO;PLANTA_TALCAHUANO
DOC-2025-04149;FAC;103037;CL0265;V009;CP90;RETAIL;2025-11-04;2026-02-02;CLP;38161953;7250771;45412724;ACEPTADO;CD_SANTIAGO
DOC-2025-02271;FEX;50633;CL0032;V002;CP90;EXPORTACION;2025-11-05;2026-02-03;CLP;146507949;0;146507949;ACEPTADO;PLANTA_CORONEL
DOC-2025-02528;FAC;101524;CL0219;V007;CP45;FOODSERVICE;2025-11-05;2025-12-20;CLP;3334506;633556;3968062;ACEPTADO;CD_SANTIAGO
DOC-2025-02573;FAC;101566;CL0118;V007;CP60;FOODSERVICE;2025-11-05;2026-01-04;CLP;24975663;4745376;29721039;ACEPTADO;PLANTA_CORONEL
DOC-2025-02886;FAC;101855;CL0074;V007;CP30;FOODSERVICE;2025-11-05;2025-12-05;CLP;12266412;2330618;14597030;ACEPTADO;PLANTA_TALCAHUANO
DOC-2025-03529;FAC;102460;CL0078;V008;CP45;FOODSERVICE;2025-11-05;2025-12-20;CLP;7374537;1401162;8775699;ACEPTADO;PLANTA_CORONEL
DOC-2025-04063;FAC;102953;CL0266;V012;CP60;RETAIL;2025-11-05;2026-01-04;CLP;14691479;2791381;17482860;ACEPTADO;PLANTA_TALCAHUANO
DOC-2025-04305;FAC;103185;CL0297;V009;CP30;RETAIL;2025-11-05;2025-12-05;CLP;3668028;696925;4364953;ACEPTADO;CD_SANTIAGO
DOC-2025-02586;FEE;8133;CL0142;V007;CP30;FOODSERVICE;2025-11-06;2025-12-06;CLP;3372760;0;3372760;ACEPTADO;PLANTA_TALCAHUANO
DOC-2025-03475;FAC;102411;CL0092;V005;CP45;FOODSERVICE;2025-11-06;2025-12-21;CLP;2429390;461584;2890974;ACEPTADO;PLANTA_TALCAHUANO
DOC-2025-03504;FAC;102439;CL0183;V005;CP30;FOODSERVICE;2025-11-06;2025-12-06;CLP;14849452;2821396;17670848;ACEPTADO;PLANTA_CORONEL
DOC-2025-03701;FAC;102619;CL0099;V008;CP45;FOODSERVICE;2025-11-06;2025-12-21;CLP;3799138;721836;4520974;ACEPTADO;CD_SANTIAGO
DOC-2025-02027;FEX;50389;CL0034;V004;CP90;EXPORTACION;2025-11-07;2026-02-05;USD;107338.24;0;107338.24;ACEPTADO;PLANTA_TALCAHUANO
DOC-2025-02142;FEX;50504;CL0025;V002;CP90;EXPORTACION;2025-11-07;2026-01-16;USD;47972.64;0;47972.64;ACEPTADO;PLANTA_QUELLON
DOC-2025-02147;FEX;50509;CL0014;V003;CP60;EXPORTACION;2025-11-07;2026-01-06;USD;101081.76;0;101081.76;ACEPTADO;PLANTA_CALDERA
DOC-2025-02157;FEX;50519;CL0034;V004;CP120;EXPORTACION;2025-11-07;2026-03-07;USD;34793.43;0;34793.43;ACEPTADO;PLANTA_QUELLON
DOC-2025-02231;FEX;50593;CL0028;V001;CP120;EXPORTACION;2025-11-07;2026-03-07;USD;42268.45;0;42268.45;ACEPTADO;PLANTA_CALDERA
DOC-2025-02245;FEX;50607;CL0012;V004;CP60;EXPORTACION;2025-11-07;2026-01-06;USD;27194.67;0;27194.67;ACEPTADO;PLANTA_TALCAHUANO
DOC-2025-02295;FEX;50657;CL0032;V002;CP90;EXPORTACION;2025-11-07;2026-02-05;USD;142540.14;0;142540.14;ACEPTADO;PLANTA_CALDERA
DOC-2025-02580;FAC;101572;CL0100;V008;CP60;FOODSERVICE;2025-11-07;2025-12-22;CLP;3605601;685064;4290665;ACEPTADO;CD_SANTIAGO
DOC-2025-02620;FAC;101607;CL0207;V008;CP30;FOODSERVICE;2025-11-07;2025-12-07;CLP;3573731;679009;4252740;ACEPTADO;PLANTA_CORONEL
DOC-2025-02649;FAC;101633;CL0208;V007;CP45;FOODSERVICE;2025-11-07;2025-12-22;CLP;3735669;709777;4445446;ACEPTADO;CD_SANTIAGO
DOC-2025-02696;FAC;101676;CL0118;V007;CP30;FOODSERVICE;2025-11-07;2025-12-07;CLP;23255262;4418500;27673762;ACEPTADO;PLANTA_CORONEL
DOC-2025-02710;FAC;101690;CL0161;V005;CP30;FOODSERVICE;2025-11-07;2025-12-07;CLP;3333743;633411;3967154;ACEPTADO;PLANTA_CORONEL
DOC-2025-02730;FAC;101708;CL0146;V005;CP30;FOODSERVICE;2025-11-07;2025-12-07;CLP;2380639;452321;2832960;ACEPTADO;CD_SANTIAGO
DOC-2025-03049;FAC;102011;CL0213;V006;CP30;FOODSERVICE;2025-11-07;2025-12-07;CLP;4411335;838154;5249489;ACEPTADO;CD_SANTIAGO
DOC-2025-03060;FAC;102022;CL0087;V007;CP30;FOODSERVICE;2025-11-07;2025-12-07;CLP;2390480;454191;2844671;ANULADO;CD_SANTIAGO
DOC-2025-03158;FAC;102113;CL0118;V007;CP45;FOODSERVICE;2025-11-07;2025-12-22;CLP;12902149;2451408;15353557;ACEPTADO;PLANTA_TALCAHUANO
DOC-2025-03223;FAC;102173;CL0142;V007;CP30;FOODSERVICE;2025-11-07;2025-12-07;CLP;14910108;2832921;17743029;ACEPTADO;PLANTA_TALCAHUANO
DOC-2025-03247;FAC;102196;CL0204;V006;CP30;FOODSERVICE;2025-11-07;2025-12-07;CLP;2223025;422375;2645400;ACEPTADO;PLANTA_CORONEL
DOC-2025-03338;FAC;102281;CL0205;V007;CP60;FOODSERVICE;2025-11-07;2026-01-06;CLP;2898885;550788;3449673;ACEPTADO;PLANTA_TALCAHUANO
DOC-2025-03569;FAC;102499;CL0109;V007;CP30;FOODSERVICE;2025-11-07;2025-12-07;CLP;1114196;211697;1325893;ACEPTADO;CD_SANTIAGO
DOC-2025-03668;FEE;8204;CL0104;V006;CP30;FOODSERVICE;2025-11-07;2025-12-07;CLP;1988371;0;1988371;ACEPTADO;PLANTA_TALCAHUANO
DOC-2025-03680;FEE;8205;CL0123;V006;CP60;FOODSERVICE;2025-11-07;2025-12-07;CLP;15212397;0;15212397;ACEPTADO;PLANTA_CORONEL
DOC-2025-03783;FAC;102694;CL0120;V007;CP30;FOODSERVICE;2025-11-07;2025-12-07;CLP;14566943;2767719;17334662;ACEPTADO;PLANTA_CORONEL
DOC-2025-03863;FAC;102766;CL0073;V005;CP60;FOODSERVICE;2025-11-07;2026-01-06;CLP;10711119;2035113;12746232;ACEPTADO;CD_SANTIAGO
DOC-2025-03983;FAC;102878;CL0340;V011;CP60;RETAIL;2025-11-07;2026-01-06;CLP;8788074;1669734;10457808;ACEPTADO;PLANTA_CORONEL
DOC-2025-04081;FAC;102971;CL0329;V011;CP30;RETAIL;2025-11-07;2025-12-07;CLP;5135384;975723;6111107;ACEPTADO;PLANTA_CORONEL
DOC-2025-04176;FAC;103063;CL0245;V011;CP90;RETAIL;2025-11-07;2026-02-05;CLP;30556956;5805822;36362778;ACEPTADO;PLANTA_CORONEL
DOC-2025-04316;FAC;103195;CL0279;V010;CP45;RETAIL;2025-11-07;2025-12-22;CLP;21325221;4051792;25377013;ACEPTADO;PLANTA_CORONEL
DOC-2025-02499;FEX;50861;CL0026;V001;CP90;EXPORTACION;2025-11-10;2026-02-08;USD;23258.42;0;23258.42;ACEPTADO;PLANTA_CORONEL
DOC-2025-02792;FAC;101767;CL0156;V008;CP60;FOODSERVICE;2025-11-10;2026-01-09;CLP;6386879;1213507;7600386;ACEPTADO;CD_SANTIAGO
DOC-2025-02954;FAC;101918;CL0196;V006;CP00;FOODSERVICE;2025-11-10;2025-11-10;CLP;3899898;740981;4640879;ACEPTADO;CD_SANTIAGO
DOC-2025-03053;FAC;102015;CL0148;V006;CP30;FOODSERVICE;2025-11-11;2025-12-11;CLP;1717645;326353;2043998;ACEPTADO;CD_SANTIAGO
DOC-2025-03723;FAC;102639;CL0115;V008;CP45;FOODSERVICE;2025-11-11;2025-12-26;CLP;4055649;770573;4826222;ACEPTADO;PLANTA_TALCAHUANO
DOC-2025-02677;FAC;101660;CL0183;V005;CP45;FOODSERVICE;2025-11-12;2025-12-27;CLP;9326054;1771950;11098004;ACEPTADO;CD_SANTIAGO
DOC-2025-03165;FAC;102120;CL0115;V008;CP30;FOODSERVICE;2025-11-12;2025-12-12;CLP;1963541;373073;2336614;ACEPTADO;PLANTA_CORONEL
DOC-2025-03341;FAC;102284;CL0193;V008;CP30;FOODSERVICE;2025-11-12;2025-12-12;CLP;4589334;871973;5461307;ACEPTADO;CD_SANTIAGO
DOC-2025-03346;FAC;102289;CL0189;V008;CP30;FOODSERVICE;2025-11-12;2025-12-12;CLP;7569682;1438240;9007922;ACEPTADO;CD_SANTIAGO
DOC-2025-03567;FAC;102497;CL0186;V007;CP30;FOODSERVICE;2025-11-12;2025-12-27;CLP;5457120;1036853;6493973;ACEPTADO;CD_SANTIAGO
DOC-2025-03738;FEE;8209;CL0097;V007;CP45;FOODSERVICE;2025-11-12;2025-12-27;CLP;3422679;0;3422679;ACEPTADO;PLANTA_TALCAHUANO
DOC-2025-04182;FAC;103068;CL0313;V009;CP60;RETAIL;2025-11-12;2026-01-11;CLP;10789228;2049953;12839181;ACEPTADO;PLANTA_CORONEL
DOC-2025-02497;FEX;50859;CL0032;V002;CP60;EXPORTACION;2025-11-13;2026-01-12;USD;98418.63;0;98418.63;ACEPTADO;PLANTA_QUELLON
DOC-2025-02802;FEE;8150;CL0194;V008;CP45;FOODSERVICE;2025-11-13;2025-12-28;CLP;12578497;0;12578497;ACEPTADO;CD_SANTIAGO
DOC-2025-03015;FAC;101978;CL0127;V008;CP45;FOODSERVICE;2025-11-13;2025-12-28;CLP;3660151;695429;4355580;ACEPTADO;PLANTA_CORONEL
DOC-2025-03221;FAC;102171;CL0155;V005;CP60;FOODSERVICE;2025-11-13;2026-01-12;CLP;13744594;2611473;16356067;ACEPTADO;PLANTA_CORONEL
DOC-2025-04265;FAC;103146;CL0339;V011;CP45;RETAIL;2025-11-13;2025-12-28;CLP;38024708;7224695;45249403;ACEPTADO;CD_SANTIAGO
DOC-2025-02248;FEX;50610;CL0032;V002;CP90;EXPORTACION;2025-11-14;2026-02-12;USD;95005.35;0;95005.35;ACEPTADO;PLANTA_CALDERA
DOC-2025-02302;FEX;50664;CL0053;V004;CP90;EXPORTACION;2025-11-14;2026-02-12;USD;20397.74;0;20397.74;ACEPTADO;PLANTA_CALDERA
DOC-2025-02325;FEX;50687;CL0041;V003;CP90;EXPORTACION;2025-11-14;2026-02-12;CLP;40591507;0;40591507;ACEPTADO;PLANTA_QUELLON
DOC-2025-02420;FEX;50782;CL0048;V001;CP60;EXPORTACION;2025-11-14;2026-01-13;USD;16926.38;0;16926.38;ACEPTADO;PLANTA_TALCAHUANO
DOC-2025-02647;FAC;101631;CL0198;V006;CP45;FOODSERVICE;2025-11-14;2025-12-29;CLP;6028317;1145380;7173697;ACEPTADO;PLANTA_TALCAHUANO
DOC-2025-02692;FEE;8144;CL0145;V008;CP45;FOODSERVICE;2025-11-14;2025-12-29;CLP;3022863;0;3022863;ACEPTADO;PLANTA_TALCAHUANO
DOC-2025-02852;FAC;101822;CL0156;V008;CP00;FOODSERVICE;2025-11-14;2025-11-14;CLP;2623633;498490;3122123;ACEPTADO;CD_SANTIAGO
DOC-2025-03355;FAC;102298;CL0188;V005;CP30;FOODSERVICE;2025-11-14;2025-12-14;CLP;4724614;897677;5622291;ACEPTADO;PLANTA_CORONEL
DOC-2025-03416;FAC;102355;CL0116;V006;CP00;FOODSERVICE;2025-11-14;2025-11-14;CLP;4977502;945725;5923227;ACEPTADO;CD_SANTIAGO
DOC-2025-03461;FAC;102399;CL0192;V006;CP45;FOODSERVICE;2025-11-14;2026-01-28;CLP;4384151;832989;5217140;ACEPTADO;PLANTA_TALCAHUANO
DOC-2025-04003;FAC;102897;CL0312;V010;CP60;RETAIL;2025-11-14;2026-01-13;CLP;2743377;521242;3264619;ACEPTADO;PLANTA_TALCAHUANO
DOC-2025-04174;FEE;8237;CL0279;V010;CP45;RETAIL;2025-11-14;2025-12-29;CLP;72941609;0;72941609;ACEPTADO;PLANTA_TALCAHUANO
DOC-2025-02097;FEX;50459;CL0059;V001;CP90;EXPORTACION;2025-11-17;2026-02-15;USD;15924.7;0;15924.7;ACEPTADO;PLANTA_QUELLON
DOC-2025-02144;FEX;50506;CL0032;V002;CP60;EXPORTACION;2025-11-17;2026-01-16;USD;155794.32;0;155794.32;ACEPTADO;PLANTA_CALDERA
DOC-2025-02985;FAC;101949;CL0178;V008;CP00;FOODSERVICE;2025-11-17;2025-11-17;CLP;2021475;384080;2405555;ACEPTADO;CD_SANTIAGO
DOC-2025-03055;FAC;102017;CL0112;V008;CP45;FOODSERVICE;2025-11-17;2026-01-01;CLP;6456893;1226810;7683703;ACEPTADO;PLANTA_TALCAHUANO
DOC-2025-03343;FAC;102286;CL0118;V007;CP45;FOODSERVICE;2025-11-17;2026-01-01;CLP;12718347;2416486;15134833;ACEPTADO;CD_SANTIAGO
DOC-2025-03634;FAC;102560;CL0107;V005;CP45;FOODSERVICE;2025-11-17;2025-12-12;CLP;5036704;956974;5993678;ACEPTADO;CD_SANTIAGO
DOC-2025-03643;FAC;102569;CL0091;V007;CP30;FOODSERVICE;2025-11-17;2025-12-17;CLP;8805508;1673047;10478555;ACEPTADO;PLANTA_CORONEL
DOC-2025-02327;FEX;50689;CL0032;V002;CP90;EXPORTACION;2025-11-18;2026-02-16;USD;51468.94;0;51468.94;ACEPTADO;PLANTA_CALDERA
DOC-2025-02903;FAC;101869;CL0208;V007;CP30;FOODSERVICE;2025-11-18;2025-12-18;CLP;1221838;232149;1453987;ACEPTADO;PLANTA_CORONEL
DOC-2025-03149;FAC;102105;CL0217;V007;CP45;FOODSERVICE;2025-11-18;2026-01-02;CLP;5997408;1139508;7136916;ACEPTADO;PLANTA_TALCAHUANO
DOC-2025-03325;FEE;8180;CL0084;V005;CP60;FOODSERVICE;2025-11-18;2026-01-17;CLP;5507461;0;5507461;ACEPTADO;PLANTA_TALCAHUANO
DOC-2025-03347;FAC;102290;CL0196;V006;CP30;FOODSERVICE;2025-11-18;2026-01-02;CLP;1770401;336376;2106777;ACEPTADO;CD_SANTIAGO
DOC-2025-03404;FAC;102343;CL0074;V007;CP30;FOODSERVICE;2025-11-18;2025-12-18;CLP;44364700;8429293;52793993;ACEPTADO;PLANTA_CORONEL
DOC-2025-03438;FAC;102377;CL0073;V005;CP30;FOODSERVICE;2025-11-18;2025-12-18;CLP;4940699;938733;5879432;ACEPTADO;PLANTA_CORONEL
DOC-2025-03562;FAC;102492;CL0094;V007;CP30;FOODSERVICE;2025-11-18;2025-12-18;CLP;7233575;1374379;8607954;ACEPTADO;PLANTA_TALCAHUANO
DOC-2025-03815;FAC;102724;CL0161;V005;CP45;FOODSERVICE;2025-11-18;2026-01-02;CLP;15033215;2856311;17889526;ACEPTADO;PLANTA_TALCAHUANO
DOC-2025-03894;FAC;102795;CL0118;V007;CP30;FOODSERVICE;2025-11-18;2026-01-17;CLP;4288564;814827;5103391;ACEPTADO;PLANTA_CORONEL
DOC-2025-04095;FAC;102985;CL0230;V012;CP60;RETAIL;2025-11-18;2026-01-17;CLP;6529329;1240573;7769902;ACEPTADO;CD_SANTIAGO
DOC-2025-04207;FAC;103091;CL0245;V011;CP60;RETAIL;2025-11-18;2026-01-17;CLP;17533741;3331411;20865152;ACEPTADO;PLANTA_CORONEL
DOC-2025-02056;FEX;50418;CL0065;V003;CP60;EXPORTACION;2025-11-19;2026-01-18;CLP;21254013;0;21254013;ACEPTADO;PLANTA_CORONEL
DOC-2025-02098;FEX;50460;CL0059;V001;CP90;EXPORTACION;2025-11-19;2026-02-17;USD;12578.12;0;12578.12;ACEPTADO;PLANTA_CALDERA
DOC-2025-02531;FEE;8129;CL0180;V006;CP30;FOODSERVICE;2025-11-19;2025-12-19;CLP;3035748;0;3035748;ANULADO;CD_SANTIAGO
DOC-2025-02540;FAC;101533;CL0142;V007;CP45;FOODSERVICE;2025-11-19;2026-01-03;CLP;6337913;1204203;7542116;ACEPTADO;CD_SANTIAGO
DOC-2025-03034;FEE;8162;CL0212;V005;CP30;FOODSERVICE;2025-11-19;2025-12-19;CLP;2766901;0;2766901;ACEPTADO;PLANTA_TALCAHUANO
DOC-2025-03127;FAC;102084;CL0091;V007;CP30;FOODSERVICE;2025-11-19;2025-12-19;CLP;2235561;424757;2660318;ACEPTADO;CD_SANTIAGO
DOC-2025-03192;FAC;102144;CL0074;V007;CP45;FOODSERVICE;2025-11-19;2026-01-03;CLP;7263511;1380067;8643578;ACEPTADO;CD_SANTIAGO
DOC-2025-03510;FAC;102445;CL0109;V007;CP45;FOODSERVICE;2025-11-19;2026-01-03;CLP;2987033;567536;3554569;ACEPTADO;PLANTA_CORONEL
DOC-2025-03793;FAC;102703;CL0126;V005;CP30;FOODSERVICE;2025-11-19;2025-12-19;CLP;10651215;2023731;12674946;ACEPTADO;CD_SANTIAGO
DOC-2025-04186;FAC;103072;CL0249;V009;CP45;RETAIL;2025-11-19;2026-01-03;CLP;4192737;796620;4989357;ACEPTADO;CD_SANTIAGO
DOC-2025-04208;FAC;103092;CL0265;V009;CP45;RETAIL;2025-11-19;2026-01-03;CLP;5324313;1011619;6335932;ANULADO;CD_SANTIAGO
DOC-2025-04308;FAC;103187;CL0245;V011;CP45;RETAIL;2025-11-19;2026-01-18;CLP;15605846;2965111;18570957;ACEPTADO;CD_SANTIAGO
DOC-2025-02022;FEX;50384;CL0012;V004;CP60;EXPORTACION;2025-11-20;2026-01-19;CLP;38830120;0;38830120;ACEPTADO;PLANTA_CORONEL
DOC-2025-02406;FEX;50768;CL0012;V004;CP60;EXPORTACION;2025-11-20;2026-01-19;USD;262574.05;0;262574.05;ACEPTADO;PLANTA_TALCAHUANO
DOC-2025-02416;FEX;50778;CL0016;V002;CP90;EXPORTACION;2025-11-20;2026-02-18;USD;9947.03;0;9947.03;ACEPTADO;PLANTA_QUELLON
DOC-2025-02480;FEX;50842;CL0028;V001;CP60;EXPORTACION;2025-11-20;2026-01-19;USD;54588.21;0;54588.21;ACEPTADO;PLANTA_QUELLON
DOC-2025-02594;FAC;101585;CL0073;V005;CP60;FOODSERVICE;2025-11-20;2026-01-19;CLP;11528810;2190474;13719284;ACEPTADO;PLANTA_TALCAHUANO
DOC-2025-02618;FAC;101605;CL0090;V007;CP60;FOODSERVICE;2025-11-20;2025-08-01;CLP;11050309;2099559;13149868;ACEPTADO;PLANTA_CORONEL
DOC-2025-02669;FAC;101652;CL0161;V005;CP60;FOODSERVICE;2025-11-20;2026-01-19;CLP;8630744;1639841;10270585;ACEPTADO;PLANTA_TALCAHUANO
DOC-2025-02968;FAC;101932;CL0164;V007;CP45;FOODSERVICE;2025-11-20;2025-12-05;CLP;2615645;496973;3112618;ACEPTADO;CD_SANTIAGO
DOC-2025-03046;FAC;102008;CL0196;V006;CP30;FOODSERVICE;2025-11-20;2025-12-20;CLP;5993077;1138685;7131762;ACEPTADO;PLANTA_CORONEL
DOC-2025-03336;FAC;102279;CL0074;V007;CP30;FOODSERVICE;2025-11-20;2025-12-20;CLP;11285559;2144256;13429815;ACEPTADO;CD_SANTIAGO
DOC-2025-03415;FAC;102354;CL0133;V008;CP30;FOODSERVICE;2025-11-20;2025-12-20;CLP;2533571;481378;3014949;ACEPTADO;CD_SANTIAGO
DOC-2025-03563;FAC;102493;CL0078;V008;CP45;FOODSERVICE;2025-11-20;2026-01-04;CLP;1428242;271366;1699608;ACEPTADO;CD_SANTIAGO
DOC-2025-03820;FEE;8217;CL0115;V008;CP30;FOODSERVICE;2025-11-20;2025-12-20;CLP;3761083;0;3761083;ACEPTADO;CD_SANTIAGO
DOC-2025-02126;FEX;50488;CL0012;V004;CP120;EXPORTACION;2025-11-21;2026-03-21;USD;63860.44;0;63860.44;ACEPTADO;PLANTA_TALCAHUANO
DOC-2025-02161;FEX;50523;CL0056;V002;CP60;EXPORTACION;2025-11-21;2026-01-20;USD;55120.95;0;55120.95;ACEPTADO;PLANTA_CALDERA
DOC-2025-02341;FEX;50703;CL0067;V004;CP90;EXPORTACION;2025-11-21;2026-02-19;USD;60322.54;0;60322.54;ACEPTADO;PLANTA_CORONEL
DOC-2025-02731;FAC;101709;CL0213;V006;CP60;FOODSERVICE;2025-11-21;2026-01-20;CLP;542494;103074;645568;ACEPTADO;PLANTA_CORONEL
DOC-2025-02747;FAC;101722;CL0093;V006;CP60;FOODSERVICE;2025-11-21;2026-01-20;CLP;5345186;1015585;6360771;ACEPTADO;PLANTA_TALCAHUANO
DOC-2025-02778;FAC;101753;CL0203;V008;CP45;FOODSERVICE;2025-11-21;2026-01-05;CLP;4323957;821552;5145509;ACEPTADO;CD_SANTIAGO
DOC-2025-02797;FAC;101772;CL0125;V008;CP60;FOODSERVICE;2025-11-21;2026-01-20;CLP;2668267;506971;3175238;ACEPTADO;CD_SANTIAGO
DOC-2025-02812;FAC;101785;CL0104;V006;CP45;FOODSERVICE;2025-11-21;2026-02-04;CLP;11663925;2216146;13880071;ACEPTADO;CD_SANTIAGO
DOC-2025-02870;FAC;101839;CL0168;V005;CP45;FOODSERVICE;2025-11-21;2026-01-05;CLP;6532006;1241081;7773087;ACEPTADO;PLANTA_TALCAHUANO
DOC-2025-02899;FAC;101866;CL0111;V008;CP30;FOODSERVICE;2025-11-21;2025-12-21;CLP;8617018;1637233;10254251;ACEPTADO;CD_SANTIAGO
DOC-2025-03022;FAC;101985;CL0161;V005;CP30;FOODSERVICE;2025-11-21;2025-12-21;CLP;13997579;2659540;16657119;ACEPTADO;PLANTA_TALCAHUANO
DOC-2025-03260;FAC;102208;CL0151;V006;CP00;FOODSERVICE;2025-11-21;2025-11-21;CLP;4318788;820570;5139358;ACEPTADO;CD_SANTIAGO
DOC-2025-03267;FAC;102215;CL0177;V005;CP60;FOODSERVICE;2025-11-21;2026-01-20;CLP;5595691;1063181;6658872;ACEPTADO;PLANTA_TALCAHUANO
DOC-2025-03350;FAC;102293;CL0118;V007;CP60;FOODSERVICE;2025-11-21;2026-01-20;CLP;2134786;405609;2540395;ACEPTADO;PLANTA_TALCAHUANO
DOC-2025-03715;FAC;102633;CL0090;V007;CP45;FOODSERVICE;2025-11-21;2026-01-05;CLP;7505233;1425994;8931227;ACEPTADO;PLANTA_CORONEL
DOC-2025-03721;FAC;102637;CL0074;V007;CP30;FOODSERVICE;2025-11-21;2025-12-21;CLP;32276888;6132609;38409497;ACEPTADO;PLANTA_CORONEL
DOC-2025-03759;FAC;102674;CL0090;V007;CP30;FOODSERVICE;2025-11-21;2025-12-21;CLP;22102607;4199495;26302102;ACEPTADO;CD_SANTIAGO
DOC-2025-03930;FAC;102827;CL0073;V005;CP60;FOODSERVICE;2025-11-21;2026-01-20;CLP;21015571;3992958;25008529;ACEPTADO;CD_SANTIAGO
DOC-2025-03952;FAC;102849;CL0179;V006;CP45;FOODSERVICE;2025-11-21;2026-01-05;CLP;11426967;2171124;13598091;ACEPTADO;PLANTA_CORONEL
DOC-2025-03968;FAC;102864;CL0180;V006;CP30;FOODSERVICE;2025-11-21;2025-12-21;CLP;6263471;1190059;7453530;ACEPTADO;PLANTA_CORONEL
DOC-2025-04161;FAC;103049;CL0245;V011;CP90;RETAIL;2025-11-21;2026-02-19;CLP;29280743;5563341;34844084;ACEPTADO;CD_SANTIAGO
DOC-2025-04162;FAC;103050;CL0279;V010;CP45;RETAIL;2025-11-21;2026-01-05;CLP;29106600;5530254;34636854;RECLAMADO;PLANTA_TALCAHUANO
DOC-2025-04288;FAC;103168;CL0279;V010;CP45;RETAIL;2025-11-21;2026-01-05;CLP;67724283;12867614;80591897;ACEPTADO;PLANTA_TALCAHUANO
DOC-2025-04302;FAC;103182;CL0286;V009;CP45;RETAIL;2025-11-21;2026-01-05;CLP;8153396;1549145;9702541;ACEPTADO;PLANTA_CORONEL
DOC-2025-04313;FAC;103192;CL0308;V011;CP30;RETAIL;2025-11-21;2025-12-21;CLP;18557400;3525906;22083306;ACEPTADO;PLANTA_TALCAHUANO
DOC-2025-02970;FAC;101934;CL0217;V007;CP45;FOODSERVICE;2025-11-24;2026-01-08;CLP;5374269;1021111;6395380;ACEPTADO;PLANTA_CORONEL
DOC-2025-03464;FEE;8187;CL0143;V006;CP45;FOODSERVICE;2025-11-24;2026-01-08;CLP;8749181;0;8749181;ACEPTADO;CD_SANTIAGO
DOC-2025-03866;FAC;102769;CL0118;V007;CP60;FOODSERVICE;2025-11-24;2026-01-23;CLP;9845648;1870673;11716321;ACEPTADO;PLANTA_TALCAHUANO
DOC-DUP-008;FAC;101934;CL0217;V007;CP45;FOODSERVICE;2025-11-24;2026-01-08;CLP;5374269;1021111;6395380;ACEPTADO;PLANTA_CORONEL
DOC-2025-02204;FEX;50566;CL0012;V004;CP90;EXPORTACION;2025-11-25;2026-02-23;USD;41473.68;0;41473.68;ACEPTADO;PLANTA_QUELLON
DOC-2025-02339;FEX;50701;CL0032;V002;CP60;EXPORTACION;2025-11-25;2026-01-24;USD;142880.73;0;142880.73;ACEPTADO;PLANTA_CORONEL
DOC-2025-02999;FAC;101963;CL0102;V008;CP30;FOODSERVICE;2025-11-25;2025-12-25;CLP;2586250;491388;3077638;ACEPTADO;PLANTA_CORONEL
DOC-2025-03540;FAC;102471;CL0074;V007;CP60;FOODSERVICE;2025-11-25;2026-01-24;CLP;9900559;1881106;11781665;ACEPTADO;CD_SANTIAGO
DOC-2025-03812;FAC;102722;CL0158;V007;CP45;FOODSERVICE;2025-11-25;2026-01-09;CLP;6585865;1251314;7837179;ACEPTADO;PLANTA_TALCAHUANO
DOC-2025-04082;FAC;102972;CL0236;V010;CP90;RETAIL;2025-11-25;2026-02-23;CLP;4507668;856457;5364125;ACEPTADO;PLANTA_TALCAHUANO
DOC-2025-04343;FAC;103220;CL0233;V009;CP45;RETAIL;2025-11-25;2026-01-09;CLP;5234419;994540;6228959;ACEPTADO;PLANTA_TALCAHUANO
DOC-2025-02311;FEX;50673;CL0032;V002;CP90;EXPORTACION;2025-11-26;2026-02-24;CLP;33107168;0;33107168;ACEPTADO;PLANTA_CALDERA
DOC-2025-02323;FEX;50685;CL0032;V002;CP60;EXPORTACION;2025-11-26;2026-01-25;CLP;35986538;0;35986538;ACEPTADO;PLANTA_QUELLON
DOC-2025-02450;FEX;50812;CL0062;V004;CP90;EXPORTACION;2025-11-26;2026-02-24;USD;16845.94;0;16845.94;ACEPTADO;PLANTA_QUELLON
DOC-2025-02800;FAC;101775;CL0085;V008;CP45;FOODSERVICE;2025-11-26;2026-01-10;CLP;1336249;253887;1590136;ACEPTADO;PLANTA_TALCAHUANO
DOC-2025-03246;FAC;102195;CL0162;V007;CP30;FOODSERVICE;2025-11-26;2026-01-25;CLP;2044318;388420;2432738;ACEPTADO;PLANTA_TALCAHUANO
DOC-2025-03374;FAC;102316;CL0073;V005;CP45;FOODSERVICE;2025-11-26;2026-01-10;CLP;6429054;1221520;7650574;ACEPTADO;PLANTA_CORONEL
DOC-2025-03707;FAC;102625;CL0127;V008;CP30;FOODSERVICE;2025-11-26;2025-12-06;CLP;1317701;250363;1568064;ACEPTADO;PLANTA_CORONEL
DOC-2025-03727;FAC;102643;CL0144;V006;CP30;FOODSERVICE;2025-11-26;2025-12-26;CLP;20515893;3898020;24413913;ACEPTADO;CD_SANTIAGO
DOC-2025-03865;FAC;102768;CL0158;V007;CP45;FOODSERVICE;2025-11-26;2026-01-10;CLP;13911671;2643217;16554888;ACEPTADO;CD_SANTIAGO
DOC-2025-02146;FEX;50508;CL0012;V004;CP120;EXPORTACION;2025-11-27;2026-03-27;USD;61334.67;0;61334.67;ACEPTADO;PLANTA_QUELLON
DOC-2025-02427;FEX;50789;CL0032;V002;CP120;EXPORTACION;2025-11-27;2026-03-27;USD;93989.51;0;93989.51;ACEPTADO;PLANTA_TALCAHUANO
DOC-2025-02635;FAC;101620;CL0152;V006;CP45;FOODSERVICE;2025-11-27;2026-01-11;CLP;1037626;197149;1234775;ACEPTADO;PLANTA_CORONEL
DOC-2025-02910;FAC;101876;CL0097;V007;CP30;FOODSERVICE;2025-11-27;2025-12-27;CLP;8637317;1641090;10278407;ACEPTADO;PLANTA_TALCAHUANO
DOC-2025-03031;FAC;101994;CL0126;V005;CP45;FOODSERVICE;2025-11-27;2026-01-11;CLP;4052708;770015;4822723;ACEPTADO;PLANTA_TALCAHUANO
DOC-2025-03038;FAC;102000;CL0206;V006;CP30;FOODSERVICE;2025-11-27;2025-12-27;CLP;1557548;295934;1853482;ACEPTADO;PLANTA_TALCAHUANO
DOC-2025-03305;FAC;102251;CL0074;V007;CP45;FOODSERVICE;2025-11-27;2026-01-11;CLP;14320320;2720861;17041181;ACEPTADO;PLANTA_TALCAHUANO
DOC-2025-03493;FAC;102428;CL0200;V008;CP45;FOODSERVICE;2025-11-27;2026-01-11;CLP;3487399;662606;4150005;ACEPTADO;PLANTA_CORONEL
DOC-2025-02046;FEX;50408;CL0010;V003;CP60;EXPORTACION;2025-11-28;2026-01-27;USD;23686.89;0;23686.89;ACEPTADO;PLANTA_QUELLON
DOC-2025-02071;FEX;50433;CL0034;V004;CP60;EXPORTACION;2025-11-28;2026-01-27;USD;23113.64;0;23113.64;ACEPTADO;PLANTA_CORONEL
DOC-2025-02543;FAC;101536;CL0154;V005;CP30;FOODSERVICE;2025-11-28;2025-12-28;CLP;5869743;1115251;6984994;ACEPTADO;CD_SANTIAGO
DOC-2025-02615;FEE;8137;CL0074;V007;CP60;FOODSERVICE;2025-11-28;2026-01-27;CLP;18988739;0;18988739;ACEPTADO;PLANTA_TALCAHUANO
DOC-2025-02779;FAC;101754;CL0096;V006;CP45;FOODSERVICE;2025-11-28;2026-01-12;CLP;2559894;486380;3046274;ACEPTADO;PLANTA_CORONEL
DOC-2025-02789;FAC;101764;CL0113;V005;CP60;FOODSERVICE;2025-11-28;2026-01-27;CLP;10972238;2084725;13056963;ACEPTADO;PLANTA_CORONEL
DOC-2025-02828;FAC;101800;CL0117;V008;CP60;FOODSERVICE;2025-11-28;2026-01-27;CLP;11792513;2240577;14033090;ACEPTADO;PLANTA_CORONEL
DOC-2025-02993;FAC;101957;CL0155;V005;CP30;FOODSERVICE;2025-11-28;2025-12-28;CLP;7963292;1513025;9476317;ACEPTADO;CD_SANTIAGO
DOC-2025-03023;FAC;101986;CL0197;V008;CP30;FOODSERVICE;2025-11-28;2025-12-28;CLP;7511486;1427182;8938668;ACEPTADO;CD_SANTIAGO
DOC-2025-03078;FAC;102040;CL0166;V008;CP30;FOODSERVICE;2025-11-28;2026-01-12;CLP;3120167;592832;3712999;ACEPTADO;CD_SANTIAGO
DOC-2025-03238;FAC;102188;CL0073;V005;CP00;FOODSERVICE;2025-11-28;2025-12-09;CLP;7364647;1399283;8763930;ACEPTADO;PLANTA_TALCAHUANO
DOC-2025-03419;FAC;102358;CL0183;V005;CP45;FOODSERVICE;2025-11-28;2026-01-12;CLP;2232602;424194;2656796;ACEPTADO;CD_SANTIAGO
DOC-2025-03469;FEE;8188;CL0219;V007;CP45;FOODSERVICE;2025-11-28;2026-01-12;CLP;4251330;0;4251330;ACEPTADO;PLANTA_CORONEL
DOC-2025-03525;FAC;102456;CL0126;V005;CP30;FOODSERVICE;2025-11-28;2025-12-28;CLP;6417996;1219419;7637415;ACEPTADO;CD_SANTIAGO
DOC-2025-03559;FAC;102490;CL0186;V007;CP45;FOODSERVICE;2025-11-28;2026-01-12;CLP;6833684;1298400;8132084;ACEPTADO;PLANTA_CORONEL
DOC-2025-03698;FAC;102616;CL0126;V005;CP00;FOODSERVICE;2025-11-28;2025-11-28;CLP;2932936;557258;3490194;ACEPTADO;PLANTA_CORONEL
DOC-2025-03751;FAC;102666;CL0110;V008;CP30;FOODSERVICE;2025-11-28;2025-12-28;CLP;2703520;513669;3217189;ACEPTADO;PLANTA_CORONEL
DOC-2025-03809;FAC;102719;CL0180;V006;CP60;FOODSERVICE;2025-11-28;2026-01-27;CLP;6625948;1258930;7884878;ACEPTADO;CD_SANTIAGO
DOC-2025-03889;FAC;102790;CL0126;V005;CP00;FOODSERVICE;2025-11-28;2025-11-28;CLP;6483860;1231933;7715793;ACEPTADO;CD_SANTIAGO
DOC-2025-03980;FEE;8229;CL0325;V011;CP30;RETAIL;2025-11-28;2025-12-28;CLP;5818763;0;5818763;ACEPTADO;CD_SANTIAGO
DOC-2025-04222;FAC;103106;CL0265;V009;CP90;RETAIL;2025-11-28;2026-02-26;CLP;26364727;5009298;31374025;ACEPTADO;CD_SANTIAGO
DOC-2025-02440;FEX;50802;CL0072;V004;CP60;EXPORTACION;2025-12-01;2026-01-30;USD;20602.52;0;20602.52;ACEPTADO;PLANTA_TALCAHUANO
DOC-2025-03318;FAC;102263;CL0159;V006;CP60;FOODSERVICE;2025-12-01;2026-01-30;CLP;4692278;891533;5583811;ACEPTADO;PLANTA_TALCAHUANO
DOC-2025-03383;FAC;102323;CL0217;V007;CP30;FOODSERVICE;2025-12-01;2025-12-31;CLP;2644359;502428;3146787;ACEPTADO;PLANTA_TALCAHUANO
DOC-2025-03390;FAC;102330;CL0213;V006;CP45;FOODSERVICE;2025-12-01;2026-01-15;CLP;1825043;346758;2171801;ACEPTADO;CD_SANTIAGO
DOC-2025-03925;FAC;102824;CL0129;V007;CP00;FOODSERVICE;2025-12-01;2025-12-01;CLP;2274363;432129;2706492;ACEPTADO;PLANTA_CORONEL
DOC-2025-04150;FAC;103038;CL0279;V010;CP60;RETAIL;2025-12-01;2026-01-30;CLP;13380957;2542382;15923339;ACEPTADO;CD_SANTIAGO
DOC-2025-02205;FEX;50567;CL0032;V002;CP60;EXPORTACION;2025-12-02;2026-01-11;USD;56093.35;0;56093.35;ACEPTADO;PLANTA_CALDERA
DOC-2025-02496;FEX;50858;CL0032;V002;CP90;EXPORTACION;2025-12-02;2026-03-02;USD;174031.15;0;174031.15;ACEPTADO;PLANTA_CALDERA
DOC-2025-03119;FAC;102076;CL0189;V008;CP30;FOODSERVICE;2025-12-02;2026-01-31;CLP;5504437;1045843;6550280;ACEPTADO;PLANTA_CORONEL
DOC-2025-03202;FAC;102153;CL0113;V005;CP30;FOODSERVICE;2025-12-02;2026-01-01;CLP;5171470;982579;6154049;ACEPTADO;PLANTA_TALCAHUANO
DOC-2025-03295;FAC;102242;CL0118;V007;CP45;FOODSERVICE;2025-12-02;2026-01-16;CLP;29470264;5599350;35069614;RECLAMADO;PLANTA_CORONEL
DOC-2025-03673;FAC;102593;CL0120;V007;CP60;FOODSERVICE;2025-12-02;2026-01-31;CLP;1709215;324751;2033966;ACEPTADO;PLANTA_TALCAHUANO
DOC-2025-03988;FAC;102883;CL0278;V010;CP45;RETAIL;2025-12-02;2026-01-16;CLP;10181253;1934438;12115691;ACEPTADO;PLANTA_TALCAHUANO
DOC-2025-04014;FAC;102908;CL0342;V011;CP45;RETAIL;2025-12-02;2026-01-16;CLP;14376615;2731557;17108172;ACEPTADO;PLANTA_CORONEL
DOC-2025-02093;FEX;50455;CL0012;V004;CP90;EXPORTACION;2025-12-03;2026-03-03;USD;73880.95;0;73880.95;ACEPTADO;PLANTA_CORONEL
DOC-2025-02832;FAC;101804;CL0161;V005;CP30;FOODSERVICE;2025-12-03;2026-01-02;CLP;15512178;2947314;18459492;ACEPTADO;PLANTA_CORONEL
DOC-2025-02974;FAC;101938;CL0118;V007;CP30;FOODSERVICE;2025-12-03;2026-01-02;CLP;4938324;938282;5876606;ANULADO;PLANTA_CORONEL
DOC-2025-03104;FAC;102061;CL0116;V006;CP30;FOODSERVICE;2025-12-03;2026-01-02;CLP;8141884;1546958;9688842;ACEPTADO;PLANTA_CORONEL
DOC-2025-03847;FEE;8220;CL0116;V006;CP30;FOODSERVICE;2025-12-03;2026-01-02;CLP;5058483;0;5058483;ACEPTADO;PLANTA_CORONEL
DOC-2025-02261;FEX;50623;CL0012;V004;CP90;EXPORTACION;2025-12-04;2026-03-04;USD;16500.73;0;16500.73;ACEPTADO;PLANTA_TALCAHUANO
DOC-2025-02382;FEX;50744;CL0012;V004;CP90;EXPORTACION;2025-12-04;2026-03-04;USD;33068.16;0;33068.16;ACEPTADO;PLANTA_QUELLON
DOC-2025-02865;FAC;101835;CL0182;V008;CP30;FOODSERVICE;2025-12-04;2026-01-03;CLP;8223377;1562442;9785819;ACEPTADO;PLANTA_TALCAHUANO
DOC-2025-03371;FAC;102313;CL0116;V006;CP45;FOODSERVICE;2025-12-04;2026-01-18;CLP;5002837;950539;5953376;ACEPTADO;PLANTA_TALCAHUANO
DOC-2025-04169;FAC;103057;CL0321;V010;CP30;RETAIL;2025-12-04;2026-01-03;CLP;11148084;2118136;13266220;ACEPTADO;PLANTA_CORONEL
DOC-2025-02151;FEX;50513;CL0034;V004;CP60;EXPORTACION;2025-12-05;2026-02-03;USD;47912.28;0;47912.28;ACEPTADO;PLANTA_QUELLON
DOC-2025-02380;FEX;50742;CL0032;V002;CP90;EXPORTACION;2025-12-05;2026-03-05;CLP;133377722;0;133377722;ACEPTADO;PLANTA_QUELLON
DOC-2025-02495;FEX;50857;CL0034;V004;CP60;EXPORTACION;2025-12-05;2026-02-03;USD;119179.86;0;119179.86;ACEPTADO;PLANTA_CALDERA
DOC-2025-02500;FEX;50862;CL0070;V002;CP90;EXPORTACION;2025-12-05;2026-03-05;USD;18950.16;0;18950.16;ACEPTADO;PLANTA_TALCAHUANO
DOC-2025-02569;FAC;101562;CL0112;V008;CP30;FOODSERVICE;2025-12-05;2026-01-04;CLP;3636842;691000;4327842;ACEPTADO;CD_SANTIAGO
DOC-2025-02674;FAC;101657;CL0193;V008;CP45;FOODSERVICE;2025-12-05;2026-01-19;CLP;2654842;504420;3159262;ACEPTADO;PLANTA_CORONEL
DOC-2025-02840;FAC;101812;CL0178;V008;CP60;FOODSERVICE;2025-12-05;2026-01-04;CLP;7401578;1406300;8807878;ACEPTADO;CD_SANTIAGO
DOC-2025-02847;FAC;101818;CL0113;V005;CP30;FOODSERVICE;2025-12-05;2026-02-18;CLP;6036304;1146898;7183202;ACEPTADO;PLANTA_CORONEL
DOC-2025-02869;FAC;101838;CL0143;V006;CP30;FOODSERVICE;2025-12-05;2026-01-04;CLP;6575919;1249425;7825344;ACEPTADO;PLANTA_TALCAHUANO
DOC-2025-02893;FEE;8157;CL0128;V005;CP00;FOODSERVICE;2025-12-05;2025-12-05;CLP;3863325;0;3863325;ACEPTADO;PLANTA_TALCAHUANO
DOC-2025-02898;FAC;101865;CL0097;V007;CP45;FOODSERVICE;2025-12-05;2026-01-19;CLP;24976051;4745450;29721501;ACEPTADO;PLANTA_CORONEL
DOC-2025-03067;FAC;102029;CL0154;V005;CP00;FOODSERVICE;2025-12-05;2025-12-05;CLP;9748753;1852263;11601016;ACEPTADO;CD_SANTIAGO
DOC-2025-03081;FAC;102043;CL0185;V007;CP30;FOODSERVICE;2025-12-05;2026-01-04;CLP;4754221;903302;5657523;ACEPTADO;CD_SANTIAGO
DOC-2025-03117;FAC;102074;CL0118;V007;CP45;FOODSERVICE;2025-12-05;2026-01-19;CLP;21033606;3996385;25029991;ACEPTADO;PLANTA_TALCAHUANO
DOC-2025-03206;FAC;102157;CL0206;V006;CP45;FOODSERVICE;2025-12-05;2026-01-19;CLP;2022566;384288;2406854;ACEPTADO;PLANTA_CORONEL
DOC-2025-03209;FAC;102160;CL0214;V008;CP30;FOODSERVICE;2025-12-05;2026-01-04;CLP;6962098;1322799;8284897;ACEPTADO;PLANTA_CORONEL
DOC-2025-03314;FAC;102259;CL0178;V008;CP45;FOODSERVICE;2025-12-05;2026-01-19;CLP;2408375;457591;2865966;ACEPTADO;PLANTA_TALCAHUANO
DOC-2025-03367;FAC;102309;CL0074;V007;CP60;FOODSERVICE;2025-12-05;2026-02-03;CLP;10710481;2034991;12745472;ACEPTADO;PLANTA_CORONEL
DOC-2025-03468;FAC;102405;CL0206;V006;CP30;FOODSERVICE;2025-12-05;2026-01-04;CLP;7704476;1463850;9168326;ACEPTADO;PLANTA_CORONEL
DOC-2025-03484;FAC;102419;CL0190;V006;CP30;FOODSERVICE;2025-12-05;2025-10-07;CLP;4113081;781485;4894566;ACEPTADO;CD_SANTIAGO
DOC-2025-03508;FAC;102443;CL0115;V008;CP45;FOODSERVICE;2025-12-05;2026-01-19;CLP;3268724;621058;3889782;ACEPTADO;CD_SANTIAGO
DOC-2025-03518;FAC;102450;CL0075;V007;CP60;FOODSERVICE;2025-12-05;2026-02-03;CLP;5517464;1048318;6565782;ACEPTADO;PLANTA_TALCAHUANO
DOC-2025-03740;FAC;102655;CL0113;V005;CP45;FOODSERVICE;2025-12-05;2026-01-19;CLP;6466758;1228684;7695442;ACEPTADO;PLANTA_CORONEL
DOC-2025-03876;FAC;102777;CL0104;V006;CP60;FOODSERVICE;2025-12-05;2026-02-03;CLP;2033883;386438;2420321;ACEPTADO;PLANTA_CORONEL
DOC-2025-03883;FAC;102784;CL0188;V005;CP45;FOODSERVICE;2025-12-05;2026-01-19;CLP;14622000;2778180;17400180;ACEPTADO;PLANTA_CORONEL
DOC-2025-03986;FAC;102881;CL0321;V010;CP45;RETAIL;2025-12-05;2026-01-19;CLP;52142944;9907159;62050103;ACEPTADO;PLANTA_CORONEL
DOC-2025-04027;FAC;102920;CL0303;V010;CP60;RETAIL;2025-12-05;2026-02-03;CLP;12502301;2375437;14877738;ACEPTADO;PLANTA_CORONEL
DOC-2025-04111;FAC;103001;CL0235;V012;CP60;RETAIL;2025-12-05;2026-02-03;CLP;10496582;1994351;12490933;ACEPTADO;CD_SANTIAGO
DOC-2025-04124;FAC;103013;CL0296;V011;CP30;RETAIL;2025-12-05;2026-01-04;CLP;8515392;1617924;10133316;ACEPTADO;CD_SANTIAGO
DOC-2025-04158;FAC;103046;CL0295;V011;CP45;RETAIL;2025-12-05;2026-01-19;CLP;14373446;2730955;17104401;RECLAMADO;PLANTA_TALCAHUANO
DOC-2025-04239;FAC;103123;CL0299;V011;CP45;RETAIL;2025-12-05;2026-01-19;CLP;10896466;2070329;12966795;ACEPTADO;PLANTA_CORONEL
DOC-2025-04285;FAC;103165;CL0245;V011;CP90;RETAIL;2025-12-05;2026-03-05;CLP;15591815;2962445;18554260;ACEPTADO;CD_SANTIAGO
DOC-2025-02581;FAC;101573;CL0074;V007;CP30;FOODSERVICE;2025-12-09;2026-01-08;CLP;16962416;3222859;20185275;ACEPTADO;PLANTA_TALCAHUANO
DOC-2025-02642;FEE;8140;CL0089;V008;CP45;FOODSERVICE;2025-12-09;2026-01-23;CLP;1950116;0;1950116;ACEPTADO;CD_SANTIAGO
DOC-2025-03141;FAC;102097;CL0189;V008;CP00;FOODSERVICE;2025-12-09;2025-12-09;CLP;4291629;815410;5107039;ACEPTADO;PLANTA_CORONEL
DOC-2025-03262;FAC;102210;CL0144;V006;CP30;FOODSERVICE;2025-12-09;2026-01-08;CLP;3765478;715441;4480919;ACEPTADO;CD_SANTIAGO
DOC-2025-03453;FAC;102392;CL0103;V005;CP30;FOODSERVICE;2025-12-09;2026-01-08;CLP;3664669;696287;4360956;ACEPTADO;PLANTA_TALCAHUANO
DOC-2025-04243;FAC;103127;CL0331;V011;CP30;RETAIL;2025-12-09;2026-01-08;CLP;4419328;839672;5259000;ACEPTADO;PLANTA_TALCAHUANO
DOC-2025-02395;FEX;50757;CL0032;V002;CP90;EXPORTACION;2025-12-10;2026-03-10;USD;56204.44;0;56204.44;ACEPTADO;PLANTA_CALDERA
DOC-2025-02576;FEE;8132;CL0136;V008;CP00;FOODSERVICE;2025-12-10;2025-12-10;CLP;14419746;0;14419746;ACEPTADO;PLANTA_CORONEL
DOC-2025-02973;FAC;101937;CL0219;V007;CP30;FOODSERVICE;2025-12-10;2026-01-09;CLP;3001248;570237;3571485;ACEPTADO;PLANTA_CORONEL
DOC-2025-02990;FAC;101954;CL0132;V005;CP45;FOODSERVICE;2025-12-10;2026-01-24;CLP;17115320;3251911;20367231;ACEPTADO;PLANTA_TALCAHUANO
DOC-2025-03852;FAC;102756;CL0101;V008;CP30;FOODSERVICE;2025-12-10;2026-01-09;CLP;2664835;506319;3171154;ACEPTADO;PLANTA_CORONEL
DOC-2025-03943;FAC;102840;CL0123;V006;CP60;FOODSERVICE;2025-12-10;2026-02-08;CLP;5086830;966498;6053328;ACEPTADO;CD_SANTIAGO
DOC-2025-02169;FEX;50531;CL0072;V004;CP90;EXPORTACION;2025-12-11;2026-03-11;USD;46701.9;0;46701.9;ACEPTADO;PLANTA_CORONEL
DOC-2025-02174;FEX;50536;CL0005;V004;CP60;EXPORTACION;2025-12-11;2026-02-09;CLP;70095272;0;70095272;ACEPTADO;PLANTA_TALCAHUANO
DOC-2025-02793;FAC;101768;CL0214;V008;CP45;FOODSERVICE;2025-12-11;2026-01-25;CLP;9506300;1806197;11312497;ACEPTADO;CD_SANTIAGO
DOC-2025-02960;FAC;101924;CL0095;V007;CP45;FOODSERVICE;2025-12-11;2026-01-25;CLP;1874822;356216;2231038;ACEPTADO;PLANTA_CORONEL
DOC-2025-02984;FAC;101948;CL0118;V007;CP30;FOODSERVICE;2025-12-11;2026-01-10;CLP;21522427;4089261;25611688;ACEPTADO;PLANTA_CORONEL
DOC-2025-03161;FAC;102116;CL0118;V007;CP30;FOODSERVICE;2025-12-11;2026-01-10;CLP;17429383;3311583;20740966;ACEPTADO;PLANTA_TALCAHUANO
DOC-2025-03213;FAC;102163;CL0097;V007;CP60;FOODSERVICE;2025-12-11;2026-02-09;CLP;10136516;1925938;12062454;ACEPTADO;CD_SANTIAGO
DOC-2025-03231;FAC;102181;CL0128;V005;CP45;FOODSERVICE;2025-12-11;2026-01-25;CLP;2432607;462195;2894802;ACEPTADO;CD_SANTIAGO
DOC-2025-03432;FAC;102371;CL0207;V008;CP00;FOODSERVICE;2025-12-11;2025-12-11;CLP;3178565;603927;3782492;ACEPTADO;PLANTA_CORONEL
DOC-2025-03981;FAC;102876;CL0318;V009;CP45;RETAIL;2025-12-11;2026-01-25;CLP;7945518;1509648;9455166;RECLAMADO;PLANTA_CORONEL
DOC-2025-04163;FAC;103051;CL0279;V010;CP30;RETAIL;2025-12-11;2026-01-10;CLP;26425590;5020862;31446452;ACEPTADO;CD_SANTIAGO
DOC-2025-04219;FAC;103103;CL0275;V011;CP30;RETAIL;2025-12-11;2026-01-10;CLP;10272082;1951696;12223778;ACEPTADO;CD_SANTIAGO
DOC-2025-02377;FEX;50739;CL0032;V002;CP60;EXPORTACION;2025-12-12;2026-02-10;USD;178503.66;0;178503.66;ACEPTADO;PLANTA_CORONEL
DOC-2025-02409;FEX;50771;CL0049;V003;CP60;EXPORTACION;2025-12-12;2026-02-10;USD;41832.95;0;41832.95;ACEPTADO;PLANTA_TALCAHUANO
DOC-2025-02430;FEX;50792;CL0020;V004;CP60;EXPORTACION;2025-12-12;2026-02-10;USD;5510.8;0;5510.8;ACEPTADO;PLANTA_QUELLON
DOC-2025-02498;FEX;50860;CL0032;V002;CP60;EXPORTACION;2025-12-12;2026-02-10;USD;136756.51;0;136756.51;ACEPTADO;PLANTA_QUELLON
DOC-2025-02702;FAC;101682;CL0150;V006;CP45;FOODSERVICE;2025-12-12;2026-01-26;CLP;3480378;661272;4141650;ACEPTADO;CD_SANTIAGO
DOC-2025-02875;FAC;101844;CL0156;V008;CP45;FOODSERVICE;2025-12-12;2026-01-26;CLP;16775826;3187407;19963233;ACEPTADO;PLANTA_TALCAHUANO
DOC-2025-02902;FAC;101868;CL0102;V008;CP45;FOODSERVICE;2025-12-12;2026-01-26;CLP;547064;103942;651006;ACEPTADO;CD_SANTIAGO
DOC-2025-03084;FAC;102045;CL0074;V007;CP60;FOODSERVICE;2025-12-12;2026-02-10;CLP;25534298;4851517;30385815;ACEPTADO;PLANTA_TALCAHUANO
DOC-2025-03157;FAC;102112;CL0100;V008;CP30;FOODSERVICE;2025-12-12;2026-01-11;CLP;5660519;1075499;6736018;ACEPTADO;CD_SANTIAGO
DOC-2025-03575;FAC;102505;CL0193;V008;CP30;FOODSERVICE;2025-12-12;2026-01-11;CLP;18991981;3608476;22600457;ACEPTADO;PLANTA_TALCAHUANO
DOC-2025-03636;FAC;102562;CL0140;V007;CP30;FOODSERVICE;2025-12-12;2026-01-11;CLP;8151208;1548730;9699938;ACEPTADO;PLANTA_CORONEL
DOC-2025-03671;FAC;102591;CL0200;V008;CP60;FOODSERVICE;2025-12-12;2026-02-10;CLP;11695420;2222130;13917550;ACEPTADO;PLANTA_TALCAHUANO
DOC-2025-03686;FAC;102605;CL0146;V005;CP45;FOODSERVICE;2025-12-12;2026-01-26;CLP;8776179;1667474;10443653;ACEPTADO;CD_SANTIAGO
DOC-2025-03763;FAC;102678;CL0199;V008;CP30;FOODSERVICE;2025-12-12;2026-01-11;CLP;4395696;835182;5230878;ACEPTADO;CD_SANTIAGO
DOC-2025-03823;FAC;102729;CL0092;V005;CP30;FOODSERVICE;2025-12-12;2026-01-11;CLP;1495374;284121;1779495;ACEPTADO;PLANTA_CORONEL
DOC-2025-03872;FAC;102773;CL0073;V005;CP30;FOODSERVICE;2025-12-12;2026-01-11;CLP;19191124;3646314;22837438;ACEPTADO;CD_SANTIAGO
DOC-2025-03903;FAC;102803;CL0095;V007;CP00;FOODSERVICE;2025-12-12;2025-12-12;CLP;522247;99227;621474;ACEPTADO;PLANTA_CORONEL
DOC-2025-03940;FAC;102837;CL0093;V006;CP30;FOODSERVICE;2025-12-12;2026-01-11;CLP;4311115;819112;5130227;ACEPTADO;PLANTA_TALCAHUANO
DOC-2025-03999;FEE;8230;CL0309;V012;CP45;RETAIL;2025-12-12;2026-01-26;CLP;8715556;0;8715556;ANULADO;PLANTA_TALCAHUANO
DOC-2025-04087;FAC;102977;CL0279;V010;CP45;RETAIL;2025-12-12;2026-01-26;CLP;28534635;5421581;33956216;ACEPTADO;CD_SANTIAGO
DOC-2025-04107;FAC;102997;CL0337;V011;CP30;RETAIL;2025-12-12;2026-01-11;CLP;7272059;1381691;8653750;ACEPTADO;CD_SANTIAGO
DOC-2025-04197;FAC;103081;CL0312;V010;CP30;RETAIL;2025-12-12;2026-01-11;CLP;5995545;1139154;7134699;ACEPTADO;PLANTA_CORONEL
DOC-2025-04280;FAC;103161;CL0301;V009;CP30;RETAIL;2025-12-12;2026-01-11;CLP;31667834;6016888;37684722;ACEPTADO;PLANTA_TALCAHUANO
DOC-2025-02034;FEX;50396;CL0018;V003;CP60;EXPORTACION;2025-12-15;2026-02-13;USD;23755.64;0;23755.64;ACEPTADO;PLANTA_CALDERA
DOC-2025-02059;FEX;50421;CL0062;V004;CP90;EXPORTACION;2025-12-15;2026-03-15;USD;19166.15;0;19166.15;ACEPTADO;PLANTA_CALDERA
DOC-2025-02402;FEX;50764;CL0012;V004;CP60;EXPORTACION;2025-12-15;2026-02-13;USD;38322.09;0;38322.09;ACEPTADO;PLANTA_QUELLON
DOC-2025-02574;FAC;101567;CL0118;V007;CP00;FOODSERVICE;2025-12-15;2025-12-15;CLP;1197211;227470;1424681;ACEPTADO;PLANTA_CORONEL
DOC-2025-03012;FAC;101975;CL0107;V005;CP45;FOODSERVICE;2025-12-15;2026-01-29;CLP;1954132;371285;2325417;ACEPTADO;PLANTA_CORONEL
DOC-2025-03026;FAC;101989;CL0142;V007;CP45;FOODSERVICE;2025-12-15;2026-01-29;CLP;9462408;1797858;11260266;ACEPTADO;PLANTA_CORONEL
DOC-2025-03057;FAC;102019;CL0114;V008;CP30;FOODSERVICE;2025-12-15;2026-01-14;CLP;5494340;1043925;6538265;ACEPTADO;PLANTA_CORONEL
DOC-2025-03280;FAC;102227;CL0106;V008;CP45;FOODSERVICE;2025-12-15;2026-01-29;CLP;4820436;915883;5736319;ACEPTADO;CD_SANTIAGO
DOC-2025-03298;FAC;102245;CL0177;V005;CP30;FOODSERVICE;2025-12-15;2026-01-14;CLP;2932597;557193;3489790;ACEPTADO;CD_SANTIAGO
DOC-2025-03681;FAC;102600;CL0165;V007;CP30;FOODSERVICE;2025-12-15;2026-01-14;CLP;5223346;992436;6215782;ACEPTADO;PLANTA_CORONEL
DOC-2025-04069;FAC;102959;CL0279;V010;CP60;RETAIL;2025-12-15;2026-02-13;CLP;24405688;4637081;29042769;ACEPTADO;CD_SANTIAGO
DOC-2025-03142;FAC;102098;CL0158;V007;CP45;FOODSERVICE;2025-12-16;2026-01-30;CLP;6784105;1288980;8073085;ACEPTADO;PLANTA_TALCAHUANO
DOC-2025-03491;FAC;102426;CL0148;V006;CP45;FOODSERVICE;2025-12-16;2026-01-30;CLP;6516469;1238129;7754598;ACEPTADO;PLANTA_TALCAHUANO
DOC-2025-02597;FAC;101588;CL0178;V008;CP00;FOODSERVICE;2025-12-17;2025-12-17;CLP;871130;165515;1036645;ACEPTADO;PLANTA_TALCAHUANO
DOC-2025-02732;FAC;101710;CL0198;V006;CP30;FOODSERVICE;2025-12-17;2026-03-02;CLP;2274592;432172;2706764;ACEPTADO;PLANTA_CORONEL
DOC-2025-02948;FAC;101912;CL0144;V006;CP45;FOODSERVICE;2025-12-17;2026-01-31;CLP;9424415;1790639;11215054;ACEPTADO;PLANTA_TALCAHUANO
DOC-2025-03568;FAC;102498;CL0135;V005;CP45;FOODSERVICE;2025-12-17;2025-09-18;CLP;2429661;461636;2891297;ACEPTADO;PLANTA_CORONEL
DOC-2025-03627;FAC;102553;CL0209;V006;CP30;FOODSERVICE;2025-12-17;2026-01-16;CLP;6234543;1184563;7419106;ACEPTADO;PLANTA_CORONEL
DOC-2025-04290;FAC;103170;CL0266;V012;CP60;RETAIL;2025-12-17;2026-02-15;CLP;19377983;3681817;23059800;ACEPTADO;CD_SANTIAGO
DOC-2025-02185;FEX;50547;CL0032;V002;CP90;EXPORTACION;2025-12-18;2026-04-12;USD;25045.7;0;25045.7;ACEPTADO;PLANTA_CALDERA
DOC-2025-02207;FEX;50569;CL0032;V002;CP60;EXPORTACION;2025-12-18;2026-02-16;USD;45722.59;0;45722.59;ACEPTADO;PLANTA_QUELLON
DOC-2025-02275;FEX;50637;CL0072;V004;CP90;EXPORTACION;2025-12-18;2026-03-18;USD;18886.1;0;18886.1;ACEPTADO;PLANTA_TALCAHUANO
DOC-2025-02372;FEX;50734;CL0044;V004;CP60;EXPORTACION;2025-12-18;2026-02-16;USD;4738.22;0;4738.22;ACEPTADO;PLANTA_QUELLON
DOC-2025-02866;FAC;101836;CL0121;V007;CP45;FOODSERVICE;2025-12-18;2026-02-01;CLP;3659202;695248;4354450;ACEPTADO;PLANTA_TALCAHUANO
DOC-2025-03576;FAC;102506;CL0111;V008;CP30;FOODSERVICE;2025-12-18;2026-01-17;CLP;2283489;433863;2717352;ACEPTADO;PLANTA_CORONEL
DOC-2025-04068;FAC;102958;CL0342;V011;CP45;RETAIL;2025-12-18;2026-02-01;CLP;5177908;983803;6161711;ACEPTADO;PLANTA_TALCAHUANO
DOC-2025-04201;FAC;103085;CL0224;V010;CP60;RETAIL;2025-12-18;2026-02-16;CLP;9621975;1828175;11450150;ACEPTADO;PLANTA_CORONEL
DOC-2025-02381;FEX;50743;CL0012;V004;CP60;EXPORTACION;2025-12-19;2026-02-17;USD;88402.99;0;88402.99;ACEPTADO;PLANTA_CALDERA
DOC-2025-02519;FAC;101516;CL0118;V007;CP45;FOODSERVICE;2025-12-19;2026-02-02;CLP;4136141;785867;4922008;ACEPTADO;PLANTA_CORONEL
DOC-2025-02788;FAC;101763;CL0074;V007;CP00;FOODSERVICE;2025-12-19;2025-12-19;CLP;103699727;19702948;123402675;ACEPTADO;CD_SANTIAGO
DOC-2025-02859;FAC;101829;CL0198;V006;CP30;FOODSERVICE;2025-12-19;2026-01-18;CLP;5262430;999862;6262292;ACEPTADO;PLANTA_CORONEL
DOC-2025-03079;FAC;102041;CL0120;V007;CP30;FOODSERVICE;2025-12-19;2026-01-18;CLP;10232329;1944143;12176472;ACEPTADO;PLANTA_CORONEL
DOC-2025-03168;FAC;102123;CL0167;V008;CP30;FOODSERVICE;2025-12-19;2026-01-18;CLP;5012207;952319;5964526;ACEPTADO;PLANTA_CORONEL
DOC-2025-03169;FAC;102124;CL0193;V008;CP30;FOODSERVICE;2025-12-19;2026-01-18;CLP;7309090;1388727;8697817;ACEPTADO;CD_SANTIAGO
DOC-2025-03424;FAC;102363;CL0193;V008;CP30;FOODSERVICE;2025-12-19;2025-10-02;CLP;12638551;2401325;15039876;ACEPTADO;PLANTA_TALCAHUANO
DOC-2025-03561;FAC;102491;CL0212;V005;CP45;FOODSERVICE;2025-12-19;2026-02-02;CLP;2270811;431454;2702265;ACEPTADO;PLANTA_CORONEL
DOC-2025-03676;FAC;102596;CL0107;V005;CP30;FOODSERVICE;2025-12-19;2026-01-18;CLP;20775315;3947310;24722625;ACEPTADO;PLANTA_TALCAHUANO
DOC-2025-03784;FAC;102695;CL0110;V008;CP30;FOODSERVICE;2025-12-19;2026-01-18;CLP;3413400;648546;4061946;ACEPTADO;CD_SANTIAGO
DOC-2025-03936;FAC;102833;CL0156;V008;CP30;FOODSERVICE;2025-12-19;2026-02-17;CLP;1537907;292202;1830109;ACEPTADO;CD_SANTIAGO
DOC-2025-03989;FAC;102884;CL0341;V010;CP60;RETAIL;2025-12-19;2026-02-17;CLP;4712850;895442;5608292;ACEPTADO;PLANTA_TALCAHUANO
DOC-2025-04155;FAC;103043;CL0325;V011;CP60;RETAIL;2025-12-19;2026-02-17;CLP;11701822;2223346;13925168;ACEPTADO;PLANTA_TALCAHUANO
DOC-2025-04250;FAC;103132;CL0279;V010;CP30;RETAIL;2025-12-19;2026-01-18;CLP;35673677;6777999;42451676;ACEPTADO;PLANTA_TALCAHUANO
DOC-2025-02127;FEX;50489;CL0018;V003;CP90;EXPORTACION;2025-12-22;2026-03-22;USD;22781.12;0;22781.12;ACEPTADO;PLANTA_CALDERA
DOC-2025-02557;FAC;101550;CL0089;V008;CP30;FOODSERVICE;2025-12-22;2026-01-21;CLP;2362206;448819;2811025;ACEPTADO;PLANTA_CORONEL
DOC-2025-02659;FAC;101642;CL0084;V005;CP30;FOODSERVICE;2025-12-22;2026-01-21;CLP;1528337;290384;1818721;ACEPTADO;PLANTA_TALCAHUANO
DOC-2025-02694;FAC;101674;CL0139;V008;CP30;FOODSERVICE;2025-12-22;2026-01-21;CLP;2432003;462081;2894084;ACEPTADO;CD_SANTIAGO
DOC-2025-03802;FAC;102712;CL0132;V005;CP30;FOODSERVICE;2025-12-22;2026-01-21;CLP;6576729;1249579;7826308;ACEPTADO;PLANTA_CORONEL
DOC-2025-03887;FAC;102788;CL0161;V005;CP60;FOODSERVICE;2025-12-22;2025-12-09;CLP;6902646;1311503;8214149;ACEPTADO;CD_SANTIAGO
DOC-2025-04217;FAC;103101;CL0321;V010;CP60;RETAIL;2025-12-22;2026-02-20;CLP;30817268;5855281;36672549;ACEPTADO;PLANTA_TALCAHUANO
DOC-2025-04272;FAC;103153;CL0241;V011;CP45;RETAIL;2025-12-22;2026-02-05;CLP;19710126;3744924;23455050;ACEPTADO;PLANTA_TALCAHUANO
DOC-2025-02049;FEX;50411;CL0022;V001;CP120;EXPORTACION;2025-12-23;2026-04-22;USD;25905.51;0;25905.51;ACEPTADO;PLANTA_CORONEL
DOC-2025-02860;FAC;101830;CL0119;V007;CP30;FOODSERVICE;2025-12-23;2026-01-22;CLP;3957398;751906;4709304;ACEPTADO;PLANTA_TALCAHUANO
DOC-2025-02914;FAC;101880;CL0164;V007;CP45;FOODSERVICE;2025-12-23;2026-02-06;CLP;2641753;501933;3143686;ACEPTADO;CD_SANTIAGO
DOC-2025-03602;FAC;102531;CL0117;V008;CP30;FOODSERVICE;2025-12-23;2026-01-22;CLP;5591600;1062404;6654004;ACEPTADO;CD_SANTIAGO
DOC-2025-02101;FEX;50463;CL0062;V004;CP90;EXPORTACION;2025-12-24;2026-05-23;USD;117814.09;0;117814.09;ACEPTADO;PLANTA_TALCAHUANO
DOC-2025-02173;FEX;50535;CL0012;V004;CP90;EXPORTACION;2025-12-24;2026-03-24;USD;16615.36;0;16615.36;ACEPTADO;PLANTA_QUELLON
DOC-2025-02280;FEX;50642;CL0007;V004;CP90;EXPORTACION;2025-12-24;2026-03-24;USD;143504.78;0;143504.78;ACEPTADO;PLANTA_QUELLON
DOC-2025-02413;FEX;50775;CL0047;V003;CP90;EXPORTACION;2025-12-24;2026-03-24;USD;8830.54;0;8830.54;ACEPTADO;PLANTA_QUELLON
DOC-2025-02521;FAC;101518;CL0117;V008;CP45;FOODSERVICE;2025-12-24;2026-02-07;CLP;9312346;1769346;11081692;ACEPTADO;CD_SANTIAGO
DOC-2025-02558;FAC;101551;CL0214;V008;CP30;FOODSERVICE;2025-12-24;2026-01-23;CLP;3122431;593262;3715693;ACEPTADO;CD_SANTIAGO
DOC-2025-02623;FAC;101610;CL0162;V007;CP45;FOODSERVICE;2025-12-24;2026-02-07;CLP;4110543;781003;4891546;ACEPTADO;PLANTA_CORONEL
DOC-2025-02720;FAC;101699;CL0120;V007;CP45;FOODSERVICE;2025-12-24;2026-02-07;CLP;12883450;2447856;15331306;ACEPTADO;PLANTA_TALCAHUANO
DOC-2025-02741;FAC;101718;CL0118;V007;CP45;FOODSERVICE;2025-12-24;2026-02-07;CLP;5976366;1135510;7111876;ACEPTADO;PLANTA_TALCAHUANO
DOC-2025-02938;FAC;101902;CL0186;V007;CP00;FOODSERVICE;2025-12-24;2025-12-24;CLP;7740270;1470651;9210921;ACEPTADO;PLANTA_CORONEL
DOC-2025-02986;FAC;101950;CL0214;V008;CP30;FOODSERVICE;2025-12-24;2026-01-23;CLP;16972175;3224713;20196888;ACEPTADO;PLANTA_CORONEL
DOC-2025-03311;FAC;102257;CL0201;V005;CP60;FOODSERVICE;2025-12-24;2026-02-22;CLP;2872109;545701;3417810;ACEPTADO;CD_SANTIAGO
DOC-2025-03342;FAC;102285;CL0074;V007;CP60;FOODSERVICE;2025-12-24;2026-02-22;CLP;10633323;2020331;12653654;ACEPTADO;CD_SANTIAGO
DOC-2025-03421;FAC;102360;CL0136;V008;CP00;FOODSERVICE;2025-12-24;2025-12-24;CLP;949012;180312;1129324;ACEPTADO;PLANTA_CORONEL
DOC-2025-03657;FAC;102580;CL0198;V006;CP30;FOODSERVICE;2025-12-24;2026-01-23;CLP;8369441;1590194;9959635;ACEPTADO;PLANTA_CORONEL
DOC-2025-03670;FAC;102590;CL0162;V007;CP60;FOODSERVICE;2025-12-24;2026-02-22;CLP;2931417;556969;3488386;ACEPTADO;PLANTA_TALCAHUANO
DOC-2025-03710;FAC;102628;CL0217;V007;CP30;FOODSERVICE;2025-12-24;2026-01-23;CLP;8423059;1600381;10023440;ACEPTADO;CD_SANTIAGO
DOC-2025-03808;FAC;102718;CL0118;V007;CP60;FOODSERVICE;2025-12-24;2026-02-22;CLP;26269028;4991115;31260143;ACEPTADO;PLANTA_CORONEL
DOC-2025-03818;FAC;102727;CL0193;V008;CP60;FOODSERVICE;2025-12-24;2026-02-22;CLP;12830009;2437702;15267711;ACEPTADO;PLANTA_TALCAHUANO
DOC-2025-03965;FAC;102861;CL0118;V007;CP30;FOODSERVICE;2025-12-24;2026-01-23;CLP;13327294;2532186;15859480;ACEPTADO;CD_SANTIAGO
DOC-2025-03966;FAC;102862;CL0134;V007;CP00;FOODSERVICE;2025-12-24;2025-12-24;CLP;14480381;2751272;17231653;ACEPTADO;PLANTA_TALCAHUANO
DOC-2025-04061;FAC;102951;CL0341;V010;CP60;RETAIL;2025-12-24;2026-02-22;CLP;9206449;1749225;10955674;ACEPTADO;CD_SANTIAGO
DOC-2025-04147;FEE;8236;CL0279;V010;CP30;RETAIL;2025-12-24;2026-01-23;CLP;17962970;0;17962970;ACEPTADO;CD_SANTIAGO
DOC-2025-04167;FAC;103055;CL0311;V012;CP60;RETAIL;2025-12-24;2026-02-22;CLP;9344642;1775482;11120124;ACEPTADO;CD_SANTIAGO
DOC-2025-04252;FAC;103134;CL0279;V010;CP30;RETAIL;2025-12-24;2026-01-23;CLP;47458434;9017102;56475536;ACEPTADO;PLANTA_CORONEL
DOC-2025-04325;FAC;103203;CL0279;V010;CP30;RETAIL;2025-12-24;2026-01-23;CLP;34368401;6529996;40898397;ANULADO;CD_SANTIAGO
DOC-2025-02075;FEX;50437;CL0049;V003;CP60;EXPORTACION;2025-12-26;2026-02-24;USD;15298.53;0;15298.53;ACEPTADO;PLANTA_CORONEL
DOC-2025-02102;FEX;50464;CL0067;V004;CP90;EXPORTACION;2025-12-26;2026-03-26;USD;14422.7;0;14422.7;ACEPTADO;PLANTA_TALCAHUANO
DOC-2025-02278;FEX;50640;CL0012;V004;CP90;EXPORTACION;2025-12-26;2026-03-26;USD;101720.25;0;101720.25;ACEPTADO;PLANTA_CALDERA
DOC-2025-02437;FEX;50799;CL0034;V004;CP90;EXPORTACION;2025-12-26;2026-03-26;USD;10762.29;0;10762.29;ACEPTADO;PLANTA_CORONEL
DOC-2025-02537;FAC;101530;CL0143;V006;CP00;FOODSERVICE;2025-12-26;2025-12-26;CLP;4265108;810371;5075479;ANULADO;PLANTA_TALCAHUANO
DOC-2025-02746;FAC;101721;CL0123;V006;CP30;FOODSERVICE;2025-12-26;2026-01-25;CLP;1923277;365423;2288700;ACEPTADO;PLANTA_TALCAHUANO
DOC-2025-02759;FAC;101734;CL0077;V007;CP30;FOODSERVICE;2025-12-26;2025-11-23;CLP;16825377;3196822;20022199;ACEPTADO;PLANTA_CORONEL
DOC-2025-02926;FAC;101891;CL0150;V006;CP30;FOODSERVICE;2025-12-26;2026-01-25;CLP;1661951;315771;1977722;ACEPTADO;PLANTA_TALCAHUANO
DOC-2025-03047;FAC;102009;CL0212;V005;CP60;FOODSERVICE;2025-12-26;2026-02-24;CLP;8676043;1648448;10324491;ACEPTADO;CD_SANTIAGO
DOC-2025-03065;FAC;102027;CL0199;V008;CP30;FOODSERVICE;2025-12-26;2026-01-05;CLP;5941662;1128916;7070578;ACEPTADO;CD_SANTIAGO
DOC-2025-03136;FAC;102093;CL0123;V006;CP30;FOODSERVICE;2025-12-26;2026-01-25;CLP;8761786;1664739;10426525;ACEPTADO;PLANTA_TALCAHUANO
DOC-2025-03160;FAC;102115;CL0124;V006;CP30;FOODSERVICE;2025-12-26;2026-01-25;CLP;3255976;618635;3874611;ACEPTADO;PLANTA_TALCAHUANO
DOC-2025-03182;FAC;102136;CL0136;V008;CP30;FOODSERVICE;2025-12-26;2026-01-25;CLP;5681625;1079509;6761134;ACEPTADO;PLANTA_CORONEL
DOC-2025-03236;FAC;102186;CL0117;V008;CP60;FOODSERVICE;2025-12-26;2026-02-24;CLP;2004632;380880;2385512;ACEPTADO;CD_SANTIAGO
DOC-2025-03281;FAC;102228;CL0074;V007;CP30;FOODSERVICE;2025-12-26;2026-01-25;CLP;21724530;4127661;25852191;ACEPTADO;CD_SANTIAGO
DOC-2025-03519;FAC;102451;CL0161;V005;CP30;FOODSERVICE;2025-12-26;2026-01-25;CLP;9298938;1766798;11065736;ACEPTADO;PLANTA_TALCAHUANO
DOC-2025-03530;FAC;102461;CL0104;V006;CP45;FOODSERVICE;2025-12-26;2026-02-09;CLP;13408112;2547541;15955653;ACEPTADO;PLANTA_TALCAHUANO
DOC-2025-03844;FAC;102750;CL0074;V007;CP45;FOODSERVICE;2025-12-26;2026-02-09;CLP;9279672;1763138;11042810;ACEPTADO;PLANTA_TALCAHUANO
DOC-2025-04062;FAC;102952;CL0265;V009;CP45;RETAIL;2025-12-26;2026-02-09;CLP;12373069;2350883;14723952;ACEPTADO;PLANTA_TALCAHUANO
DOC-2025-04070;FAC;102960;CL0233;V009;CP90;RETAIL;2025-12-26;2026-03-26;CLP;9885794;1878301;11764095;ACEPTADO;CD_SANTIAGO
DOC-2025-04072;FAC;102962;CL0279;V010;CP30;RETAIL;2025-12-26;2026-01-25;CLP;17856590;3392752;21249342;ACEPTADO;PLANTA_TALCAHUANO
DOC-2025-04105;FAC;102995;CL0269;V010;CP30;RETAIL;2025-12-26;2026-01-25;CLP;13616599;2587154;16203753;ACEPTADO;CD_SANTIAGO
DOC-2025-04112;FEE;8235;CL0283;V012;CP45;RETAIL;2025-12-26;2026-02-09;CLP;8849461;0;8849461;ACEPTADO;PLANTA_CORONEL
DOC-2025-04131;FAC;103020;CL0323;V011;CP45;RETAIL;2025-12-26;2026-02-09;CLP;20916841;3974200;24891041;ACEPTADO;PLANTA_CORONEL
DOC-2025-04236;FAC;103120;CL0288;V010;CP30;RETAIL;2025-12-26;2026-01-25;CLP;8657246;1644877;10302123;ACEPTADO;PLANTA_CORONEL
DOC-2025-04256;FAC;103137;CL0263;V011;CP60;RETAIL;2025-12-26;2026-02-24;CLP;7340678;1394729;8735407;ACEPTADO;CD_SANTIAGO
DOC-2025-04279;FAC;103160;CL0279;V010;CP30;RETAIL;2025-12-26;2026-01-25;CLP;52495071;9974063;62469134;ACEPTADO;PLANTA_TALCAHUANO
DOC-2025-04301;FAC;103181;CL0304;V009;CP45;RETAIL;2025-12-26;2026-02-09;CLP;16477318;3130690;19608008;ACEPTADO;CD_SANTIAGO
DOC-2025-04331;FAC;103209;CL0301;V009;CP45;RETAIL;2025-12-26;2026-02-09;CLP;7855393;1492525;9347918;ACEPTADO;CD_SANTIAGO
DOC-DUP-021;FAC;102451;CL0161;V005;CP30;FOODSERVICE;2025-12-26;2026-01-25;CLP;9298938;1766798;11065736;ACEPTADO;PLANTA_TALCAHUANO
DOC-2025-02045;FEX;50407;CL0011;V002;CP120;EXPORTACION;2025-12-29;2026-04-28;USD;44094.14;0;44094.14;ACEPTADO;PLANTA_TALCAHUANO
DOC-2025-02716;FAC;101695;CL0209;V006;CP45;FOODSERVICE;2025-12-29;2026-02-12;CLP;3569287;678165;4247452;ACEPTADO;PLANTA_TALCAHUANO
DOC-2025-02813;FAC;101786;CL0128;V005;CP30;FOODSERVICE;2025-12-29;2026-01-28;CLP;5134167;975492;6109659;ACEPTADO;CD_SANTIAGO
DOC-2025-03110;FAC;102067;CL0140;V007;CP30;FOODSERVICE;2025-12-29;2026-01-28;CLP;5001531;950291;5951822;ACEPTADO;PLANTA_CORONEL
DOC-2025-03465;FAC;102402;CL0158;V007;CP45;FOODSERVICE;2025-12-29;2026-02-12;CLP;8168650;1552044;9720694;ACEPTADO;CD_SANTIAGO
DOC-2025-03638;FAC;102564;CL0161;V005;CP45;FOODSERVICE;2025-12-29;2026-02-12;CLP;13156966;2499824;15656790;ACEPTADO;PLANTA_TALCAHUANO
DOC-2025-04133;FAC;103022;CL0323;V011;CP60;RETAIL;2025-12-29;2026-02-27;CLP;22014896;4182830;26197726;ACEPTADO;CD_SANTIAGO
DOC-2025-02233;FEX;50595;CL0056;V002;CP60;EXPORTACION;2025-12-30;2026-02-28;CLP;32403545;0;32403545;ACEPTADO;PLANTA_QUELLON
DOC-2025-02301;FEX;50663;CL0049;V003;CP90;EXPORTACION;2025-12-30;2026-03-30;USD;13288.01;0;13288.01;ACEPTADO;PLANTA_TALCAHUANO
DOC-2025-02511;FEX;50873;CL0040;V001;CP120;EXPORTACION;2025-12-30;2026-04-29;CLP;122500309;0;122500309;ACEPTADO;PLANTA_CALDERA
DOC-2025-03039;FAC;102001;CL0081;V005;CP30;FOODSERVICE;2025-12-30;2026-01-29;CLP;733841;139430;873271;ACEPTADO;PLANTA_TALCAHUANO
DOC-2025-03045;FAC;102007;CL0155;V005;CP30;FOODSERVICE;2025-12-30;2026-01-29;CLP;12034090;2286477;14320567;ACEPTADO;PLANTA_TALCAHUANO
DOC-2025-02064;FEX;50426;CL0062;V004;CP90;EXPORTACION;2025-12-31;2026-03-31;USD;35898.95;0;35898.95;ACEPTADO;PLANTA_TALCAHUANO
DOC-2025-02554;FAC;101547;CL0186;V007;CP60;FOODSERVICE;2025-12-31;2026-03-01;CLP;3431734;652029;4083763;ACEPTADO;CD_SANTIAGO
DOC-2025-02723;FAC;101702;CL0192;V006;CP30;FOODSERVICE;2025-12-31;2026-01-30;CLP;7352246;1396927;8749173;ACEPTADO;PLANTA_TALCAHUANO
DOC-2025-03838;FAC;102744;CL0147;V005;CP45;FOODSERVICE;2025-12-31;2026-02-14;CLP;3346671;635867;3982538;ACEPTADO;PLANTA_CORONEL
DOC-2025-04078;FAC;102968;CL0266;V012;CP60;RETAIL;2025-12-31;2026-03-01;CLP;21134509;4015557;25150066;ACEPTADO;PLANTA_CORONEL
