id_cobranza;id_documento;fecha_pago;moneda;monto_pagado;medio_pago;id_operacion_factoring
COB-000059;DOC-2024-00944;2024-01-10;CLP;1056566;TRANSFERENCIA;
COB-000095;DOC-2024-01411;2024-01-15;CLP;10599551;TRANSFERENCIA;
COB-000005;DOC-2024-00472;2024-01-24;CLP;5776171;TRANSFERENCIA;
COB-000129;DOC-2024-00822;2024-01-26;CLP;2282813;TRANSFERENCIA;
COB-000040;DOC-2024-01471;2024-01-29;CLP;1649619;TRANSFERENCIA;
COB-000061;DOC-2024-00981;2024-01-31;CLP;956540;TRANSFERENCIA;
COB-000076;DOC-2024-01573;2024-02-01;CLP;6019227;TRANSFERENCIA;
COB-000008;DOC-2024-00796;2024-02-08;CLP;2769751;TRANSFERENCIA;
COB-000016;DOC-2024-01391;2024-02-08;CLP;2895622;TRANSFERENCIA;
COB-000025;DOC-2024-01955;2024-02-08;CLP;9801356;TRANSFERENCIA;
COB-000029;DOC-2024-01640;2024-02-08;CLP;14082001;TRANSFERENCIA;
COB-000130;DOC-2024-00952;2024-02-09;CLP;7155375;TRANSFERENCIA;
COB-000006;DOC-2024-00759;2024-02-12;CLP;5101877;TRANSFERENCIA;
COB-000116;DOC-2024-01766;2024-02-13;CLP;9767641;TRANSFERENCIA;
COB-000057;DOC-2024-00620;2024-02-15;CLP;1322635;TRANSFERENCIA;
COB-000108;DOC-2024-00420;2024-02-15;CLP;8764639;CHEQUE;
COB-000184;DOC-2024-02000;2024-02-16;CLP;63986461;TRANSFERENCIA;
COB-000030;DOC-2024-02005;2024-02-19;CLP;14950679;TRANSFERENCIA;
COB-000042;DOC-2024-01594;2024-02-19;CLP;9773740;TRANSFERENCIA;
COB-000064;DOC-2024-01269;2024-02-19;CLP;2233685;TRANSFERENCIA;
COB-000075;DOC-2024-01331;2024-02-19;CLP;6352620;TRANSFERENCIA;
COB-000112;DOC-2024-00957;2024-02-19;CLP;1181306;TRANSFERENCIA;
COB-000138;DOC-2024-00724;2024-02-19;CLP;8785244;TRANSFERENCIA;
COB-000111;DOC-2024-00919;2024-02-20;CLP;6177643;TRANSFERENCIA;
COB-000009;DOC-2024-00796;2024-02-21;CLP;2008968;TRANSFERENCIA;
COB-000060;DOC-2024-00944;2024-02-21;CLP;954179;TRANSFERENCIA;
COB-000027;DOC-2024-00896;2024-02-22;CLP;2767067;CHEQUE;
COB-000145;DOC-2024-01264;2024-02-22;CLP;14300132;TRANSFERENCIA;
COB-000212;DOC-2024-01546;2024-02-22;CLP;8652802;TRANSFERENCIA;
COB-000019;DOC-2024-01547;2024-02-23;CLP;3823077;TRANSFERENCIA;
COB-000062;DOC-2024-01183;2024-02-23;CLP;3381914;TRANSFERENCIA;
COB-000096;DOC-2024-01421;2024-02-23;CLP;12342814;TRANSFERENCIA;
COB-000128;DOC-2024-00819;2024-02-26;CLP;31200442;TRANSFERENCIA;
COB-000160;DOC-2024-00976;2024-02-26;CLP;7760222;TRANSFERENCIA;
COB-000183;DOC-2024-01685;2024-02-26;CLP;6054680;TRANSFERENCIA;
COB-000231;DOC-2024-01744;2024-02-26;CLP;15188671;COMPENSACION;
COB-000238;DOC-2024-00735;2024-02-26;CLP;4455672;TRANSFERENCIA;
COB-000013;DOC-2024-01206;2024-02-27;CLP;1681732;TRANSFERENCIA;
COB-000121;DOC-2024-00739;2024-02-27;CLP;1620444;TRANSFERENCIA;
COB-000241;DOC-2024-01512;2024-02-27;CLP;10043532;TRANSFERENCIA;
COB-000007;DOC-2024-00759;2024-02-28;CLP;4278024;TRANSFERENCIA;
COB-000162;DOC-2024-01389;2024-02-28;CLP;53237612;CHEQUE;
COB-000170;DOC-2024-01403;2024-02-28;CLP;1862785;COMPENSACION;
COB-000002;DOC-2024-00159;2024-02-29;USD;41229.66;CHEQUE;
COB-000046;DOC-2024-01981;2024-02-29;CLP;4722518;TRANSFERENCIA;
COB-000055;DOC-2024-01878;2024-02-29;CLP;15760213;TRANSFERENCIA;
COB-000001;DOC-2024-00015;2024-03-04;CLP;51527074;TRANSFERENCIA;
COB-000018;DOC-2024-01442;2024-03-04;CLP;11237794;CHEQUE;
COB-000026;DOC-2024-00887;2024-03-04;CLP;1113844;COMPENSACION;
COB-000050;DOC-2024-01237;2024-03-04;CLP;735011;TRANSFERENCIA;
COB-000142;DOC-2024-01019;2024-03-04;CLP;8041261;TRANSFERENCIA;
COB-000178;DOC-2024-01227;2024-03-04;CLP;9075849;TRANSFERENCIA;
COB-000187;DOC-2024-00520;2024-03-04;CLP;2441555;TRANSFERENCIA;
COB-000246;DOC-2024-00886;2024-03-04;CLP;1320653;TRANSFERENCIA;
COB-000277;DOC-2024-01477;2024-03-04;CLP;1126557;TRANSFERENCIA;
COB-000004;DOC-2024-00316;2024-03-05;USD;24166.54;TRANSFERENCIA;
COB-000023;DOC-2024-01863;2024-03-06;CLP;1690673;TRANSFERENCIA;
COB-000031;DOC-2024-00313;2024-03-06;USD;16491.82;TRANSFERENCIA;
COB-000109;DOC-2024-00670;2024-03-06;CLP;6969806;COMPENSACION;
COB-000136;DOC-2024-00426;2024-03-06;CLP;9231187;CHEQUE;
COB-000288;DOC-2024-01946;2024-03-06;CLP;33532066;CHEQUE;
COB-000289;DOC-2024-02003;2024-03-06;CLP;36876424;TRANSFERENCIA;
COB-000204;DOC-2024-01651;2024-03-07;CLP;1356706;TRANSFERENCIA;
COB-004276;DOC-2024-96049;2024-03-07;CLP;3790739;CHEQUE;
COB-000043;DOC-2024-01660;2024-03-08;CLP;3937490;TRANSFERENCIA;
COB-000141;DOC-2024-00987;2024-03-08;CLP;3362406;TRANSFERENCIA;
COB-000168;DOC-2024-00989;2024-03-08;CLP;8020011;TRANSFERENCIA;
COB-000256;DOC-2024-01506;2024-03-08;CLP;14068657;TRANSFERENCIA;
COB-000003;DOC-2024-00258;2024-03-11;USD;68498.19;TRANSFERENCIA;
COB-000077;DOC-2024-01793;2024-03-11;CLP;11317007;TRANSFERENCIA;
COB-000122;DOC-2024-01327;2024-03-11;CLP;3700056;TRANSFERENCIA;
COB-000131;DOC-2024-01488;2024-03-11;CLP;9293253;TRANSFERENCIA;
COB-000197;DOC-2024-01518;2024-03-11;CLP;2483080;TRANSFERENCIA;
COB-000213;DOC-2024-01613;2024-03-11;CLP;2898242;TRANSFERENCIA;
COB-000058;DOC-2024-00620;2024-03-12;CLP;1573708;TRANSFERENCIA;
COB-000086;DOC-2024-00442;2024-03-12;CLP;1189261;CHEQUE;
COB-000088;DOC-2024-00513;2024-03-12;CLP;5211629;TRANSFERENCIA;
COB-000320;DOC-2024-00451;2024-03-13;CLP;2949438;TRANSFERENCIA;
COB-000049;DOC-2024-01186;2024-03-15;CLP;2648069;TRANSFERENCIA;
COB-000090;DOC-2024-00651;2024-03-15;CLP;5733018;CHEQUE;
COB-000117;DOC-2024-00098;2024-03-15;USD;4146.09;TRANSFERENCIA;
COB-000152;DOC-2024-01724;2024-03-15;CLP;5474972;TRANSFERENCIA;
COB-000164;DOC-2024-00326;2024-03-15;USD;45986.9;TRANSFERENCIA;
COB-000226;DOC-2024-01054;2024-03-15;CLP;7374783;TRANSFERENCIA;
COB-000010;DOC-2024-00833;2024-03-18;CLP;10233118;TRANSFERENCIA;
COB-000053;DOC-2024-01468;2024-03-18;CLP;1052787;TRANSFERENCIA;
COB-000113;DOC-2024-00957;2024-03-18;CLP;1391448;TRANSFERENCIA;
COB-000125;DOC-2024-00163;2024-03-18;USD;9163.58;TRANSFERENCIA;
COB-000169;DOC-2024-01330;2024-03-18;CLP;19157561;TRANSFERENCIA;
COB-000208;DOC-2024-00435;2024-03-18;CLP;9128705;TRANSFERENCIA;
COB-000254;DOC-2024-00902;2024-03-18;CLP;7468014;TRANSFERENCIA;
COB-000261;DOC-2024-01909;2024-03-18;CLP;4438232;TRANSFERENCIA;
COB-000270;DOC-2024-00799;2024-03-18;CLP;29026049;TRANSFERENCIA;
COB-000299;DOC-2024-00943;2024-03-18;CLP;6269297;TRANSFERENCIA;
COB-000011;DOC-2024-00885;2024-03-19;CLP;12177086;TRANSFERENCIA;
COB-000063;DOC-2024-01183;2024-03-19;CLP;3071258;TRANSFERENCIA;
COB-000224;DOC-2024-00797;2024-03-19;CLP;20050704;COMPENSACION;
COB-000396;DOC-2024-00209;2024-03-19;USD;20202.7;FACTORING;FCT-2024-0001
COB-000174;DOC-2024-00517;2024-03-20;CLP;4307312;TRANSFERENCIA;
COB-000244;DOC-2024-00431;2024-03-20;CLP;4796726;TRANSFERENCIA;
COB-000409;DOC-2024-01746;2024-03-20;CLP;19895517;CHEQUE;
COB-000017;DOC-2024-01420;2024-03-21;CLP;6167790;TRANSFERENCIA;
COB-000033;DOC-2024-01491;2024-03-21;CLP;14981171;TRANSFERENCIA;
COB-000553;DOC-2024-01167;2024-03-21;CLP;720058;TRANSFERENCIA;
COB-000554;DOC-2024-01556;2024-03-21;CLP;8919452;TRANSFERENCIA;
COB-000147;DOC-2024-01417;2024-03-22;CLP;3660634;TRANSFERENCIA;
COB-000266;DOC-2024-00474;2024-03-22;CLP;4256839;CHEQUE;
COB-000348;DOC-2024-00428;2024-03-22;CLP;17556320;TRANSFERENCIA;
COB-000353;DOC-2024-01346;2024-03-22;CLP;2650901;TRANSFERENCIA;
COB-000024;DOC-2024-01863;2024-03-25;CLP;1302100;TRANSFERENCIA;
COB-000054;DOC-2024-01700;2024-03-25;CLP;31993750;TRANSFERENCIA;
COB-000102;DOC-2024-01745;2024-03-25;CLP;1193745;TRANSFERENCIA;
COB-000110;DOC-2024-00670;2024-03-25;CLP;4170782;TRANSFERENCIA;
COB-000171;DOC-2024-01403;2024-03-25;CLP;1141522;TRANSFERENCIA;
COB-000180;DOC-2024-01869;2024-03-25;CLP;11667082;TRANSFERENCIA;
COB-000188;DOC-2024-00864;2024-03-25;CLP;1773007;TRANSFERENCIA;
COB-000193;DOC-2024-00304;2024-03-25;CLP;44143262;TRANSFERENCIA;
COB-000207;DOC-2024-00245;2024-03-25;USD;9659.55;CHEQUE;
COB-000225;DOC-2024-00923;2024-03-25;CLP;11798836;TRANSFERENCIA;
COB-000286;DOC-2024-01801;2024-03-25;CLP;6098444;TRANSFERENCIA;
COB-000301;DOC-2024-01463;2024-03-25;CLP;4406383;TRANSFERENCIA;
COB-000319;DOC-2024-01866;2024-03-25;CLP;8268014;COMPENSACION;
COB-000370;DOC-2024-01078;2024-03-25;CLP;7930525;TRANSFERENCIA;
COB-000402;DOC-2024-01073;2024-03-25;CLP;1484505;TRANSFERENCIA;
COB-000412;DOC-2024-01979;2024-03-25;CLP;94538071;TRANSFERENCIA;
COB-000521;DOC-2024-00317;2024-03-25;USD;137312.83;FACTORING;FCT-2024-0003
COB-000205;DOC-2024-00057;2024-03-26;USD;75642.45;COMPENSACION;
COB-000209;DOC-2024-00519;2024-03-26;CLP;3245526;TRANSFERENCIA;
COB-000583;DOC-2024-00558;2024-03-26;CLP;7566966;CHEQUE;
COB-000308;DOC-2024-00504;2024-03-27;CLP;10202817;TRANSFERENCIA;
COB-000312;DOC-2024-01204;2024-03-27;CLP;9219648;TRANSFERENCIA;
COB-000415;DOC-2024-00716;2024-03-27;CLP;3692017;TRANSFERENCIA;
COB-000267;DOC-2024-00657;2024-03-28;CLP;1974156;TRANSFERENCIA;
COB-000028;DOC-2024-00908;2024-04-01;CLP;13174835;TRANSFERENCIA;
COB-000047;DOC-2024-01981;2024-04-01;CLP;7301269;CHEQUE;
COB-000048;DOC-2024-00120;2024-04-01;USD;50595.73;COMPENSACION;
COB-000072;DOC-2024-00636;2024-04-01;CLP;10019249;TRANSFERENCIA;
COB-000078;DOC-2024-01435;2024-04-01;CLP;16932840;CHEQUE;
COB-000123;DOC-2024-01977;2024-04-01;CLP;4613379;TRANSFERENCIA;
COB-000137;DOC-2024-00640;2024-04-01;CLP;14150455;TRANSFERENCIA;
COB-000146;DOC-2024-01264;2024-04-01;CLP;14427424;TRANSFERENCIA;
COB-000172;DOC-2024-01747;2024-04-01;CLP;105294763;TRANSFERENCIA;
COB-000181;DOC-2024-01958;2024-04-01;CLP;41814139;TRANSFERENCIA;
COB-000200;DOC-2024-00191;2024-04-01;USD;17846.06;TRANSFERENCIA;
COB-000265;DOC-2024-00423;2024-04-01;CLP;2562294;TRANSFERENCIA;
COB-000366;DOC-2024-01716;2024-04-01;CLP;5612238;TRANSFERENCIA;
COB-000368;DOC-2024-00434;2024-04-01;CLP;25825172;TRANSFERENCIA;
COB-000369;DOC-2024-00972;2024-04-01;CLP;6050763;TRANSFERENCIA;
COB-000386;DOC-2024-00696;2024-04-01;CLP;2666546;CHEQUE;
COB-000454;DOC-2024-01551;2024-04-01;CLP;6592331;CHEQUE;
COB-000495;DOC-2024-00213;2024-04-01;USD;78642.15;FACTORING;FCT-2024-0002
COB-000073;DOC-2024-01087;2024-04-02;CLP;14996700;CHEQUE;
COB-000232;DOC-2024-01905;2024-04-02;CLP;3878362;COMPENSACION;
COB-000044;DOC-2024-01660;2024-04-03;CLP;3415532;TRANSFERENCIA;
COB-000099;DOC-2024-01617;2024-04-03;CLP;15007460;CHEQUE;
COB-000189;DOC-2024-00864;2024-04-03;CLP;2452055;TRANSFERENCIA;
COB-000283;DOC-2024-01125;2024-04-03;CLP;18073049;TRANSFERENCIA;
COB-000322;DOC-2024-01142;2024-04-03;CLP;10368771;CHEQUE;
COB-000467;DOC-2024-01480;2024-04-03;CLP;7110077;TRANSFERENCIA;
COB-000036;DOC-2024-00467;2024-04-04;CLP;4284892;TRANSFERENCIA;
COB-000192;DOC-2024-01970;2024-04-04;CLP;9950882;TRANSFERENCIA;
COB-000325;DOC-2024-01664;2024-04-04;CLP;4433137;TRANSFERENCIA;
COB-000343;DOC-2024-01856;2024-04-04;CLP;33171783;TRANSFERENCIA;
COB-000379;DOC-2024-01964;2024-04-04;CLP;23348430;CHEQUE;
COB-000081;DOC-2024-00196;2024-04-05;CLP;40666712;TRANSFERENCIA;
COB-000272;DOC-2024-00945;2024-04-05;CLP;22410527;TRANSFERENCIA;
COB-000304;DOC-2024-02019;2024-04-05;CLP;11332341;TRANSFERENCIA;
COB-000307;DOC-2024-00454;2024-04-05;CLP;2185048;TRANSFERENCIA;
COB-000423;DOC-2024-00947;2024-04-05;CLP;2611309;TRANSFERENCIA;
COB-000039;DOC-2024-01376;2024-04-08;CLP;2742764;TRANSFERENCIA;
COB-000101;DOC-2024-01195;2024-04-08;CLP;8610811;TRANSFERENCIA;
COB-000155;DOC-2024-00246;2024-04-08;USD;39926.09;TRANSFERENCIA;
COB-000196;DOC-2024-01359;2024-04-08;CLP;6804848;TRANSFERENCIA;
COB-000221;DOC-2024-00536;2024-04-08;CLP;3044939;TRANSFERENCIA;
COB-000340;DOC-2024-02007;2024-04-08;CLP;14054906;TRANSFERENCIA;
COB-000401;DOC-2024-01043;2024-04-08;CLP;10241228;TRANSFERENCIA;
COB-000405;DOC-2024-01290;2024-04-08;CLP;6125258;TRANSFERENCIA;
COB-000556;DOC-2024-00126;2024-04-08;CLP;84926465;FACTORING;FCT-2024-0004
COB-000012;DOC-2024-00885;2024-04-09;CLP;8356088;TRANSFERENCIA;
COB-000074;DOC-2024-01168;2024-04-09;CLP;7018577;CHEQUE;
COB-000153;DOC-2024-01724;2024-04-09;CLP;6820588;TRANSFERENCIA;
COB-000211;DOC-2024-00836;2024-04-09;CLP;2647703;TRANSFERENCIA;
COB-000278;DOC-2024-01477;2024-04-09;CLP;703197;TRANSFERENCIA;
COB-000295;DOC-2024-01722;2024-04-09;CLP;14327282;CHEQUE;
COB-000356;DOC-2024-01834;2024-04-09;CLP;29976720;TRANSFERENCIA;
COB-000392;DOC-2024-01860;2024-04-09;CLP;5571428;TRANSFERENCIA;
COB-000404;DOC-2024-01274;2024-04-09;CLP;4271275;TRANSFERENCIA;
COB-000082;DOC-2024-00275;2024-04-10;USD;7537.5;TRANSFERENCIA;
COB-000214;DOC-2024-01613;2024-04-10;CLP;5131356;TRANSFERENCIA;
COB-000257;DOC-2024-01846;2024-04-10;CLP;9057961;TRANSFERENCIA;
COB-000302;DOC-2024-01463;2024-04-10;CLP;7376826;TRANSFERENCIA;
COB-000326;DOC-2024-00399;2024-04-10;CLP;10280346;TRANSFERENCIA;
COB-000486;DOC-2024-01343;2024-04-10;CLP;7617999;CHEQUE;
COB-000247;DOC-2024-00886;2024-04-11;CLP;1362545;TRANSFERENCIA;
COB-000275;DOC-2024-01035;2024-04-11;CLP;2691284;TRANSFERENCIA;
COB-000609;DOC-2024-00187;2024-04-11;USD;100802.96;FACTORING;FCT-2024-0005
COB-000373;DOC-2024-01653;2024-04-12;CLP;12033501;TRANSFERENCIA;
COB-000387;DOC-2024-00696;2024-04-12;CLP;1963461;TRANSFERENCIA;
COB-000444;DOC-2024-01241;2024-04-12;CLP;9194309;TRANSFERENCIA;
COB-000600;DOC-2024-00883;2024-04-12;CLP;6099620;TRANSFERENCIA;
COB-000051;DOC-2024-01237;2024-04-15;CLP;880861;TRANSFERENCIA;
COB-000056;DOC-2024-01878;2024-04-15;CLP;10476761;CHEQUE;
COB-000067;DOC-2024-00154;2024-04-15;USD;32081.62;TRANSFERENCIA;
COB-000069;DOC-2024-00315;2024-04-15;USD;23214.54;TRANSFERENCIA;
COB-000070;DOC-2024-00383;2024-04-15;USD;73979.44;TRANSFERENCIA;
COB-000079;DOC-2024-01435;2024-04-15;CLP;11884167;TRANSFERENCIA;
COB-000133;DOC-2024-00195;2024-04-15;USD;129068.52;TRANSFERENCIA;
COB-000156;DOC-2024-00361;2024-04-15;USD;96480.3;TRANSFERENCIA;
COB-000264;DOC-2024-00400;2024-04-15;CLP;9057245;TRANSFERENCIA;
COB-000333;DOC-2024-00529;2024-04-15;CLP;4201760;TRANSFERENCIA;
COB-000337;DOC-2024-00897;2024-04-15;CLP;4769408;TRANSFERENCIA;
COB-000390;DOC-2024-01439;2024-04-15;CLP;6872055;TRANSFERENCIA;
COB-000424;DOC-2024-01051;2024-04-15;CLP;5955274;CHEQUE;
COB-000432;DOC-2024-01351;2024-04-15;CLP;6019165;TRANSFERENCIA;
COB-000445;DOC-2024-01322;2024-04-15;CLP;1046479;TRANSFERENCIA;
COB-000463;DOC-2024-01133;2024-04-15;CLP;6681154;TRANSFERENCIA;
COB-000531;DOC-2024-01627;2024-04-15;CLP;6478011;TRANSFERENCIA;
COB-000577;DOC-2024-01194;2024-04-15;CLP;5871568;TRANSFERENCIA;
COB-000684;DOC-2024-00365;2024-04-15;USD;126918.68;FACTORING;FCT-2024-0006
COB-000290;DOC-2024-00290;2024-04-16;CLP;28510200;TRANSFERENCIA;
COB-000339;DOC-2024-01741;2024-04-16;CLP;6581033;CHEQUE;
COB-000539;DOC-2024-00785;2024-04-16;CLP;2707902;TRANSFERENCIA;
COB-000126;DOC-2024-00466;2024-04-17;CLP;2025246;TRANSFERENCIA;
COB-000216;DOC-2024-00371;2024-04-17;USD;14019.6;CHEQUE;
COB-000259;DOC-2024-01177;2024-04-17;CLP;5161480;TRANSFERENCIA;
COB-000297;DOC-2024-00778;2024-04-17;CLP;1282842;TRANSFERENCIA;
COB-000437;DOC-2024-00395;2024-04-17;CLP;4912808;TRANSFERENCIA;
COB-000512;DOC-2024-01572;2024-04-17;CLP;1152836;CHEQUE;
COB-000103;DOC-2024-01745;2024-04-18;CLP;645377;TRANSFERENCIA;
COB-000239;DOC-2024-00750;2024-04-18;CLP;922146;TRANSFERENCIA;
COB-000253;DOC-2024-01415;2024-04-18;CLP;10403984;TRANSFERENCIA;
COB-000262;DOC-2024-00010;2024-04-18;USD;58525.61;TRANSFERENCIA;
COB-000367;DOC-2024-01716;2024-04-18;CLP;3178820;TRANSFERENCIA;
COB-000403;DOC-2024-01073;2024-04-18;CLP;2454419;CHEQUE;
COB-000416;DOC-2024-00716;2024-04-18;CLP;4109016;TRANSFERENCIA;
COB-000604;DOC-2024-01407;2024-04-18;CLP;2273750;TRANSFERENCIA;
COB-000271;DOC-2024-00803;2024-04-19;CLP;7182378;CHEQUE;
COB-000344;DOC-2024-02016;2024-04-19;CLP;16870421;TRANSFERENCIA;
COB-000354;DOC-2024-01542;2024-04-19;CLP;11390628;TRANSFERENCIA;
COB-000104;DOC-2024-00112;2024-04-22;USD;13212.17;CHEQUE;
COB-000203;DOC-2024-01370;2024-04-22;CLP;7321323;TRANSFERENCIA;
COB-000210;DOC-2024-00519;2024-04-22;CLP;2714053;TRANSFERENCIA;
COB-000281;DOC-2024-01962;2024-04-22;CLP;7340665;TRANSFERENCIA;
COB-000300;DOC-2024-01239;2024-04-22;CLP;4590767;CHEQUE;
COB-000321;DOC-2024-00451;2024-04-22;CLP;3776530;TRANSFERENCIA;
COB-000374;DOC-2024-01773;2024-04-22;CLP;2824193;CHEQUE;
COB-000469;DOC-2024-01609;2024-04-22;CLP;751174;TRANSFERENCIA;
COB-000555;DOC-2024-01901;2024-04-22;CLP;6048773;CHEQUE;
COB-000557;DOC-2024-00433;2024-04-22;CLP;701874;TRANSFERENCIA;
COB-000579;DOC-2024-01558;2024-04-22;CLP;4591654;TRANSFERENCIA;
COB-000589;DOC-2024-00571;2024-04-22;CLP;38105351;TRANSFERENCIA;
COB-000740;DOC-2024-00771;2024-04-22;CLP;2278169;TRANSFERENCIA;
COB-000066;DOC-2024-01772;2024-04-23;CLP;5926828;TRANSFERENCIA;
COB-000179;DOC-2024-01676;2024-04-23;CLP;9519806;TRANSFERENCIA;
COB-000198;DOC-2024-00185;2024-04-23;USD;4794.57;TRANSFERENCIA;
COB-000315;DOC-2024-01342;2024-04-23;CLP;2555287;TRANSFERENCIA;
COB-000323;DOC-2024-01650;2024-04-23;CLP;998914;TRANSFERENCIA;
COB-000355;DOC-2024-01814;2024-04-23;CLP;4522564;TRANSFERENCIA;
COB-000364;DOC-2024-00847;2024-04-23;CLP;9481897;TRANSFERENCIA;
COB-000456;DOC-2024-01599;2024-04-23;CLP;11314577;TRANSFERENCIA;
COB-000087;DOC-2024-00442;2024-04-24;CLP;1885901;TRANSFERENCIA;
COB-000410;DOC-2024-01890;2024-04-24;CLP;10215155;TRANSFERENCIA;
COB-000464;DOC-2024-01231;2024-04-24;CLP;3721369;TRANSFERENCIA;
COB-000587;DOC-2024-01588;2024-04-24;CLP;10891438;TRANSFERENCIA;
COB-004307;DOC-2025-95930;2024-04-24;CLP;7562309;COMPENSACION;
COB-000376;DOC-2024-01811;2024-04-25;CLP;15194249;TRANSFERENCIA;
COB-000429;DOC-2024-00848;2024-04-25;CLP;9959667;TRANSFERENCIA;
COB-000451;DOC-2024-01490;2024-04-25;CLP;4163554;TRANSFERENCIA;
COB-000459;DOC-2024-01917;2024-04-25;CLP;12935185;CHEQUE;
COB-000506;DOC-2024-01083;2024-04-25;CLP;10151294;TRANSFERENCIA;
COB-000708;DOC-2024-00276;2024-04-25;CLP;13498875;FACTORING;FCT-2024-0008
COB-000263;DOC-2024-00136;2024-04-26;CLP;8026560;TRANSFERENCIA;
COB-000378;DOC-2024-01893;2024-04-26;CLP;61923567;TRANSFERENCIA;
COB-000407;DOC-2024-01377;2024-04-26;CLP;2288090;TRANSFERENCIA;
COB-000083;DOC-2024-00275;2024-04-29;USD;8399.79;CHEQUE;
COB-000100;DOC-2024-01729;2024-04-29;CLP;28809013;TRANSFERENCIA;
COB-000186;DOC-2024-00344;2024-04-29;USD;168618.89;TRANSFERENCIA;
COB-000215;DOC-2024-01732;2024-04-29;CLP;2870443;TRANSFERENCIA;
COB-000303;DOC-2024-01910;2024-04-29;CLP;8482751;COMPENSACION;
COB-000328;DOC-2024-01487;2024-04-29;CLP;9167042;TRANSFERENCIA;
COB-000331;DOC-2024-00047;2024-04-29;USD;38315.54;TRANSFERENCIA;
COB-000371;DOC-2024-01078;2024-04-29;CLP;5282171;TRANSFERENCIA;
COB-000380;DOC-2024-00132;2024-04-29;USD;31047.19;TRANSFERENCIA;
COB-000393;DOC-2024-01862;2024-04-29;CLP;16035263;COMPENSACION;
COB-000411;DOC-2024-01936;2024-04-29;CLP;22795250;TRANSFERENCIA;
COB-000431;DOC-2024-00094;2024-04-29;USD;9187.99;TRANSFERENCIA;
COB-000446;DOC-2024-01322;2024-04-29;CLP;1033897;TRANSFERENCIA;
COB-000455;DOC-2024-01551;2024-04-29;CLP;3720482;TRANSFERENCIA;
COB-000461;DOC-2024-01938;2024-04-29;CLP;3804699;TRANSFERENCIA;
COB-000466;DOC-2024-01325;2024-04-29;CLP;12506816;TRANSFERENCIA;
COB-000488;DOC-2024-01698;2024-04-29;CLP;21823356;TRANSFERENCIA;
COB-000505;DOC-2024-00970;2024-04-29;CLP;2445700;TRANSFERENCIA;
COB-000532;DOC-2024-01627;2024-04-29;CLP;8470325;TRANSFERENCIA;
COB-000667;DOC-2024-01105;2024-04-29;CLP;1391724;TRANSFERENCIA;
COB-000671;DOC-2024-01305;2024-04-29;CLP;999314;CHEQUE;
COB-000695;DOC-2024-00171;2024-04-29;USD;40168.23;FACTORING;FCT-2024-0007
COB-000723;DOC-2024-00067;2024-04-29;USD;115861.33;FACTORING;FCT-2024-0009
COB-004284;DOC-2025-93355;2024-04-29;CLP;4902235;COMPENSACION;
COB-000084;DOC-2024-00358;2024-04-30;USD;21494.98;TRANSFERENCIA;
COB-000229;DOC-2024-01612;2024-04-30;CLP;3397233;TRANSFERENCIA;
COB-000633;DOC-2024-01879;2024-04-30;CLP;19786673;CHEQUE;
COB-000114;DOC-2024-01286;2024-05-02;CLP;14968943;TRANSFERENCIA;
COB-000194;DOC-2024-01216;2024-05-02;CLP;11300430;CHEQUE;
COB-000255;DOC-2024-01450;2024-05-02;CLP;16050363;TRANSFERENCIA;
COB-000778;DOC-2024-00107;2024-05-02;USD;12766.55;FACTORING;FCT-2024-0012
COB-000148;DOC-2024-01417;2024-05-03;CLP;3079945;COMPENSACION;
COB-000163;DOC-2024-00018;2024-05-03;USD;197572.78;CHEQUE;
COB-000222;DOC-2024-00774;2024-05-03;CLP;2263091;TRANSFERENCIA;
COB-000480;DOC-2024-01842;2024-05-03;CLP;12218308;TRANSFERENCIA;
COB-000584;DOC-2024-01072;2024-05-03;CLP;2905008;TRANSFERENCIA;
COB-000615;DOC-2024-00762;2024-05-03;CLP;1463862;TRANSFERENCIA;
COB-000176;DOC-2024-00853;2024-05-06;CLP;7863731;CHEQUE;
COB-000219;DOC-2024-00526;2024-05-06;CLP;5432491;TRANSFERENCIA;
COB-000279;DOC-2024-01721;2024-05-06;CLP;39469742;CHEQUE;
COB-000282;DOC-2024-01059;2024-05-06;CLP;9912463;TRANSFERENCIA;
COB-000334;DOC-2024-00529;2024-05-06;CLP;4518348;TRANSFERENCIA;
COB-000357;DOC-2024-01834;2024-05-06;CLP;29976720;TRANSFERENCIA;
COB-000398;DOC-2024-00247;2024-05-06;USD;15794.66;COMPENSACION;
COB-000457;DOC-2024-01655;2024-05-06;CLP;908614;TRANSFERENCIA;
COB-000497;DOC-2024-00309;2024-05-06;USD;16667.74;TRANSFERENCIA;
COB-000614;DOC-2024-00652;2024-05-06;CLP;16337554;TRANSFERENCIA;
COB-000617;DOC-2024-00782;2024-05-06;CLP;8715922;TRANSFERENCIA;
COB-000702;DOC-2024-01447;2024-05-06;CLP;12276994;TRANSFERENCIA;
COB-000707;DOC-2024-01892;2024-05-06;CLP;3351164;TRANSFERENCIA;
COB-000801;DOC-2024-00157;2024-05-06;USD;328648.56;FACTORING;FCT-2024-0013
COB-000817;DOC-2024-00100;2024-05-06;USD;103202.58;FACTORING;FCT-2024-0014
COB-000833;DOC-2024-01256;2024-05-06;CLP;15402968;TRANSFERENCIA;
COB-000034;DOC-2024-00266;2024-05-07;USD;15970.59;CHEQUE;
COB-000120;DOC-2024-00592;2024-05-07;CLP;19738973;TRANSFERENCIA;
COB-000361;DOC-2024-00402;2024-05-07;CLP;10750080;TRANSFERENCIA;
COB-000383;DOC-2024-00088;2024-05-07;USD;90259.75;CHEQUE;
COB-000391;DOC-2024-01792;2024-05-07;CLP;8113802;TRANSFERENCIA;
COB-000426;DOC-2024-00340;2024-05-07;USD;12338.38;TRANSFERENCIA;
COB-000441;DOC-2024-00804;2024-05-07;CLP;5170535;TRANSFERENCIA;
COB-000508;DOC-2024-01307;2024-05-07;CLP;6457474;TRANSFERENCIA;
COB-000626;DOC-2024-01434;2024-05-07;CLP;930621;TRANSFERENCIA;
COB-000134;DOC-2024-00425;2024-05-08;CLP;8560370;TRANSFERENCIA;
COB-000287;DOC-2024-01801;2024-05-08;CLP;4426531;TRANSFERENCIA;
COB-000552;DOC-2024-01159;2024-05-08;CLP;1475805;TRANSFERENCIA;
COB-000711;DOC-2024-00965;2024-05-08;CLP;21846834;TRANSFERENCIA;
COB-000124;DOC-2024-01977;2024-05-10;CLP;6411549;TRANSFERENCIA;
COB-000291;DOC-2024-01595;2024-05-10;CLP;5737242;TRANSFERENCIA;
COB-000540;DOC-2024-01539;2024-05-10;CLP;5357215;TRANSFERENCIA;
COB-000542;DOC-2024-01826;2024-05-10;CLP;5032956;TRANSFERENCIA;
COB-000570;DOC-2024-00993;2024-05-10;CLP;3906935;TRANSFERENCIA;
COB-000819;DOC-2024-00110;2024-05-10;USD;9278.36;FACTORING;FCT-2024-0015
COB-000118;DOC-2024-00098;2024-05-13;USD;4146.09;TRANSFERENCIA;
COB-000362;DOC-2024-00497;2024-05-13;CLP;4782420;TRANSFERENCIA;
COB-000438;DOC-2024-00395;2024-05-13;CLP;4322878;CHEQUE;
COB-000479;DOC-2024-01816;2024-05-13;CLP;76139474;TRANSFERENCIA;
COB-000565;DOC-2024-00432;2024-05-13;CLP;11978425;TRANSFERENCIA;
COB-000575;DOC-2024-01153;2024-05-13;CLP;2447373;TRANSFERENCIA;
COB-000647;DOC-2024-01408;2024-05-13;CLP;1696010;TRANSFERENCIA;
COB-000659;DOC-2024-01405;2024-05-13;CLP;5446870;TRANSFERENCIA;
COB-000668;DOC-2024-01181;2024-05-13;CLP;8843410;TRANSFERENCIA;
COB-000758;DOC-2024-00211;2024-05-13;USD;55702.4;FACTORING;FCT-2024-0010
COB-000884;DOC-2024-01218;2024-05-13;CLP;12121016;TRANSFERENCIA;
COB-000382;DOC-2024-01902;2024-05-14;CLP;4623885;TRANSFERENCIA;
COB-000472;DOC-2024-00549;2024-05-14;CLP;8753237;TRANSFERENCIA;
COB-000475;DOC-2024-01393;2024-05-14;CLP;2648118;TRANSFERENCIA;
COB-000586;DOC-2024-01482;2024-05-14;CLP;16402693;TRANSFERENCIA;
COB-000080;DOC-2024-01610;2024-05-15;CLP;5420395;TRANSFERENCIA;
COB-000500;DOC-2024-00485;2024-05-15;CLP;13238690;TRANSFERENCIA;
COB-000523;DOC-2024-00807;2024-05-15;CLP;11272652;TRANSFERENCIA;
COB-000862;DOC-2024-00199;2024-05-15;USD;13104.42;FACTORING;FCT-2024-0017
COB-000233;DOC-2024-01920;2024-05-16;CLP;121948562;TRANSFERENCIA;
COB-000462;DOC-2024-01938;2024-05-16;CLP;3639057;TRANSFERENCIA;
COB-000509;DOC-2024-01427;2024-05-16;CLP;9041526;TRANSFERENCIA;
COB-000227;DOC-2024-01069;2024-05-17;CLP;10422216;TRANSFERENCIA;
COB-000470;DOC-2024-01609;2024-05-17;CLP;751174;TRANSFERENCIA;
COB-000642;DOC-2024-00538;2024-05-17;CLP;7155446;TRANSFERENCIA;
COB-000681;DOC-2024-01306;2024-05-17;CLP;7615480;TRANSFERENCIA;
COB-000771;DOC-2024-00936;2024-05-17;CLP;19781180;TRANSFERENCIA;
COB-000127;DOC-2024-00466;2024-05-20;CLP;2570834;TRANSFERENCIA;
COB-000199;DOC-2024-00185;2024-05-20;USD;5943.4;TRANSFERENCIA;
COB-000324;DOC-2024-01650;2024-05-20;CLP;1314601;TRANSFERENCIA;
COB-000375;DOC-2024-01773;2024-05-20;CLP;4108453;TRANSFERENCIA;
COB-000395;DOC-2024-01975;2024-05-20;CLP;48788637;CHEQUE;
COB-000427;DOC-2024-00392;2024-05-20;CLP;3414197;TRANSFERENCIA;
COB-000433;DOC-2024-00071;2024-05-20;USD;126168.91;TRANSFERENCIA;
COB-000478;DOC-2024-01537;2024-05-20;CLP;2728790;TRANSFERENCIA;
COB-000483;DOC-2024-00681;2024-05-20;CLP;1862554;TRANSFERENCIA;
COB-000510;DOC-2024-01428;2024-05-20;CLP;4995770;TRANSFERENCIA;
COB-000576;DOC-2024-01174;2024-05-20;CLP;12171858;TRANSFERENCIA;
COB-000593;DOC-2024-00955;2024-05-20;CLP;1049079;TRANSFERENCIA;
COB-000601;DOC-2024-00883;2024-05-20;CLP;4116612;CHEQUE;
COB-000632;DOC-2024-01832;2024-05-20;CLP;24343072;CHEQUE;
COB-000645;DOC-2024-00974;2024-05-20;CLP;5740060;TRANSFERENCIA;
COB-000698;DOC-2024-00525;2024-05-20;CLP;5920123;TRANSFERENCIA;
COB-000713;DOC-2024-01759;2024-05-20;CLP;16783290;TRANSFERENCIA;
COB-000766;DOC-2024-00714;2024-05-20;CLP;8050695;TRANSFERENCIA;
COB-000777;DOC-2024-00013;2024-05-20;USD;36279.38;FACTORING;FCT-2024-0011
COB-000790;DOC-2024-00717;2024-05-20;CLP;2415586;TRANSFERENCIA;
COB-000863;DOC-2024-00271;2024-05-20;USD;143303.93;FACTORING;FCT-2024-0018
COB-000877;DOC-2024-00596;2024-05-20;CLP;3762194;TRANSFERENCIA;
COB-004283;DOC-2023-90370;2024-05-20;CLP;7600145;TRANSFERENCIA;
COB-004286;DOC-2025-95302;2024-05-20;CLP;9063541;TRANSFERENCIA;
COB-000107;DOC-2024-00225;2024-05-22;USD;25252.62;TRANSFERENCIA;
COB-000237;DOC-2024-00601;2024-05-22;CLP;6187773;TRANSFERENCIA;
COB-000330;DOC-2024-02002;2024-05-22;CLP;58851739;TRANSFERENCIA;
COB-000422;DOC-2024-00398;2024-05-22;CLP;8224001;TRANSFERENCIA;
COB-000562;DOC-2024-02020;2024-05-22;CLP;10915678;CHEQUE;
COB-000710;DOC-2024-00941;2024-05-22;CLP;6030232;CHEQUE;
COB-000729;DOC-2024-01623;2024-05-22;CLP;2005833;CHEQUE;
COB-000870;DOC-2024-00282;2024-05-22;USD;67651.76;FACTORING;FCT-2024-0019
COB-000202;DOC-2024-01246;2024-05-23;CLP;3585759;TRANSFERENCIA;
COB-000240;DOC-2024-01000;2024-05-23;CLP;5840619;TRANSFERENCIA;
COB-000718;DOC-2024-01139;2024-05-23;CLP;2643808;TRANSFERENCIA;
COB-000132;DOC-2024-00026;2024-05-24;USD;9654.61;TRANSFERENCIA;
COB-000824;DOC-2024-01906;2024-05-24;CLP;4745844;TRANSFERENCIA;
COB-000032;DOC-2024-00329;2024-05-27;USD;172180.02;TRANSFERENCIA;
COB-000085;DOC-2024-00358;2024-05-27;USD;37566.57;TRANSFERENCIA;
COB-000228;DOC-2024-01528;2024-05-27;CLP;10018119;TRANSFERENCIA;
COB-000332;DOC-2024-00047;2024-05-27;USD;64668.7;CHEQUE;
COB-000372;DOC-2024-01630;2024-05-27;CLP;4507989;TRANSFERENCIA;
COB-000377;DOC-2024-01811;2024-05-27;CLP;25275503;TRANSFERENCIA;
COB-000490;DOC-2024-00101;2024-05-27;USD;14491.41;TRANSFERENCIA;
COB-000595;DOC-2024-01049;2024-05-27;CLP;3440171;TRANSFERENCIA;
COB-000649;DOC-2024-01470;2024-05-27;CLP;820124;CHEQUE;
COB-000662;DOC-2024-00356;2024-05-27;USD;124549.68;TRANSFERENCIA;
COB-000663;DOC-2024-00547;2024-05-27;CLP;10520495;TRANSFERENCIA;
COB-000716;DOC-2024-01985;2024-05-27;CLP;12479140;TRANSFERENCIA;
COB-000738;DOC-2024-00736;2024-05-27;CLP;1439321;TRANSFERENCIA;
COB-000827;DOC-2024-00491;2024-05-27;CLP;9874198;TRANSFERENCIA;
COB-000861;DOC-2024-00063;2024-05-27;USD;128574.17;FACTORING;FCT-2024-0016
COB-000912;DOC-2024-00351;2024-05-27;USD;34798.46;FACTORING;FCT-2024-0020
COB-000242;DOC-2024-00073;2024-05-28;CLP;20061832;TRANSFERENCIA;
COB-000515;DOC-2024-01795;2024-05-28;CLP;3079275;CHEQUE;
COB-000560;DOC-2024-01555;2024-05-28;CLP;11374874;TRANSFERENCIA;
COB-000634;DOC-2024-01879;2024-05-28;CLP;35254247;TRANSFERENCIA;
COB-000835;DOC-2024-01493;2024-05-28;CLP;3489589;TRANSFERENCIA;
COB-000150;DOC-2024-01541;2024-05-29;CLP;1751742;TRANSFERENCIA;
COB-000185;DOC-2024-00014;2024-05-29;USD;60723.3;TRANSFERENCIA;
COB-000526;DOC-2024-01030;2024-05-29;CLP;6011402;TRANSFERENCIA;
COB-000635;DOC-2024-01954;2024-05-29;CLP;12841670;TRANSFERENCIA;
COB-000754;DOC-2024-01006;2024-05-29;CLP;5821613;CHEQUE;
COB-000756;DOC-2024-01498;2024-05-29;CLP;9877446;TRANSFERENCIA;
COB-000035;DOC-2024-00266;2024-05-30;USD;9837.2;TRANSFERENCIA;
COB-000068;DOC-2024-00154;2024-05-30;USD;24174.36;TRANSFERENCIA;
COB-000119;DOC-2024-00098;2024-05-30;USD;4146.09;TRANSFERENCIA;
COB-000165;DOC-2024-00330;2024-05-30;USD;76208.26;TRANSFERENCIA;
COB-000298;DOC-2024-00778;2024-05-30;CLP;870359;TRANSFERENCIA;
COB-000580;DOC-2024-01558;2024-05-30;CLP;7565450;TRANSFERENCIA;
COB-000692;DOC-2024-01499;2024-05-30;CLP;4877120;TRANSFERENCIA;
COB-000759;DOC-2024-00912;2024-05-30;CLP;2385396;TRANSFERENCIA;
COB-000191;DOC-2024-01822;2024-05-31;CLP;2448996;CHEQUE;
COB-000217;DOC-2024-00371;2024-05-31;USD;9960.13;TRANSFERENCIA;
COB-000425;DOC-2024-01578;2024-05-31;CLP;14846325;TRANSFERENCIA;
COB-000651;DOC-2024-01739;2024-05-31;CLP;18729574;TRANSFERENCIA;
COB-000682;DOC-2024-01056;2024-05-31;CLP;3550175;TRANSFERENCIA;
COB-000154;DOC-2024-00197;2024-06-03;USD;75956.53;TRANSFERENCIA;
COB-000230;DOC-2024-01612;2024-06-03;CLP;4224617;COMPENSACION;
COB-000313;DOC-2024-01220;2024-06-03;CLP;2786108;CHEQUE;
COB-000317;DOC-2024-01785;2024-06-03;CLP;4931050;TRANSFERENCIA;
COB-000345;DOC-2024-02016;2024-06-03;CLP;10630942;TRANSFERENCIA;
COB-000408;DOC-2024-01377;2024-06-03;CLP;3757105;TRANSFERENCIA;
COB-000605;DOC-2024-01407;2024-06-03;CLP;1855598;CHEQUE;
COB-000679;DOC-2024-01170;2024-06-03;CLP;585046;TRANSFERENCIA;
COB-000699;DOC-2024-00580;2024-06-03;CLP;9875705;TRANSFERENCIA;
COB-000712;DOC-2024-01099;2024-06-03;CLP;13582049;TRANSFERENCIA;
COB-000744;DOC-2024-01163;2024-06-03;CLP;6562956;TRANSFERENCIA;
COB-000850;DOC-2024-01911;2024-06-03;CLP;9496446;TRANSFERENCIA;
COB-000988;DOC-2024-01166;2024-06-03;CLP;9047352;COMPENSACION;
COB-000484;DOC-2024-00681;2024-06-04;CLP;1862554;COMPENSACION;
COB-000563;DOC-2024-00140;2024-06-04;USD;40615.33;TRANSFERENCIA;
COB-000608;DOC-2024-00123;2024-06-04;USD;47147.41;CHEQUE;
COB-000670;DOC-2024-01293;2024-06-04;CLP;3302914;TRANSFERENCIA;
COB-000807;DOC-2024-00585;2024-06-04;CLP;11447566;COMPENSACION;
COB-000809;DOC-2024-01478;2024-06-04;CLP;12316137;TRANSFERENCIA;
COB-000834;DOC-2024-01362;2024-06-04;CLP;5605846;TRANSFERENCIA;
COB-000885;DOC-2024-01581;2024-06-04;CLP;2409705;TRANSFERENCIA;
COB-000359;DOC-2024-00048;2024-06-05;USD;32588.38;TRANSFERENCIA;
COB-000418;DOC-2024-01090;2024-06-05;CLP;20327442;CHEQUE;
COB-000481;DOC-2024-01842;2024-06-05;CLP;13104871;TRANSFERENCIA;
COB-000620;DOC-2024-00893;2024-06-05;CLP;2056121;TRANSFERENCIA;
COB-000664;DOC-2024-00547;2024-06-05;CLP;18384931;TRANSFERENCIA;
COB-000797;DOC-2024-01767;2024-06-05;CLP;861105;TRANSFERENCIA;
COB-000901;DOC-2024-01872;2024-06-05;CLP;13123365;CHEQUE;
COB-000981;DOC-2024-00030;2024-06-05;USD;34996.17;FACTORING;FCT-2024-0021
COB-000413;DOC-2024-00174;2024-06-06;USD;43091.2;TRANSFERENCIA;
COB-000465;DOC-2024-01231;2024-06-06;CLP;2044964;TRANSFERENCIA;
COB-000571;DOC-2024-00993;2024-06-06;CLP;2205186;TRANSFERENCIA;
COB-000590;DOC-2024-00766;2024-06-06;CLP;3877503;TRANSFERENCIA;
COB-000206;DOC-2024-00221;2024-06-07;USD;95160.64;TRANSFERENCIA;
COB-000296;DOC-2024-00193;2024-06-07;USD;32086.96;TRANSFERENCIA;
COB-000876;DOC-2024-00470;2024-06-07;CLP;2099122;TRANSFERENCIA;
COB-000919;DOC-2024-01669;2024-06-07;CLP;20223079;TRANSFERENCIA;
COB-000284;DOC-2024-01272;2024-06-10;CLP;33111839;TRANSFERENCIA;
COB-000346;DOC-2024-00146;2024-06-10;USD;9141.71;TRANSFERENCIA;
COB-000421;DOC-2024-00298;2024-06-10;USD;204387.02;TRANSFERENCIA;
COB-000452;DOC-2024-01544;2024-06-10;CLP;2014192;TRANSFERENCIA;
COB-000460;DOC-2024-01924;2024-06-10;CLP;8598587;TRANSFERENCIA;
COB-000520;DOC-2024-00198;2024-06-10;CLP;39684426;TRANSFERENCIA;
COB-000541;DOC-2024-01539;2024-06-10;CLP;6699490;TRANSFERENCIA;
COB-000543;DOC-2024-00228;2024-06-10;USD;16195.67;TRANSFERENCIA;
COB-000566;DOC-2024-00512;2024-06-10;CLP;23436297;TRANSFERENCIA;
COB-000625;DOC-2024-01363;2024-06-10;CLP;2810272;TRANSFERENCIA;
COB-000675;DOC-2024-01819;2024-06-10;CLP;21229203;TRANSFERENCIA;
COB-000689;DOC-2024-01833;2024-06-10;CLP;20817825;TRANSFERENCIA;
COB-000722;DOC-2024-01406;2024-06-10;CLP;6133425;TRANSFERENCIA;
COB-000757;DOC-2024-02011;2024-06-10;CLP;10246997;TRANSFERENCIA;
COB-000779;DOC-2024-00401;2024-06-10;CLP;2774846;TRANSFERENCIA;
COB-000865;DOC-2024-00493;2024-06-10;CLP;4830554;TRANSFERENCIA;
COB-000927;DOC-2024-00649;2024-06-10;CLP;28100071;CHEQUE;
COB-000105;DOC-2024-00112;2024-06-11;USD;13212.17;TRANSFERENCIA;
COB-000220;DOC-2024-00526;2024-06-11;CLP;3892561;TRANSFERENCIA;
COB-000616;DOC-2024-00762;2024-06-11;CLP;962555;TRANSFERENCIA;
COB-000751;DOC-2024-01996;2024-06-11;CLP;6279636;CHEQUE;
COB-001043;DOC-2024-00089;2024-06-11;USD;39379.89;FACTORING;FCT-2024-0024
COB-000258;DOC-2024-00281;2024-06-12;USD;207167.53;TRANSFERENCIA;
COB-000363;DOC-2024-00687;2024-06-12;CLP;27381900;TRANSFERENCIA;
COB-000673;DOC-2024-01378;2024-06-12;CLP;13833602;CHEQUE;
COB-000676;DOC-2024-01884;2024-06-12;CLP;8119804;TRANSFERENCIA;
COB-000748;DOC-2024-01734;2024-06-12;CLP;7264109;TRANSFERENCIA;
COB-000866;DOC-2024-01287;2024-06-12;CLP;2136891;TRANSFERENCIA;
COB-000917;DOC-2024-01535;2024-06-12;CLP;2530325;TRANSFERENCIA;
COB-000329;DOC-2024-01712;2024-06-13;CLP;6252778;TRANSFERENCIA;
COB-000436;DOC-2024-00087;2024-06-13;CLP;47023636;TRANSFERENCIA;
COB-000494;DOC-2024-00180;2024-06-13;USD;6815.22;TRANSFERENCIA;
COB-000581;DOC-2024-01656;2024-06-13;CLP;10287709;TRANSFERENCIA;
COB-000665;DOC-2024-00663;2024-06-13;CLP;16718705;CHEQUE;
COB-000720;DOC-2024-01424;2024-06-13;CLP;2300252;TRANSFERENCIA;
COB-000786;DOC-2024-00505;2024-06-13;CLP;1208528;TRANSFERENCIA;
COB-000151;DOC-2024-01583;2024-06-14;CLP;2491717;TRANSFERENCIA;
COB-000223;DOC-2024-00774;2024-06-14;CLP;1686319;TRANSFERENCIA;
COB-000285;DOC-2024-01647;2024-06-14;CLP;3647298;TRANSFERENCIA;
COB-000458;DOC-2024-01655;2024-06-14;CLP;1077181;TRANSFERENCIA;
COB-000527;DOC-2024-01030;2024-06-14;CLP;8228964;TRANSFERENCIA;
COB-000636;DOC-2024-01983;2024-06-14;CLP;15639076;TRANSFERENCIA;
COB-000638;DOC-2024-01122;2024-06-14;CLP;4280797;CHEQUE;
COB-000878;DOC-2024-00702;2024-06-14;CLP;12294277;TRANSFERENCIA;
COB-000950;DOC-2024-00394;2024-06-14;CLP;14289201;COMPENSACION;
COB-000106;DOC-2024-00112;2024-06-17;USD;13212.17;TRANSFERENCIA;
COB-000268;DOC-2024-00727;2024-06-17;CLP;7494637;TRANSFERENCIA;
COB-000414;DOC-2024-00312;2024-06-17;USD;18860.04;COMPENSACION;
COB-000440;DOC-2024-00625;2024-06-17;CLP;19377964;TRANSFERENCIA;
COB-000476;DOC-2024-01393;2024-06-17;CLP;3257262;TRANSFERENCIA;
COB-000477;DOC-2024-01404;2024-06-17;CLP;22712983;TRANSFERENCIA;
COB-000482;DOC-2024-01934;2024-06-17;CLP;18097756;TRANSFERENCIA;
COB-000498;DOC-2024-00309;2024-06-17;USD;24601.49;TRANSFERENCIA;
COB-000536;DOC-2024-00334;2024-06-17;USD;12113.78;TRANSFERENCIA;
COB-000548;DOC-2024-00747;2024-06-17;CLP;2288287;TRANSFERENCIA;
COB-000550;DOC-2024-01132;2024-06-17;CLP;4462519;TRANSFERENCIA;
COB-000646;DOC-2024-00974;2024-06-17;CLP;6122560;TRANSFERENCIA;
COB-000696;DOC-2024-00171;2024-06-17;USD;4463.14;TRANSFERENCIA;FCT-2024-0007
COB-000764;DOC-2024-00539;2024-06-17;CLP;995879;CHEQUE;
COB-000774;DOC-2024-01611;2024-06-17;CLP;3301594;TRANSFERENCIA;
COB-000789;DOC-2024-00668;2024-06-17;CLP;13525239;TRANSFERENCIA;
COB-000792;DOC-2024-00767;2024-06-17;CLP;12862239;TRANSFERENCIA;
COB-000849;DOC-2024-01308;2024-06-17;CLP;5098863;TRANSFERENCIA;
COB-000855;DOC-2024-01659;2024-06-17;CLP;6040509;TRANSFERENCIA;
COB-000880;DOC-2024-01094;2024-06-17;CLP;7831884;CHEQUE;
COB-000881;DOC-2024-01158;2024-06-17;CLP;3355180;TRANSFERENCIA;
COB-000906;DOC-2024-01600;2024-06-17;CLP;8907042;CHEQUE;
COB-000925;DOC-2024-00430;2024-06-17;CLP;5520829;TRANSFERENCIA;
COB-000967;DOC-2024-01301;2024-06-17;CLP;3462514;TRANSFERENCIA;
COB-000201;DOC-2024-01025;2024-06-18;CLP;19955737;TRANSFERENCIA;
COB-000594;DOC-2024-00955;2024-06-18;CLP;1917993;TRANSFERENCIA;
COB-000697;DOC-2024-00308;2024-06-18;CLP;67097951;CHEQUE;
COB-000960;DOC-2024-00633;2024-06-18;CLP;3150714;COMPENSACION;
COB-001070;DOC-2024-00415;2024-06-18;CLP;7701945;TRANSFERENCIA;
COB-000089;DOC-2024-00610;2024-06-19;CLP;4373081;TRANSFERENCIA;
COB-000173;DOC-2024-00305;2024-06-19;USD;265988.9;TRANSFERENCIA;
COB-000318;DOC-2024-01785;2024-06-19;CLP;6666476;TRANSFERENCIA;
COB-000597;DOC-2024-02008;2024-06-19;CLP;10566962;TRANSFERENCIA;
COB-000811;DOC-2024-01708;2024-06-19;CLP;15541558;CHEQUE;
COB-000928;DOC-2024-00758;2024-06-19;CLP;14819289;TRANSFERENCIA;
COB-001042;DOC-2024-00062;2024-06-19;USD;42315.07;FACTORING;FCT-2024-0023
COB-004274;DOC-2025-94507;2024-06-19;CLP;464727;COMPENSACION;
COB-000135;DOC-2024-00425;2024-06-21;CLP;13550137;TRANSFERENCIA;
COB-000175;DOC-2024-00639;2024-06-21;CLP;4097181;TRANSFERENCIA;
COB-000292;DOC-2024-01608;2024-06-21;CLP;608815;TRANSFERENCIA;
COB-000384;DOC-2024-00273;2024-06-21;USD;45279.97;TRANSFERENCIA;
COB-000394;DOC-2024-01899;2024-06-21;CLP;19034177;TRANSFERENCIA;
COB-000513;DOC-2024-01576;2024-06-21;CLP;13913612;TRANSFERENCIA;
COB-000567;DOC-2024-00867;2024-06-21;CLP;10514500;TRANSFERENCIA;
COB-000737;DOC-2024-00673;2024-06-21;CLP;13669891;TRANSFERENCIA;
COB-000746;DOC-2024-01349;2024-06-21;CLP;6092435;TRANSFERENCIA;
COB-000788;DOC-2024-00658;2024-06-21;CLP;7512136;CHEQUE;
COB-000804;DOC-2024-00333;2024-06-21;CLP;10685941;TRANSFERENCIA;
COB-000814;DOC-2024-01760;2024-06-21;CLP;3712075;TRANSFERENCIA;
COB-000815;DOC-2024-01798;2024-06-21;CLP;22867634;TRANSFERENCIA;
COB-000856;DOC-2024-00878;2024-06-21;CLP;1177901;TRANSFERENCIA;
COB-001002;DOC-2024-01441;2024-06-21;CLP;5833557;TRANSFERENCIA;
COB-000045;DOC-2024-01976;2024-06-24;CLP;28957705;TRANSFERENCIA;
COB-000305;DOC-2024-00075;2024-06-24;USD;16632.67;TRANSFERENCIA;
COB-000381;DOC-2024-01810;2024-06-24;CLP;33567935;TRANSFERENCIA;
COB-000439;DOC-2024-00483;2024-06-24;CLP;10764523;TRANSFERENCIA;
COB-000491;DOC-2024-00101;2024-06-24;USD;7973.69;TRANSFERENCIA;
COB-000534;DOC-2024-00069;2024-06-24;CLP;10303904;TRANSFERENCIA;
COB-000588;DOC-2024-01740;2024-06-24;CLP;56309565;TRANSFERENCIA;
COB-000610;DOC-2024-00187;2024-06-24;USD;11200.33;TRANSFERENCIA;FCT-2024-0005
COB-000624;DOC-2024-01074;2024-06-24;CLP;9630777;TRANSFERENCIA;
COB-000637;DOC-2024-00959;2024-06-24;CLP;5331074;TRANSFERENCIA;
COB-000688;DOC-2024-01486;2024-06-24;CLP;3505940;TRANSFERENCIA;
COB-000721;DOC-2024-01868;2024-06-24;CLP;6429250;COMPENSACION;
COB-000739;DOC-2024-00736;2024-06-24;CLP;2443330;CHEQUE;
COB-000760;DOC-2024-00912;2024-06-24;CLP;3186021;TRANSFERENCIA;
COB-000763;DOC-2024-01916;2024-06-24;CLP;7552058;TRANSFERENCIA;
COB-000784;DOC-2024-00449;2024-06-24;CLP;7453423;TRANSFERENCIA;
COB-000859;DOC-2024-00996;2024-06-24;CLP;3095251;TRANSFERENCIA;
COB-000899;DOC-2024-01642;2024-06-24;CLP;808103;TRANSFERENCIA;
COB-000974;DOC-2024-01618;2024-06-24;CLP;9243152;TRANSFERENCIA;
COB-001015;DOC-2024-01683;2024-06-24;CLP;1510103;TRANSFERENCIA;
COB-001031;DOC-2024-00202;2024-06-24;USD;346576.55;FACTORING;FCT-2024-0022
COB-000529;DOC-2024-01277;2024-06-25;CLP;3839714;TRANSFERENCIA;
COB-000545;DOC-2024-00379;2024-06-25;USD;61873.78;TRANSFERENCIA;
COB-000643;DOC-2024-00538;2024-06-25;CLP;8962327;CHEQUE;
COB-000791;DOC-2024-00717;2024-06-25;CLP;1640919;TRANSFERENCIA;
COB-000794;DOC-2024-01151;2024-06-25;CLP;2734295;TRANSFERENCIA;
COB-001009;DOC-2024-00933;2024-06-25;CLP;9583769;TRANSFERENCIA;
COB-000428;DOC-2024-00392;2024-06-26;CLP;3082320;TRANSFERENCIA;
COB-000730;DOC-2024-01674;2024-06-26;CLP;13062709;TRANSFERENCIA;
COB-000920;DOC-2024-01669;2024-06-26;CLP;27781704;TRANSFERENCIA;
COB-001012;DOC-2024-01089;2024-06-26;CLP;1842610;TRANSFERENCIA;
COB-000569;DOC-2024-00922;2024-06-27;CLP;4611553;TRANSFERENCIA;
COB-000606;DOC-2024-01679;2024-06-27;CLP;41479511;CHEQUE;
COB-000717;DOC-2024-00280;2024-06-27;USD;47204.79;TRANSFERENCIA;
COB-000812;DOC-2024-01708;2024-06-27;CLP;22812980;TRANSFERENCIA;
COB-000400;DOC-2024-00832;2024-06-28;CLP;15751708;TRANSFERENCIA;
COB-000544;DOC-2024-00228;2024-06-28;USD;27044.58;TRANSFERENCIA;
COB-000669;DOC-2024-01233;2024-06-28;CLP;19604686;TRANSFERENCIA;
COB-000775;DOC-2024-01611;2024-06-28;CLP;2746979;TRANSFERENCIA;
COB-000796;DOC-2024-01796;2024-06-28;CLP;21577859;TRANSFERENCIA;
COB-000826;DOC-2024-00322;2024-06-28;USD;44062.38;TRANSFERENCIA;
COB-000889;DOC-2024-01925;2024-06-28;CLP;41782136;TRANSFERENCIA;
COB-001007;DOC-2024-00555;2024-06-28;CLP;1632797;TRANSFERENCIA;
COB-001028;DOC-2024-01469;2024-06-28;CLP;1657261;CHEQUE;
COB-000338;DOC-2024-01033;2024-07-01;CLP;8183750;TRANSFERENCIA;
COB-000360;DOC-2024-00215;2024-07-01;USD;54787.55;TRANSFERENCIA;
COB-000434;DOC-2024-00084;2024-07-01;USD;17271.17;TRANSFERENCIA;
COB-000453;DOC-2024-01544;2024-07-01;CLP;2014192;TRANSFERENCIA;
COB-000549;DOC-2024-00747;2024-07-01;CLP;1407878;TRANSFERENCIA;
COB-000639;DOC-2024-01122;2024-07-01;CLP;2480950;TRANSFERENCIA;
COB-000652;DOC-2024-00382;2024-07-01;USD;229185.96;TRANSFERENCIA;
COB-000683;DOC-2024-00019;2024-07-01;USD;23604.55;CHEQUE;
COB-000752;DOC-2024-01996;2024-07-01;CLP;5397085;TRANSFERENCIA;
COB-000813;DOC-2024-01717;2024-07-01;CLP;14004651;TRANSFERENCIA;
COB-000843;DOC-2024-01865;2024-07-01;CLP;9280095;COMPENSACION;
COB-000853;DOC-2024-00824;2024-07-01;CLP;11689399;TRANSFERENCIA;
COB-000860;DOC-2024-01511;2024-07-01;CLP;2158079;TRANSFERENCIA;
COB-000882;DOC-2024-01158;2024-07-01;CLP;2153519;TRANSFERENCIA;
COB-000897;DOC-2024-00510;2024-07-01;CLP;2433118;CHEQUE;
COB-000931;DOC-2024-01199;2024-07-01;CLP;2164428;TRANSFERENCIA;
COB-000968;DOC-2024-01433;2024-07-01;CLP;6348277;CHEQUE;
COB-000999;DOC-2024-01064;2024-07-01;CLP;8598888;TRANSFERENCIA;
COB-001038;DOC-2024-00963;2024-07-01;CLP;12210867;TRANSFERENCIA;
COB-001092;DOC-2024-00369;2024-07-01;USD;8232.43;FACTORING;FCT-2024-0027
COB-001171;DOC-2024-01476;2024-07-01;CLP;5928886;TRANSFERENCIA;
COB-000342;DOC-2024-00969;2024-07-02;CLP;5412874;TRANSFERENCIA;
COB-000358;DOC-2024-01834;2024-07-02;CLP;29976720;CHEQUE;
COB-000613;DOC-2024-00397;2024-07-02;CLP;15689810;TRANSFERENCIA;
COB-000762;DOC-2024-01880;2024-07-02;CLP;47473521;CHEQUE;
COB-000767;DOC-2024-00714;2024-07-02;CLP;5529974;TRANSFERENCIA;
COB-000879;DOC-2024-00728;2024-07-02;CLP;10223962;TRANSFERENCIA;
COB-000942;DOC-2024-01695;2024-07-02;CLP;10754754;TRANSFERENCIA;
COB-000388;DOC-2024-01026;2024-07-03;CLP;10412504;TRANSFERENCIA;
COB-000753;DOC-2024-00176;2024-07-03;USD;15138.29;CHEQUE;
COB-000918;DOC-2024-01535;2024-07-03;CLP;4227279;TRANSFERENCIA;
COB-001087;DOC-2024-00183;2024-07-03;USD;31546.65;FACTORING;FCT-2024-0026
COB-000341;DOC-2024-00324;2024-07-04;USD;17032.99;TRANSFERENCIA;
COB-000385;DOC-2024-00273;2024-07-04;USD;30254.51;CHEQUE;
COB-000516;DOC-2024-02014;2024-07-04;CLP;16126112;TRANSFERENCIA;
COB-000660;DOC-2024-00331;2024-07-04;USD;94117.06;TRANSFERENCIA;
COB-000693;DOC-2024-01686;2024-07-04;CLP;29042025;TRANSFERENCIA;
COB-000701;DOC-2024-01282;2024-07-04;CLP;10939023;TRANSFERENCIA;
COB-000966;DOC-2024-01080;2024-07-04;CLP;8258861;TRANSFERENCIA;
COB-001016;DOC-2024-01683;2024-07-04;CLP;1900188;TRANSFERENCIA;
COB-001073;DOC-2024-01673;2024-07-04;CLP;4716249;TRANSFERENCIA;
COB-000248;DOC-2024-00909;2024-07-05;CLP;1538260;TRANSFERENCIA;
COB-000276;DOC-2024-01235;2024-07-05;CLP;4439747;TRANSFERENCIA;
COB-000306;DOC-2024-00320;2024-07-05;USD;24579.04;TRANSFERENCIA;
COB-000528;DOC-2024-01093;2024-07-05;CLP;10741189;TRANSFERENCIA;
COB-000537;DOC-2024-00334;2024-07-05;USD;11991.89;COMPENSACION;
COB-000780;DOC-2024-00401;2024-07-05;CLP;2774846;TRANSFERENCIA;
COB-000911;DOC-2024-01967;2024-07-05;CLP;14331921;TRANSFERENCIA;
COB-000977;DOC-2024-01998;2024-07-05;CLP;2866500;TRANSFERENCIA;
COB-001034;DOC-2024-00626;2024-07-05;CLP;17468754;TRANSFERENCIA;
COB-000161;DOC-2024-01212;2024-07-08;CLP;19933397;TRANSFERENCIA;
COB-000243;DOC-2024-00073;2024-07-08;CLP;18304111;COMPENSACION;
COB-000349;DOC-2024-00835;2024-07-08;CLP;3061847;TRANSFERENCIA;
COB-000499;DOC-2024-00366;2024-07-08;USD;218399.56;TRANSFERENCIA;
COB-000517;DOC-2024-00172;2024-07-08;USD;35937.5;CHEQUE;
COB-000533;DOC-2024-01649;2024-07-08;CLP;31700459;TRANSFERENCIA;
COB-000568;DOC-2024-00892;2024-07-08;CLP;10198556;TRANSFERENCIA;
COB-000627;DOC-2024-01434;2024-07-08;CLP;930621;TRANSFERENCIA;
COB-000719;DOC-2024-01303;2024-07-08;CLP;6783688;TRANSFERENCIA;
COB-000823;DOC-2024-00656;2024-07-08;CLP;1913117;TRANSFERENCIA;
COB-000848;DOC-2024-01137;2024-07-08;CLP;20669868;TRANSFERENCIA;
COB-000923;DOC-2024-00204;2024-07-08;USD;74634.86;CHEQUE;
COB-000933;DOC-2024-01900;2024-07-08;CLP;19362846;TRANSFERENCIA;
COB-000962;DOC-2024-00877;2024-07-08;CLP;7756330;TRANSFERENCIA;
COB-000997;DOC-2024-00773;2024-07-08;CLP;3220645;TRANSFERENCIA;
COB-001000;DOC-2024-01319;2024-07-08;CLP;5331716;TRANSFERENCIA;
COB-001006;DOC-2024-00551;2024-07-08;CLP;9208347;TRANSFERENCIA;
COB-001036;DOC-2024-00813;2024-07-08;CLP;4297302;COMPENSACION;
COB-001084;DOC-2024-00122;2024-07-08;USD;64632.19;FACTORING;FCT-2024-0025
COB-001153;DOC-2024-00137;2024-07-08;CLP;35703136;FACTORING;FCT-2024-0029
COB-001160;DOC-2024-00150;2024-07-08;USD;347007.65;FACTORING;FCT-2024-0030
COB-000351;DOC-2024-01345;2024-07-09;CLP;1615051;TRANSFERENCIA;
COB-000623;DOC-2024-00985;2024-07-09;CLP;7813570;TRANSFERENCIA;
COB-000644;DOC-2024-00671;2024-07-09;CLP;2953158;TRANSFERENCIA;
COB-000935;DOC-2024-00421;2024-07-09;CLP;16001001;TRANSFERENCIA;
COB-001068;DOC-2024-01992;2024-07-09;CLP;8702341;TRANSFERENCIA;
COB-001196;DOC-2024-00037;2024-07-09;USD;9900.73;FACTORING;FCT-2024-0031
COB-000273;DOC-2024-01021;2024-07-10;CLP;6911680;TRANSFERENCIA;
COB-000694;DOC-2024-00002;2024-07-10;USD;95597.75;TRANSFERENCIA;
COB-000941;DOC-2024-00794;2024-07-10;CLP;10481355;TRANSFERENCIA;
COB-001114;DOC-2024-00068;2024-07-10;USD;126596.37;FACTORING;FCT-2024-0028
COB-000468;DOC-2024-01485;2024-07-11;CLP;5291494;TRANSFERENCIA;
COB-000650;DOC-2024-01470;2024-07-11;CLP;1332450;TRANSFERENCIA;
COB-000867;DOC-2024-00054;2024-07-11;USD;9917.13;TRANSFERENCIA;
COB-000936;DOC-2024-00582;2024-07-11;CLP;8628606;CHEQUE;
COB-001029;DOC-2024-01469;2024-07-11;CLP;1139816;TRANSFERENCIA;
COB-001124;DOC-2024-01136;2024-07-11;CLP;29671184;TRANSFERENCIA;
COB-001125;DOC-2024-01356;2024-07-11;CLP;8960311;TRANSFERENCIA;
COB-000946;DOC-2024-01696;2024-07-12;CLP;9000865;TRANSFERENCIA;
COB-000992;DOC-2024-01845;2024-07-12;CLP;12585693;TRANSFERENCIA;
COB-000365;DOC-2024-01257;2024-07-15;CLP;11348973;TRANSFERENCIA;
COB-000538;DOC-2024-00494;2024-07-15;CLP;41882230;TRANSFERENCIA;
COB-000551;DOC-2024-01132;2024-07-15;CLP;2653188;TRANSFERENCIA;
COB-000573;DOC-2024-01152;2024-07-15;CLP;4780349;CHEQUE;
COB-000677;DOC-2024-01884;2024-07-15;CLP;4896799;TRANSFERENCIA;
COB-000732;DOC-2024-01689;2024-07-15;CLP;2728122;TRANSFERENCIA;
COB-000734;DOC-2024-00052;2024-07-15;USD;70991.53;TRANSFERENCIA;
COB-000799;DOC-2024-01781;2024-07-15;CLP;2603215;TRANSFERENCIA;
COB-000896;DOC-2024-00373;2024-07-15;USD;62356.0;TRANSFERENCIA;
COB-000978;DOC-2024-01998;2024-07-15;CLP;2678480;TRANSFERENCIA;
COB-001017;DOC-2024-01727;2024-07-15;CLP;12813305;TRANSFERENCIA;
COB-001219;DOC-2024-00286;2024-07-15;USD;378000.0;FACTORING;FCT-2024-0032
COB-000249;DOC-2024-00909;2024-07-17;CLP;2704628;TRANSFERENCIA;
COB-000485;DOC-2024-00681;2024-07-17;CLP;1862554;TRANSFERENCIA;
COB-000602;DOC-2024-00898;2024-07-17;CLP;1989384;TRANSFERENCIA;
COB-000705;DOC-2024-01621;2024-07-17;CLP;20594241;TRANSFERENCIA;
COB-000709;DOC-2024-00276;2024-07-17;CLP;1499875;TRANSFERENCIA;FCT-2024-0008
COB-000735;DOC-2024-00162;2024-07-17;USD;107285.96;TRANSFERENCIA;
COB-000743;DOC-2024-00997;2024-07-17;CLP;41580962;TRANSFERENCIA;
COB-000749;DOC-2024-01762;2024-07-17;CLP;13692138;TRANSFERENCIA;
COB-000993;DOC-2024-00979;2024-07-17;CLP;7971012;TRANSFERENCIA;
COB-001003;DOC-2024-02004;2024-07-17;CLP;16451096;TRANSFERENCIA;
COB-001024;DOC-2024-00500;2024-07-17;CLP;4013037;CHEQUE;
COB-001026;DOC-2024-01885;2024-07-17;CLP;14821991;TRANSFERENCIA;
COB-001037;DOC-2024-00880;2024-07-17;CLP;10919871;TRANSFERENCIA;
COB-001047;DOC-2024-00647;2024-07-17;CLP;2870531;TRANSFERENCIA;
COB-001061;DOC-2024-00809;2024-07-17;CLP;5410710;TRANSFERENCIA;
COB-001069;DOC-2024-01992;2024-07-17;CLP;4707931;TRANSFERENCIA;
COB-001123;DOC-2024-00692;2024-07-17;CLP;12544529;TRANSFERENCIA;
COB-001156;DOC-2024-00829;2024-07-17;CLP;1291373;TRANSFERENCIA;
COB-000041;DOC-2024-01502;2024-07-18;CLP;17207001;TRANSFERENCIA;
COB-000352;DOC-2024-01345;2024-07-18;CLP;1610869;TRANSFERENCIA;
COB-000726;DOC-2024-01311;2024-07-18;CLP;3338679;TRANSFERENCIA;
COB-000808;DOC-2024-01313;2024-07-18;CLP;20991404;TRANSFERENCIA;
COB-001066;DOC-2024-01607;2024-07-18;CLP;5110838;TRANSFERENCIA;
COB-000530;DOC-2024-01277;2024-07-19;CLP;7120125;COMPENSACION;
COB-000564;DOC-2024-00140;2024-07-19;USD;40615.33;CHEQUE;
COB-000607;DOC-2024-00081;2024-07-19;CLP;32285038;TRANSFERENCIA;
COB-000731;DOC-2024-01674;2024-07-19;CLP;8725948;CHEQUE;
COB-000736;DOC-2024-00495;2024-07-19;CLP;27058308;TRANSFERENCIA;
COB-000822;DOC-2024-00632;2024-07-19;CLP;11288970;TRANSFERENCIA;
COB-000857;DOC-2024-00878;2024-07-19;CLP;1614984;TRANSFERENCIA;
COB-001252;DOC-2024-00178;2024-07-19;USD;63642.62;FACTORING;FCT-2024-0033
COB-000591;DOC-2024-00766;2024-07-22;CLP;4298543;TRANSFERENCIA;
COB-000768;DOC-2024-01172;2024-07-22;CLP;16053709;CHEQUE;
COB-000770;DOC-2024-00869;2024-07-22;CLP;7697514;TRANSFERENCIA;
COB-000798;DOC-2024-01767;2024-07-22;CLP;1564675;TRANSFERENCIA;
COB-000802;DOC-2024-00231;2024-07-22;USD;73290.48;TRANSFERENCIA;
COB-000883;DOC-2024-01165;2024-07-22;CLP;7478124;TRANSFERENCIA;
COB-000922;DOC-2024-00096;2024-07-22;USD;123922.97;TRANSFERENCIA;
COB-000952;DOC-2024-01725;2024-07-22;CLP;40613360;TRANSFERENCIA;
COB-001008;DOC-2024-00710;2024-07-22;CLP;12247676;TRANSFERENCIA;
COB-001010;DOC-2024-01042;2024-07-22;CLP;13431486;TRANSFERENCIA;
COB-001035;DOC-2024-00690;2024-07-22;CLP;11457149;TRANSFERENCIA;
COB-001050;DOC-2024-00798;2024-07-22;CLP;7269933;TRANSFERENCIA;
COB-001094;DOC-2024-00816;2024-07-22;CLP;4190389;COMPENSACION;
COB-001117;DOC-2024-00977;2024-07-22;CLP;4575078;TRANSFERENCIA;
COB-000157;DOC-2024-00638;2024-07-23;CLP;2024105;TRANSFERENCIA;
COB-000252;DOC-2024-01373;2024-07-23;CLP;17984732;TRANSFERENCIA;
COB-000347;DOC-2024-00146;2024-07-23;USD;6264.33;TRANSFERENCIA;
COB-000558;DOC-2024-00888;2024-07-23;CLP;20548878;TRANSFERENCIA;
COB-000785;DOC-2024-00449;2024-07-23;CLP;4494244;TRANSFERENCIA;
COB-000795;DOC-2024-01151;2024-07-23;CLP;4381396;TRANSFERENCIA;
COB-001059;DOC-2024-00726;2024-07-23;CLP;1229026;TRANSFERENCIA;
COB-001097;DOC-2024-01337;2024-07-23;CLP;3130610;TRANSFERENCIA;
COB-000561;DOC-2024-01657;2024-07-24;CLP;6456094;TRANSFERENCIA;
COB-000640;DOC-2024-00301;2024-07-24;USD;15909.14;TRANSFERENCIA;
COB-000838;DOC-2024-01624;2024-07-24;CLP;17831930;TRANSFERENCIA;
COB-000841;DOC-2024-01715;2024-07-24;CLP;5509196;TRANSFERENCIA;
COB-001030;DOC-2024-01957;2024-07-24;CLP;5182697;TRANSFERENCIA;
COB-001081;DOC-2024-01817;2024-07-24;CLP;8746383;TRANSFERENCIA;
COB-004300;DOC-2024-91441;2024-07-24;CLP;2762579;TRANSFERENCIA;
COB-000294;DOC-2024-01608;2024-07-25;CLP;608815;TRANSFERENCIA;
COB-000435;DOC-2024-00084;2024-07-25;USD;25165.37;TRANSFERENCIA;
COB-000800;DOC-2024-01781;2024-07-25;CLP;2451453;CHEQUE;
COB-000926;DOC-2024-00430;2024-07-25;CLP;4310909;TRANSFERENCIA;
COB-000932;DOC-2024-01252;2024-07-25;CLP;1551431;CHEQUE;
COB-001075;DOC-2024-01682;2024-07-25;CLP;8271262;TRANSFERENCIA;
COB-001121;DOC-2024-00422;2024-07-25;CLP;3500866;CHEQUE;
COB-001147;DOC-2024-00780;2024-07-25;CLP;6665403;TRANSFERENCIA;
COB-000038;DOC-2024-00856;2024-07-26;CLP;7019672;TRANSFERENCIA;
COB-000953;DOC-2024-00006;2024-07-26;USD;14935.84;TRANSFERENCIA;
COB-000143;DOC-2024-01110;2024-07-29;CLP;1576888;TRANSFERENCIA;
COB-000269;DOC-2024-00727;2024-07-29;CLP;10973441;CHEQUE;
COB-000596;DOC-2024-01443;2024-07-29;CLP;7418403;TRANSFERENCIA;
COB-000611;DOC-2024-00223;2024-07-29;CLP;19125079;TRANSFERENCIA;
COB-000628;DOC-2024-01434;2024-07-29;CLP;930621;TRANSFERENCIA;
COB-000629;DOC-2024-01586;2024-07-29;CLP;6879885;TRANSFERENCIA;
COB-000706;DOC-2024-01665;2024-07-29;CLP;12807845;TRANSFERENCIA;
COB-000765;DOC-2024-00539;2024-07-29;CLP;1611941;TRANSFERENCIA;
COB-000851;DOC-2024-00343;2024-07-29;CLP;41950392;TRANSFERENCIA;
COB-000963;DOC-2024-00983;2024-07-29;CLP;5914043;TRANSFERENCIA;
COB-000984;DOC-2024-00260;2024-07-29;USD;57154.58;TRANSFERENCIA;
COB-000990;DOC-2024-01690;2024-07-29;CLP;6515877;TRANSFERENCIA;
COB-001014;DOC-2024-01394;2024-07-29;CLP;3561068;TRANSFERENCIA;
COB-001048;DOC-2024-00647;2024-07-29;CLP;1714639;TRANSFERENCIA;
COB-001052;DOC-2024-01517;2024-07-29;CLP;2633061;TRANSFERENCIA;
COB-001110;DOC-2024-01020;2024-07-29;CLP;1708356;TRANSFERENCIA;
COB-001127;DOC-2024-01949;2024-07-29;CLP;5761928;TRANSFERENCIA;
COB-000309;DOC-2024-00693;2024-07-30;CLP;5711485;TRANSFERENCIA;
COB-000680;DOC-2024-01170;2024-07-30;CLP;585046;TRANSFERENCIA;
COB-000803;DOC-2024-00231;2024-07-30;USD;42523.64;TRANSFERENCIA;
COB-000829;DOC-2024-00932;2024-07-30;CLP;7498317;CHEQUE;
COB-000845;DOC-2024-00545;2024-07-30;CLP;6080958;CHEQUE;
COB-000965;DOC-2024-01070;2024-07-30;CLP;11358864;TRANSFERENCIA;
COB-000972;DOC-2024-01516;2024-07-30;CLP;2368398;TRANSFERENCIA;
COB-000979;DOC-2024-01922;2024-07-30;CLP;5092686;CHEQUE;
COB-001067;DOC-2024-01749;2024-07-30;CLP;21148136;TRANSFERENCIA;
COB-001278;DOC-2024-00249;2024-07-30;USD;21501.09;FACTORING;FCT-2024-0034
COB-000293;DOC-2024-01608;2024-07-31;CLP;608815;TRANSFERENCIA;
COB-000314;DOC-2024-01220;2024-07-31;CLP;2786108;TRANSFERENCIA;
COB-000868;DOC-2024-00138;2024-07-31;USD;86897.87;TRANSFERENCIA;
COB-000886;DOC-2024-01820;2024-07-31;CLP;11491215;TRANSFERENCIA;
COB-000975;DOC-2024-01667;2024-07-31;CLP;14626891;CHEQUE;
COB-001138;DOC-2024-00424;2024-07-31;CLP;6057042;TRANSFERENCIA;
COB-001004;DOC-2024-00009;2024-08-01;USD;157526.8;TRANSFERENCIA;
COB-001142;DOC-2024-00700;2024-08-01;CLP;8751405;TRANSFERENCIA;
COB-001235;DOC-2024-00861;2024-08-01;CLP;4699953;TRANSFERENCIA;
COB-000447;DOC-2024-01324;2024-08-02;CLP;9143303;TRANSFERENCIA;
COB-000471;DOC-2024-01609;2024-08-02;CLP;751174;TRANSFERENCIA;
COB-000514;DOC-2024-01750;2024-08-02;CLP;75347203;TRANSFERENCIA;
COB-000969;DOC-2024-01433;2024-08-02;CLP;3776674;TRANSFERENCIA;
COB-001011;DOC-2024-01045;2024-08-02;CLP;11526088;TRANSFERENCIA;
COB-004305;DOC-2023-96455;2024-08-02;CLP;5266500;COMPENSACION;
COB-000335;DOC-2024-00541;2024-08-05;CLP;8332545;TRANSFERENCIA;
COB-000522;DOC-2024-00317;2024-08-05;USD;15256.98;TRANSFERENCIA;FCT-2024-0003
COB-000572;DOC-2024-01027;2024-08-05;CLP;4788451;CHEQUE;
COB-000598;DOC-2024-00105;2024-08-05;USD;45307.38;TRANSFERENCIA;
COB-000599;DOC-2024-00147;2024-08-05;USD;174896.36;CHEQUE;
COB-000821;DOC-2024-00336;2024-08-05;USD;227293.97;TRANSFERENCIA;
COB-000854;DOC-2024-00903;2024-08-05;CLP;7645671;TRANSFERENCIA;
COB-000894;DOC-2024-00189;2024-08-05;USD;303262.1;TRANSFERENCIA;
COB-001082;DOC-2024-01988;2024-08-05;CLP;12172506;TRANSFERENCIA;
COB-001118;DOC-2024-00977;2024-08-05;CLP;6051255;TRANSFERENCIA;
COB-001146;DOC-2024-01945;2024-08-05;CLP;14385845;TRANSFERENCIA;
COB-001157;DOC-2024-00829;2024-08-05;CLP;1925833;TRANSFERENCIA;
COB-001184;DOC-2024-01140;2024-08-05;CLP;1039934;TRANSFERENCIA;
COB-001188;DOC-2024-01283;2024-08-05;CLP;7012659;TRANSFERENCIA;
COB-000489;DOC-2024-00065;2024-08-06;USD;26187.93;TRANSFERENCIA;
COB-000900;DOC-2024-01642;2024-08-06;CLP;808103;TRANSFERENCIA;
COB-001243;DOC-2024-00590;2024-08-06;CLP;2622163;TRANSFERENCIA;
COB-000773;DOC-2024-01245;2024-08-07;CLP;7245251;TRANSFERENCIA;
COB-000776;DOC-2024-01753;2024-08-07;CLP;45020178;TRANSFERENCIA;
COB-000873;DOC-2024-00323;2024-08-07;USD;50963.36;TRANSFERENCIA;
COB-001013;DOC-2024-01089;2024-08-07;CLP;2835664;TRANSFERENCIA;
COB-001109;DOC-2024-00937;2024-08-07;CLP;10960117;TRANSFERENCIA;
COB-001203;DOC-2024-00660;2024-08-07;CLP;8357277;TRANSFERENCIA;
COB-001328;DOC-2024-00031;2024-08-07;USD;11995.78;FACTORING;FCT-2024-0035
COB-001393;DOC-2024-01453;2024-08-07;CLP;6659736;TRANSFERENCIA;
COB-000149;DOC-2024-01445;2024-08-08;CLP;5065127;TRANSFERENCIA;
COB-000190;DOC-2024-01637;2024-08-08;CLP;6239447;TRANSFERENCIA;
COB-000274;DOC-2024-01021;2024-08-08;CLP;4328355;TRANSFERENCIA;
COB-001167;DOC-2024-00964;2024-08-08;CLP;25076431;TRANSFERENCIA;
COB-000260;DOC-2024-01410;2024-08-09;CLP;7199003;TRANSFERENCIA;
COB-000724;DOC-2024-00067;2024-08-09;USD;12873.48;TRANSFERENCIA;FCT-2024-0009
COB-000910;DOC-2024-01950;2024-08-09;CLP;17546989;TRANSFERENCIA;
COB-001074;DOC-2024-01673;2024-08-09;CLP;3370939;COMPENSACION;
COB-001101;DOC-2024-01652;2024-08-09;CLP;3684245;TRANSFERENCIA;
COB-001113;DOC-2024-00056;2024-08-09;USD;143231.63;COMPENSACION;
COB-000052;DOC-2024-01448;2024-08-12;CLP;4868841;TRANSFERENCIA;
COB-000234;DOC-2024-00417;2024-08-12;CLP;18521650;TRANSFERENCIA;
COB-000419;DOC-2024-01180;2024-08-12;CLP;1382460;TRANSFERENCIA;
COB-000592;DOC-2024-00831;2024-08-12;CLP;4186735;TRANSFERENCIA;
COB-000630;DOC-2024-01635;2024-08-12;CLP;6587008;TRANSFERENCIA;
COB-000657;DOC-2024-01714;2024-08-12;CLP;17063084;TRANSFERENCIA;
COB-000661;DOC-2024-00331;2024-08-12;USD;81841.08;TRANSFERENCIA;
COB-000902;DOC-2024-00007;2024-08-12;USD;75107.1;TRANSFERENCIA;
COB-000947;DOC-2024-01696;2024-08-12;CLP;12600190;TRANSFERENCIA;
COB-000973;DOC-2024-01516;2024-08-12;CLP;3130615;TRANSFERENCIA;
COB-001089;DOC-2024-00226;2024-08-12;USD;29573.41;TRANSFERENCIA;
COB-001091;DOC-2024-00250;2024-08-12;USD;44695.02;TRANSFERENCIA;
COB-001096;DOC-2024-01321;2024-08-12;CLP;2231506;CHEQUE;
COB-001103;DOC-2024-01737;2024-08-12;CLP;12136391;TRANSFERENCIA;
COB-001129;DOC-2024-00142;2024-08-12;USD;34523.13;TRANSFERENCIA;
COB-001244;DOC-2024-00598;2024-08-12;CLP;5174573;TRANSFERENCIA;
COB-001270;DOC-2024-00404;2024-08-12;CLP;14602613;TRANSFERENCIA;
COB-001388;DOC-2024-00375;2024-08-12;USD;44202.39;FACTORING;FCT-2024-0036
COB-004293;DOC-2023-99601;2024-08-12;CLP;5284834;TRANSFERENCIA;
COB-004302;DOC-2023-97624;2024-08-12;CLP;1312633;CHEQUE;
COB-000621;DOC-2024-00925;2024-08-13;CLP;2730574;CHEQUE;
COB-000994;DOC-2024-00979;2024-08-13;CLP;7219340;TRANSFERENCIA;
COB-000998;DOC-2024-00800;2024-08-13;CLP;7037124;TRANSFERENCIA;
COB-000496;DOC-2024-00213;2024-08-14;USD;8738.02;TRANSFERENCIA;FCT-2024-0002
COB-000733;DOC-2024-01689;2024-08-14;CLP;4012360;TRANSFERENCIA;
COB-001116;DOC-2024-00410;2024-08-14;CLP;15350013;TRANSFERENCIA;
COB-001187;DOC-2024-01326;2024-08-14;CLP;14778879;TRANSFERENCIA;
COB-001202;DOC-2024-00543;2024-08-14;CLP;3445380;TRANSFERENCIA;
COB-000970;DOC-2024-01456;2024-08-16;CLP;12397732;TRANSFERENCIA;
COB-001144;DOC-2024-01119;2024-08-16;CLP;5500745;TRANSFERENCIA;
COB-001145;DOC-2024-01135;2024-08-16;CLP;2138432;CHEQUE;
COB-001281;DOC-2024-01432;2024-08-16;CLP;2877598;TRANSFERENCIA;
COB-001299;DOC-2024-01243;2024-08-16;CLP;11349352;TRANSFERENCIA;
COB-001318;DOC-2024-01948;2024-08-16;CLP;5421001;COMPENSACION;
COB-004281;DOC-2025-90277;2024-08-16;CLP;4014350;TRANSFERENCIA;
COB-000071;DOC-2024-00613;2024-08-19;CLP;4570744;TRANSFERENCIA;
COB-000245;DOC-2024-00806;2024-08-19;CLP;10749465;TRANSFERENCIA;
COB-000603;DOC-2024-00898;2024-08-19;CLP;2998975;TRANSFERENCIA;
COB-000612;DOC-2024-00223;2024-08-19;CLP;15610058;TRANSFERENCIA;
COB-000839;DOC-2024-01645;2024-08-19;CLP;4010884;TRANSFERENCIA;
COB-000842;DOC-2024-01715;2024-08-19;CLP;5970898;TRANSFERENCIA;
COB-000871;DOC-2024-00282;2024-08-19;USD;7516.86;TRANSFERENCIA;FCT-2024-0019
COB-000872;DOC-2024-00284;2024-08-19;USD;102662.18;TRANSFERENCIA;
COB-000887;DOC-2024-01837;2024-08-19;CLP;3232867;COMPENSACION;
COB-000890;DOC-2024-01995;2024-08-19;CLP;70039190;TRANSFERENCIA;
COB-000948;DOC-2024-01982;2024-08-19;CLP;16091010;CHEQUE;
COB-000954;DOC-2024-00006;2024-08-19;USD;18040.16;TRANSFERENCIA;
COB-000980;DOC-2024-01922;2024-08-19;CLP;3251914;TRANSFERENCIA;
COB-001072;DOC-2024-01534;2024-08-19;CLP;6815855;TRANSFERENCIA;
COB-001126;DOC-2024-01677;2024-08-19;CLP;4027510;TRANSFERENCIA;
COB-001130;DOC-2024-00603;2024-08-19;CLP;1247387;TRANSFERENCIA;
COB-001133;DOC-2024-01688;2024-08-19;CLP;2915019;TRANSFERENCIA;
COB-001154;DOC-2024-00560;2024-08-19;CLP;2759075;TRANSFERENCIA;
COB-001158;DOC-2024-01387;2024-08-19;CLP;7745504;TRANSFERENCIA;
COB-001159;DOC-2024-01804;2024-08-19;CLP;5040479;TRANSFERENCIA;
COB-001263;DOC-2024-01515;2024-08-19;CLP;6971755;TRANSFERENCIA;
COB-001337;DOC-2024-01440;2024-08-19;CLP;14227990;TRANSFERENCIA;
COB-001344;DOC-2024-01835;2024-08-19;CLP;7477965;TRANSFERENCIA;
COB-001373;DOC-2024-01360;2024-08-19;CLP;5808107;TRANSFERENCIA;
COB-001436;DOC-2024-00292;2024-08-19;USD;49551.97;FACTORING;FCT-2024-0037
COB-000913;DOC-2024-00515;2024-08-20;CLP;49258125;CHEQUE;
COB-000957;DOC-2024-00563;2024-08-20;CLP;6059798;TRANSFERENCIA;
COB-001107;DOC-2024-00622;2024-08-20;CLP;2258741;TRANSFERENCIA;
COB-001262;DOC-2024-01034;2024-08-20;CLP;4380207;TRANSFERENCIA;
COB-000511;DOC-2024-01559;2024-08-21;CLP;6306702;CHEQUE;
COB-001162;DOC-2024-00321;2024-08-21;USD;62953.22;TRANSFERENCIA;
COB-001164;DOC-2024-00542;2024-08-21;CLP;29464170;TRANSFERENCIA;
COB-001165;DOC-2024-00730;2024-08-21;CLP;908139;CHEQUE;
COB-001241;DOC-2024-00389;2024-08-21;CLP;838671;COMPENSACION;
COB-001246;DOC-2024-00741;2024-08-21;CLP;11028202;TRANSFERENCIA;
COB-001271;DOC-2024-00689;2024-08-21;CLP;1146968;TRANSFERENCIA;
COB-001347;DOC-2024-01990;2024-08-21;CLP;12134957;TRANSFERENCIA;
COB-001352;DOC-2024-01160;2024-08-21;CLP;10614563;TRANSFERENCIA;
COB-000755;DOC-2024-01066;2024-08-22;CLP;4869598;CHEQUE;
COB-001131;DOC-2024-00821;2024-08-22;CLP;1911513;TRANSFERENCIA;
COB-000685;DOC-2024-00365;2024-08-23;USD;14102.08;TRANSFERENCIA;FCT-2024-0006
COB-000983;DOC-2024-00194;2024-08-23;CLP;42752817;TRANSFERENCIA;
COB-000310;DOC-2024-00693;2024-08-26;CLP;4897568;CHEQUE;
COB-000397;DOC-2024-00209;2024-08-26;USD;2244.74;TRANSFERENCIA;FCT-2024-0001
COB-000492;DOC-2024-00116;2024-08-26;USD;61900.14;TRANSFERENCIA;
COB-000825;DOC-2024-02013;2024-08-26;CLP;10276615;TRANSFERENCIA;
COB-001098;DOC-2024-01337;2024-08-26;CLP;2780176;TRANSFERENCIA;
COB-001102;DOC-2024-01652;2024-08-26;CLP;2601084;TRANSFERENCIA;
COB-001141;DOC-2024-00080;2024-08-26;CLP;54404281;TRANSFERENCIA;
COB-001172;DOC-2024-00024;2024-08-26;USD;27997.83;TRANSFERENCIA;
COB-001178;DOC-2024-01294;2024-08-26;CLP;13794589;TRANSFERENCIA;
COB-001189;DOC-2024-01603;2024-08-26;CLP;7865954;CHEQUE;
COB-001250;DOC-2024-01935;2024-08-26;CLP;57514884;CHEQUE;
COB-001255;DOC-2024-00409;2024-08-26;CLP;7834555;TRANSFERENCIA;
COB-001294;DOC-2024-00868;2024-08-26;CLP;11334620;TRANSFERENCIA;
COB-001353;DOC-2024-01336;2024-08-26;CLP;5361513;COMPENSACION;
COB-001368;DOC-2024-00583;2024-08-26;CLP;2883741;TRANSFERENCIA;
COB-001453;DOC-2024-00053;2024-08-26;USD;115995.58;FACTORING;FCT-2024-0038
COB-000336;DOC-2024-00541;2024-08-27;CLP;4927627;TRANSFERENCIA;
COB-000725;DOC-2024-00685;2024-08-27;CLP;15177787;CHEQUE;
COB-000976;DOC-2024-01980;2024-08-27;CLP;19521955;TRANSFERENCIA;
COB-001088;DOC-2024-00183;2024-08-27;USD;3505.18;TRANSFERENCIA;FCT-2024-0026
COB-001135;DOC-2024-01703;2024-08-27;CLP;11085153;TRANSFERENCIA;
COB-001139;DOC-2024-01169;2024-08-27;CLP;2756235;TRANSFERENCIA;
COB-001481;DOC-2024-00855;2024-08-27;CLP;10176435;TRANSFERENCIA;
COB-000144;DOC-2024-01110;2024-08-28;CLP;2512850;TRANSFERENCIA;
COB-000574;DOC-2024-01152;2024-08-28;CLP;3234951;TRANSFERENCIA;
COB-000971;DOC-2024-01456;2024-08-28;CLP;8614819;TRANSFERENCIA;
COB-001025;DOC-2024-00706;2024-08-29;CLP;5964541;TRANSFERENCIA;
COB-001060;DOC-2024-00726;2024-08-29;CLP;2084228;TRANSFERENCIA;
COB-001083;DOC-2024-00043;2024-08-29;USD;19691.93;TRANSFERENCIA;
COB-001242;DOC-2024-00389;2024-08-29;CLP;919944;TRANSFERENCIA;
COB-001398;DOC-2024-00446;2024-08-29;CLP;4534106;TRANSFERENCIA;
COB-001468;DOC-2024-00296;2024-08-29;USD;134240.76;FACTORING;FCT-2024-0039
COB-000816;DOC-2024-01874;2024-08-30;CLP;5046195;TRANSFERENCIA;
COB-001391;DOC-2024-01258;2024-08-30;CLP;6114383;CHEQUE;
COB-004297;DOC-2025-94820;2024-08-30;CLP;7282352;TRANSFERENCIA;
COB-000641;DOC-2024-00301;2024-09-02;USD;25068.92;TRANSFERENCIA;
COB-000846;DOC-2024-00545;2024-09-02;CLP;3412189;TRANSFERENCIA;
COB-000949;DOC-2024-00005;2024-09-02;USD;56988.72;TRANSFERENCIA;
COB-000991;DOC-2024-01690;2024-09-02;CLP;6515877;TRANSFERENCIA;
COB-001058;DOC-2024-00338;2024-09-02;CLP;13705853;TRANSFERENCIA;
COB-001093;DOC-2024-00369;2024-09-02;USD;914.72;TRANSFERENCIA;FCT-2024-0027
COB-001174;DOC-2024-00826;2024-09-02;CLP;5177611;TRANSFERENCIA;
COB-001227;DOC-2024-00033;2024-09-02;USD;4447.94;CHEQUE;
COB-001234;DOC-2024-00745;2024-09-02;CLP;2754786;TRANSFERENCIA;
COB-001272;DOC-2024-01106;2024-09-02;CLP;1471359;TRANSFERENCIA;
COB-001339;DOC-2024-01538;2024-09-02;CLP;9469258;TRANSFERENCIA;
COB-001385;DOC-2024-01704;2024-09-02;CLP;2978368;CHEQUE;
COB-001425;DOC-2024-00805;2024-09-02;CLP;1209179;TRANSFERENCIA;
COB-004304;DOC-2023-91870;2024-09-02;CLP;2994549;TRANSFERENCIA;
COB-001111;DOC-2024-01156;2024-09-03;CLP;8490831;TRANSFERENCIA;
COB-001149;DOC-2024-01778;2024-09-03;CLP;23694318;TRANSFERENCIA;
COB-001324;DOC-2024-01107;2024-09-03;CLP;1439309;TRANSFERENCIA;
COB-004301;DOC-2024-93205;2024-09-03;CLP;7010993;CHEQUE;
COB-000518;DOC-2024-00172;2024-09-04;USD;35937.5;CHEQUE;
COB-000781;DOC-2024-00401;2024-09-04;CLP;2774846;CHEQUE;
COB-001166;DOC-2024-00730;2024-09-04;CLP;615115;TRANSFERENCIA;
COB-001475;DOC-2024-00020;2024-09-04;USD;73309.64;FACTORING;FCT-2024-0040
COB-000158;DOC-2024-00638;2024-09-05;CLP;2024105;TRANSFERENCIA;
COB-000218;DOC-2024-00242;2024-09-05;USD;37842.01;TRANSFERENCIA;
COB-000852;DOC-2024-00343;2024-09-05;CLP;27563844;TRANSFERENCIA;
COB-001285;DOC-2024-01843;2024-09-05;CLP;9677638;TRANSFERENCIA;
COB-001307;DOC-2024-00942;2024-09-05;CLP;1165312;CHEQUE;
COB-001452;DOC-2024-01972;2024-09-05;CLP;40421578;TRANSFERENCIA;
COB-001505;DOC-2024-00028;2024-09-05;USD;69893.34;FACTORING;FCT-2024-0041
COB-001537;DOC-2024-00891;2024-09-05;CLP;10512658;TRANSFERENCIA;
COB-001549;DOC-2024-00085;2024-09-05;USD;13446.68;FACTORING;FCT-2024-0043
COB-000014;DOC-2024-01279;2024-09-06;CLP;3968715;TRANSFERENCIA;
COB-000951;DOC-2024-00572;2024-09-06;CLP;28005754;TRANSFERENCIA;
COB-001105;DOC-2024-01876;2024-09-06;CLP;5669452;TRANSFERENCIA;
COB-001163;DOC-2024-00321;2024-09-06;USD;82768.54;TRANSFERENCIA;
COB-001302;DOC-2024-00752;2024-09-06;CLP;1444424;TRANSFERENCIA;
COB-000559;DOC-2024-01065;2024-09-09;CLP;28842669;CHEQUE;
COB-000836;DOC-2024-01522;2024-09-09;CLP;3610757;TRANSFERENCIA;
COB-000892;DOC-2024-00786;2024-09-09;CLP;7815620;TRANSFERENCIA;
COB-001057;DOC-2024-00038;2024-09-09;USD;7256.86;TRANSFERENCIA;
COB-001090;DOC-2024-00226;2024-09-09;USD;29126.48;COMPENSACION;
COB-001150;DOC-2024-00051;2024-09-09;USD;110987.78;TRANSFERENCIA;
COB-001191;DOC-2024-00341;2024-09-09;USD;45536.24;TRANSFERENCIA;
COB-001208;DOC-2024-01217;2024-09-09;CLP;6193337;TRANSFERENCIA;
COB-001213;DOC-2024-01889;2024-09-09;CLP;50768236;TRANSFERENCIA;
COB-001232;DOC-2024-00523;2024-09-09;CLP;11396513;TRANSFERENCIA;
COB-001254;DOC-2024-00256;2024-09-09;USD;103032.12;CHEQUE;
COB-001432;DOC-2024-01641;2024-09-09;CLP;4638958;TRANSFERENCIA;
COB-001321;DOC-2024-01005;2024-09-10;CLP;6068559;TRANSFERENCIA;
COB-000420;DOC-2024-01180;2024-09-11;CLP;765396;CHEQUE;
COB-000888;DOC-2024-01837;2024-09-11;CLP;5753237;TRANSFERENCIA;
COB-000944;DOC-2024-01185;2024-09-11;CLP;6023274;TRANSFERENCIA;
COB-001001;DOC-2024-01323;2024-09-11;CLP;4765898;TRANSFERENCIA;
COB-001018;DOC-2024-01921;2024-09-11;CLP;27860140;TRANSFERENCIA;
COB-001128;DOC-2024-00004;2024-09-11;USD;33246.31;TRANSFERENCIA;
COB-001155;DOC-2024-00560;2024-09-11;CLP;1589455;TRANSFERENCIA;
COB-001185;DOC-2024-01140;2024-09-11;CLP;1686674;TRANSFERENCIA;
COB-001212;DOC-2024-01790;2024-09-11;CLP;80630205;TRANSFERENCIA;
COB-001247;DOC-2024-00823;2024-09-11;CLP;26174741;TRANSFERENCIA;
COB-000519;DOC-2024-00172;2024-09-12;USD;35937.5;TRANSFERENCIA;
COB-000934;DOC-2024-00262;2024-09-12;USD;20467.13;CHEQUE;
COB-001224;DOC-2024-01802;2024-09-12;CLP;2961576;TRANSFERENCIA;
COB-001366;DOC-2024-00464;2024-09-12;CLP;23132218;TRANSFERENCIA;
COB-001497;DOC-2024-01806;2024-09-12;CLP;5212194;TRANSFERENCIA;
COB-004289;DOC-2025-97525;2024-09-12;CLP;2002509;COMPENSACION;
COB-000546;DOC-2024-00655;2024-09-13;CLP;13445701;TRANSFERENCIA;
COB-000840;DOC-2024-01645;2024-09-13;CLP;6571053;TRANSFERENCIA;
COB-000895;DOC-2024-00294;2024-09-13;USD;260571.88;TRANSFERENCIA;
COB-000955;DOC-2024-00240;2024-09-13;USD;108973.95;TRANSFERENCIA;
COB-001457;DOC-2024-01029;2024-09-13;CLP;3931754;TRANSFERENCIA;
COB-001636;DOC-2024-01540;2024-09-13;CLP;1025086;CHEQUE;
COB-000507;DOC-2024-01192;2024-09-16;CLP;5815168;TRANSFERENCIA;
COB-000622;DOC-2024-00925;2024-09-16;CLP;2796886;TRANSFERENCIA;
COB-000820;DOC-2024-00110;2024-09-16;USD;1030.93;TRANSFERENCIA;FCT-2024-0015
COB-000907;DOC-2024-01805;2024-09-16;CLP;3116138;TRANSFERENCIA;
COB-001099;DOC-2024-01451;2024-09-16;CLP;11675279;TRANSFERENCIA;
COB-001134;DOC-2024-01688;2024-09-16;CLP;2302956;TRANSFERENCIA;
COB-001143;DOC-2024-01068;2024-09-16;CLP;1465727;TRANSFERENCIA;
COB-001182;DOC-2024-00642;2024-09-16;CLP;4995483;TRANSFERENCIA;
COB-001217;DOC-2024-00556;2024-09-16;CLP;6033143;TRANSFERENCIA;
COB-001392;DOC-2024-01380;2024-09-16;CLP;11768193;TRANSFERENCIA;
COB-001400;DOC-2024-00756;2024-09-16;CLP;2447110;TRANSFERENCIA;
COB-001405;DOC-2024-00637;2024-09-16;CLP;4114216;TRANSFERENCIA;
COB-001411;DOC-2024-01692;2024-09-16;CLP;1490227;TRANSFERENCIA;
COB-001421;DOC-2024-00450;2024-09-16;CLP;5789283;TRANSFERENCIA;
COB-001433;DOC-2024-01838;2024-09-16;CLP;11517505;TRANSFERENCIA;
COB-001440;DOC-2024-00986;2024-09-16;CLP;4340945;CHEQUE;
COB-001487;DOC-2024-01662;2024-09-16;CLP;8773784;TRANSFERENCIA;
COB-001515;DOC-2024-00524;2024-09-16;CLP;2171916;TRANSFERENCIA;
COB-001622;DOC-2024-00380;2024-09-16;USD;209308.26;FACTORING;FCT-2024-0047
COB-001027;DOC-2024-01374;2024-09-17;CLP;681192;TRANSFERENCIA;
COB-001152;DOC-2024-00102;2024-09-17;USD;193552.62;TRANSFERENCIA;
COB-001194;DOC-2024-01803;2024-09-17;CLP;7205680;TRANSFERENCIA;
COB-001211;DOC-2024-01639;2024-09-17;CLP;2687995;TRANSFERENCIA;
COB-001249;DOC-2024-01226;2024-09-17;CLP;10825013;TRANSFERENCIA;
COB-001290;DOC-2024-00332;2024-09-17;USD;16513.96;TRANSFERENCIA;
COB-001490;DOC-2024-00528;2024-09-17;CLP;8084831;TRANSFERENCIA;
COB-001500;DOC-2024-01281;2024-09-17;CLP;5474203;TRANSFERENCIA;
COB-000350;DOC-2024-00838;2024-09-20;CLP;4709117;COMPENSACION;
COB-000389;DOC-2024-01141;2024-09-20;CLP;11136710;TRANSFERENCIA;
COB-000864;DOC-2024-00271;2024-09-20;USD;15922.66;TRANSFERENCIA;FCT-2024-0018
COB-000891;DOC-2024-00001;2024-09-20;USD;16056.78;TRANSFERENCIA;
COB-000893;DOC-2024-01062;2024-09-20;CLP;30028049;TRANSFERENCIA;
COB-000921;DOC-2024-00091;2024-09-20;USD;103414.18;TRANSFERENCIA;
COB-000985;DOC-2024-00540;2024-09-20;CLP;2075052;TRANSFERENCIA;
COB-001019;DOC-2024-00274;2024-09-20;USD;45210.4;TRANSFERENCIA;
COB-001076;DOC-2024-00810;2024-09-20;CLP;12312555;COMPENSACION;
COB-001108;DOC-2024-00622;2024-09-20;CLP;1407040;TRANSFERENCIA;
COB-001214;DOC-2024-00070;2024-09-20;USD;5106.99;TRANSFERENCIA;
COB-001342;DOC-2024-01751;2024-09-20;CLP;3315339;TRANSFERENCIA;
COB-001346;DOC-2024-01966;2024-09-20;CLP;17259307;COMPENSACION;
COB-001419;DOC-2024-00386;2024-09-20;CLP;3238829;TRANSFERENCIA;
COB-001427;DOC-2024-00950;2024-09-20;CLP;10047548;TRANSFERENCIA;
COB-001528;DOC-2024-00874;2024-09-20;CLP;6879345;TRANSFERENCIA;
COB-001535;DOC-2024-00078;2024-09-20;USD;207682.69;FACTORING;FCT-2024-0042
COB-001542;DOC-2024-01352;2024-09-20;CLP;15702341;TRANSFERENCIA;
COB-001551;DOC-2024-00374;2024-09-20;USD;173788.79;FACTORING;FCT-2024-0044
COB-000195;DOC-2024-01314;2024-09-23;CLP;7985612;CHEQUE;
COB-000493;DOC-2024-00116;2024-09-23;USD;92876.26;TRANSFERENCIA;
COB-000535;DOC-2024-00077;2024-09-23;USD;26118.37;CHEQUE;
COB-000582;DOC-2024-01756;2024-09-23;CLP;13764973;TRANSFERENCIA;
COB-000782;DOC-2024-00414;2024-09-23;CLP;3115531;TRANSFERENCIA;
COB-001045;DOC-2024-00161;2024-09-23;USD;25510.12;CHEQUE;
COB-001086;DOC-2024-00158;2024-09-23;USD;53265.85;TRANSFERENCIA;
COB-001132;DOC-2024-00821;2024-09-23;CLP;1137029;TRANSFERENCIA;
COB-001221;DOC-2024-00984;2024-09-23;CLP;20706350;TRANSFERENCIA;
COB-001236;DOC-2024-01242;2024-09-23;CLP;4324933;TRANSFERENCIA;
COB-001269;DOC-2024-00177;2024-09-23;USD;55290.68;TRANSFERENCIA;
COB-001276;DOC-2024-01898;2024-09-23;CLP;40488133;CHEQUE;
COB-001336;DOC-2024-01392;2024-09-23;CLP;1888101;TRANSFERENCIA;
COB-001345;DOC-2024-01926;2024-09-23;CLP;41190897;TRANSFERENCIA;
COB-001390;DOC-2024-01079;2024-09-23;CLP;1840008;TRANSFERENCIA;
COB-001522;DOC-2024-01808;2024-09-23;CLP;17992199;TRANSFERENCIA;
COB-001529;DOC-2024-00904;2024-09-23;CLP;2337109;TRANSFERENCIA;
COB-001531;DOC-2024-01752;2024-09-23;CLP;22026639;TRANSFERENCIA;
COB-001610;DOC-2024-00253;2024-09-23;USD;39007.76;FACTORING;FCT-2024-0046
COB-000937;DOC-2024-00602;2024-09-24;CLP;171315;TRANSFERENCIA;
COB-000943;DOC-2024-00482;2024-09-24;CLP;9040423;TRANSFERENCIA;
COB-001180;DOC-2024-00118;2024-09-24;USD;78513.46;TRANSFERENCIA;
COB-001239;DOC-2024-01271;2024-09-24;CLP;17909097;TRANSFERENCIA;
COB-001386;DOC-2024-01704;2024-09-24;CLP;3312197;CHEQUE;
COB-001486;DOC-2024-01644;2024-09-24;CLP;4875817;TRANSFERENCIA;
COB-000956;DOC-2024-00265;2024-09-25;USD;23594.81;TRANSFERENCIA;
COB-001200;DOC-2024-00208;2024-09-25;USD;8657.25;TRANSFERENCIA;
COB-001245;DOC-2024-00608;2024-09-25;CLP;2239249;TRANSFERENCIA;
COB-001275;DOC-2024-01850;2024-09-25;CLP;13645059;TRANSFERENCIA;
COB-001325;DOC-2024-01107;2024-09-25;CLP;1015795;TRANSFERENCIA;
COB-001516;DOC-2024-00524;2024-09-25;CLP;1745647;TRANSFERENCIA;
COB-001051;DOC-2024-01402;2024-09-26;CLP;12974803;TRANSFERENCIA;
COB-001136;DOC-2024-00011;2024-09-26;USD;17231.03;TRANSFERENCIA;
COB-001377;DOC-2024-00059;2024-09-26;USD;167059.98;TRANSFERENCIA;
COB-001402;DOC-2024-00948;2024-09-26;CLP;4707137;TRANSFERENCIA;
COB-001439;DOC-2024-00641;2024-09-26;CLP;1725251;TRANSFERENCIA;
COB-001459;DOC-2024-01134;2024-09-26;CLP;5720191;TRANSFERENCIA;
COB-001464;DOC-2024-01707;2024-09-26;CLP;25367090;TRANSFERENCIA;
COB-000810;DOC-2024-01536;2024-09-27;CLP;5247103;TRANSFERENCIA;
COB-001195;DOC-2024-01803;2024-09-27;CLP;6710623;TRANSFERENCIA;
COB-001233;DOC-2024-00591;2024-09-27;CLP;8654245;TRANSFERENCIA;
COB-000406;DOC-2024-01371;2024-09-30;CLP;3334287;TRANSFERENCIA;
COB-000924;DOC-2024-00372;2024-09-30;USD;96838.92;TRANSFERENCIA;
COB-001021;DOC-2024-01263;2024-09-30;CLP;17743409;TRANSFERENCIA;
COB-001240;DOC-2024-01853;2024-09-30;CLP;4733151;TRANSFERENCIA;
COB-001310;DOC-2024-01568;2024-09-30;CLP;7021836;CHEQUE;
COB-001422;DOC-2024-00664;2024-09-30;CLP;1676125;TRANSFERENCIA;
COB-001428;DOC-2024-00960;2024-09-30;CLP;3717445;TRANSFERENCIA;
COB-001482;DOC-2024-00855;2024-09-30;CLP;16473122;TRANSFERENCIA;
COB-001592;DOC-2024-01091;2024-09-30;CLP;9759259;TRANSFERENCIA;
COB-001609;DOC-2024-00109;2024-09-30;USD;18259.4;FACTORING;FCT-2024-0045
COB-001692;DOC-2024-00237;2024-09-30;USD;30841.21;FACTORING;FCT-2024-0050
COB-000914;DOC-2024-00515;2024-10-01;CLP;43865885;TRANSFERENCIA;
COB-001115;DOC-2024-00068;2024-10-01;USD;14066.26;TRANSFERENCIA;FCT-2024-0028
COB-001259;DOC-2024-00722;2024-10-01;CLP;9176748;CHEQUE;
COB-001502;DOC-2024-01335;2024-10-01;CLP;6524342;TRANSFERENCIA;
COB-001532;DOC-2024-01209;2024-10-01;CLP;1825056;TRANSFERENCIA;
COB-001588;DOC-2024-00991;2024-10-01;CLP;1601617;TRANSFERENCIA;
COB-000678;DOC-2024-00958;2024-10-02;CLP;7583625;TRANSFERENCIA;
COB-001198;DOC-2024-00046;2024-10-02;USD;165630.7;TRANSFERENCIA;
COB-001205;DOC-2024-00839;2024-10-02;CLP;6389876;TRANSFERENCIA;
COB-001209;DOC-2024-01438;2024-10-02;CLP;2242046;TRANSFERENCIA;
COB-001216;DOC-2024-00186;2024-10-02;USD;36410.8;TRANSFERENCIA;
COB-001303;DOC-2024-00845;2024-10-02;CLP;12977784;TRANSFERENCIA;
COB-001471;DOC-2024-00666;2024-10-02;CLP;1018294;COMPENSACION;
COB-001223;DOC-2024-00988;2024-10-03;CLP;13340045;TRANSFERENCIA;
COB-001228;DOC-2024-00033;2024-10-03;USD;6251.56;TRANSFERENCIA;
COB-001371;DOC-2024-01280;2024-10-03;CLP;8342553;TRANSFERENCIA;
COB-001374;DOC-2024-01591;2024-10-03;CLP;5083350;TRANSFERENCIA;
COB-001424;DOC-2024-00738;2024-10-03;CLP;5502880;COMPENSACION;
COB-001662;DOC-2024-00012;2024-10-03;USD;101679.98;FACTORING;FCT-2024-0048
COB-000964;DOC-2024-01001;2024-10-04;CLP;26698582;TRANSFERENCIA;
COB-001314;DOC-2024-00269;2024-10-04;USD;11275.75;TRANSFERENCIA;
COB-001435;DOC-2024-01931;2024-10-04;CLP;27855437;TRANSFERENCIA;
COB-001445;DOC-2024-01718;2024-10-04;CLP;26249402;TRANSFERENCIA;
COB-001541;DOC-2024-01297;2024-10-04;CLP;4791246;TRANSFERENCIA;
COB-001631;DOC-2024-00531;2024-10-04;CLP;8309224;TRANSFERENCIA;
COB-000869;DOC-2024-00168;2024-10-07;USD;40046.24;COMPENSACION;
COB-001032;DOC-2024-00202;2024-10-07;USD;38508.51;TRANSFERENCIA;FCT-2024-0022
COB-001106;DOC-2024-00445;2024-10-07;CLP;9837296;CHEQUE;
COB-001112;DOC-2024-01953;2024-10-07;CLP;10270777;TRANSFERENCIA;
COB-001161;DOC-2024-00150;2024-10-07;USD;38556.4;TRANSFERENCIA;FCT-2024-0030
COB-001264;DOC-2024-01552;2024-10-07;CLP;3487118;TRANSFERENCIA;
COB-001300;DOC-2024-00468;2024-10-07;CLP;1266972;TRANSFERENCIA;
COB-001312;DOC-2024-00133;2024-10-07;USD;26103.35;TRANSFERENCIA;
COB-001326;DOC-2024-01742;2024-10-07;CLP;31235680;TRANSFERENCIA;
COB-001403;DOC-2024-01604;2024-10-07;CLP;7191939;TRANSFERENCIA;
COB-001470;DOC-2024-00654;2024-10-07;CLP;3714918;TRANSFERENCIA;
COB-001474;DOC-2024-01883;2024-10-07;CLP;16095277;TRANSFERENCIA;
COB-001527;DOC-2024-00783;2024-10-07;CLP;2322830;TRANSFERENCIA;
COB-001576;DOC-2024-00593;2024-10-07;CLP;3022983;CHEQUE;
COB-001594;DOC-2024-01253;2024-10-07;CLP;2296555;TRANSFERENCIA;
COB-001603;DOC-2024-01040;2024-10-07;CLP;11579081;TRANSFERENCIA;
COB-001618;DOC-2024-01784;2024-10-07;CLP;11838721;TRANSFERENCIA;
COB-001657;DOC-2024-01584;2024-10-07;CLP;17394975;TRANSFERENCIA;
COB-001690;DOC-2024-00220;2024-10-07;USD;89361.26;FACTORING;FCT-2024-0049
COB-001713;DOC-2024-00008;2024-10-07;USD;141966.74;FACTORING;FCT-2024-0051
COB-001796;DOC-2024-01248;2024-10-07;CLP;1868697;TRANSFERENCIA;
COB-004278;DOC-2023-98469;2024-10-07;CLP;7049372;TRANSFERENCIA;
COB-000961;DOC-2024-00862;2024-10-08;CLP;9633934;CHEQUE;
COB-001151;DOC-2024-00051;2024-10-08;USD;108833.76;TRANSFERENCIA;
COB-001415;DOC-2024-00248;2024-10-08;USD;12979.35;TRANSFERENCIA;
COB-001488;DOC-2024-01662;2024-10-08;CLP;15453406;TRANSFERENCIA;
COB-001514;DOC-2024-00447;2024-10-08;CLP;2752867;TRANSFERENCIA;
COB-001809;DOC-2024-01254;2024-10-08;CLP;13366496;TRANSFERENCIA;
COB-001170;DOC-2024-01473;2024-10-09;CLP;1908315;TRANSFERENCIA;
COB-001218;DOC-2024-01789;2024-10-09;CLP;21107047;TRANSFERENCIA;
COB-001266;DOC-2024-01663;2024-10-09;CLP;47392935;TRANSFERENCIA;
COB-001401;DOC-2024-00870;2024-10-09;CLP;7816644;TRANSFERENCIA;
COB-001476;DOC-2024-00418;2024-10-09;CLP;9015555;TRANSFERENCIA;
COB-001679;DOC-2024-01222;2024-10-09;CLP;3192750;TRANSFERENCIA;
COB-000704;DOC-2024-01563;2024-10-10;CLP;6899013;TRANSFERENCIA;
COB-000769;DOC-2024-01200;2024-10-10;CLP;14208819;TRANSFERENCIA;
COB-001063;DOC-2024-00164;2024-10-10;USD;364084.03;TRANSFERENCIA;
COB-001220;DOC-2024-00286;2024-10-10;USD;42000.0;TRANSFERENCIA;FCT-2024-0032
COB-001343;DOC-2024-01751;2024-10-10;CLP;4081193;TRANSFERENCIA;
COB-001420;DOC-2024-00386;2024-10-10;CLP;3160003;CHEQUE;
COB-001449;DOC-2024-01193;2024-10-10;CLP;17124728;TRANSFERENCIA;
COB-001472;DOC-2024-01570;2024-10-10;CLP;4303735;TRANSFERENCIA;
COB-001565;DOC-2024-01579;2024-10-10;CLP;3088601;TRANSFERENCIA;
COB-001617;DOC-2024-01614;2024-10-10;CLP;1197579;CHEQUE;
COB-000818;DOC-2024-00100;2024-10-11;USD;11466.95;TRANSFERENCIA;FCT-2024-0014
COB-001085;DOC-2024-00122;2024-10-11;USD;7181.35;TRANSFERENCIA;FCT-2024-0025
COB-001183;DOC-2024-00881;2024-10-11;CLP;32196410;TRANSFERENCIA;
COB-001458;DOC-2024-01029;2024-10-11;CLP;2697091;TRANSFERENCIA;
COB-001573;DOC-2024-01396;2024-10-11;CLP;11287244;TRANSFERENCIA;
COB-001672;DOC-2024-01013;2024-10-11;CLP;3952458;TRANSFERENCIA;
COB-000327;DOC-2024-00684;2024-10-14;CLP;10441542;COMPENSACION;
COB-001040;DOC-2024-01971;2024-10-14;CLP;3928819;TRANSFERENCIA;
COB-001140;DOC-2024-01827;2024-10-14;CLP;39313190;TRANSFERENCIA;
COB-001226;DOC-2024-01830;2024-10-14;CLP;13208738;TRANSFERENCIA;
COB-001292;DOC-2024-00534;2024-10-14;CLP;19295223;COMPENSACION;
COB-001295;DOC-2024-00899;2024-10-14;CLP;6669882;CHEQUE;
COB-001376;DOC-2024-01887;2024-10-14;CLP;6619148;TRANSFERENCIA;
COB-001384;DOC-2024-01670;2024-10-14;CLP;44276524;TRANSFERENCIA;
COB-001399;DOC-2024-00446;2024-10-14;CLP;4591023;CHEQUE;
COB-001404;DOC-2024-00016;2024-10-14;USD;57569.06;TRANSFERENCIA;
COB-001412;DOC-2024-01692;2024-10-14;CLP;1437933;TRANSFERENCIA;
COB-001430;DOC-2024-01317;2024-10-14;CLP;3611016;TRANSFERENCIA;
COB-001446;DOC-2024-00233;2024-10-14;USD;36809.27;CHEQUE;
COB-001463;DOC-2024-01418;2024-10-14;CLP;642748;CHEQUE;
COB-001465;DOC-2024-01707;2024-10-14;CLP;42385863;TRANSFERENCIA;
COB-001503;DOC-2024-01335;2024-10-14;CLP;5319604;CHEQUE;
COB-001511;DOC-2024-00368;2024-10-14;USD;33599.71;TRANSFERENCIA;
COB-001521;DOC-2024-01382;2024-10-14;CLP;8992957;TRANSFERENCIA;
COB-001560;DOC-2024-01919;2024-10-14;CLP;6274388;TRANSFERENCIA;
COB-001695;DOC-2024-00416;2024-10-14;CLP;7222913;CHEQUE;
COB-001697;DOC-2024-00487;2024-10-14;CLP;3374779;TRANSFERENCIA;
COB-001733;DOC-2024-00339;2024-10-14;USD;175912.36;FACTORING;FCT-2024-0053
COB-001769;DOC-2024-00017;2024-10-14;USD;74082.76;FACTORING;FCT-2024-0055
COB-001065;DOC-2024-00931;2024-10-15;CLP;6413581;TRANSFERENCIA;
COB-001237;DOC-2024-01242;2024-10-15;CLP;4324933;TRANSFERENCIA;
COB-001291;DOC-2024-00332;2024-10-15;USD;30051.16;TRANSFERENCIA;
COB-001311;DOC-2024-01568;2024-10-15;CLP;4268636;CHEQUE;
COB-001313;DOC-2024-00133;2024-10-15;USD;23948.39;TRANSFERENCIA;
COB-001455;DOC-2024-00489;2024-10-15;CLP;6609916;TRANSFERENCIA;
COB-001578;DOC-2024-01849;2024-10-15;CLP;34961283;TRANSFERENCIA;
COB-001587;DOC-2024-00643;2024-10-15;CLP;10752895;TRANSFERENCIA;
COB-001728;DOC-2024-00086;2024-10-15;CLP;16742409;FACTORING;FCT-2024-0052
COB-000837;DOC-2024-01522;2024-10-16;CLP;4375784;TRANSFERENCIA;
COB-001064;DOC-2024-00920;2024-10-16;CLP;13825056;TRANSFERENCIA;
COB-001406;DOC-2024-00906;2024-10-16;CLP;6180532;COMPENSACION;
COB-001426;DOC-2024-00805;2024-10-16;CLP;887451;TRANSFERENCIA;
COB-001473;DOC-2024-01672;2024-10-16;CLP;5455830;TRANSFERENCIA;
COB-001248;DOC-2024-00823;2024-10-17;CLP;25662369;TRANSFERENCIA;
COB-001493;DOC-2024-01129;2024-10-17;CLP;7084365;TRANSFERENCIA;
COB-001543;DOC-2024-01824;2024-10-17;CLP;8249869;COMPENSACION;
COB-001595;DOC-2024-01276;2024-10-17;CLP;3026249;TRANSFERENCIA;
COB-001621;DOC-2024-01918;2024-10-17;CLP;23303027;TRANSFERENCIA;
COB-000139;DOC-2024-00818;2024-10-18;CLP;8609334;TRANSFERENCIA;
COB-001277;DOC-2024-01986;2024-10-18;CLP;8788384;TRANSFERENCIA;
COB-001323;DOC-2024-01081;2024-10-18;CLP;13057262;TRANSFERENCIA;
COB-001540;DOC-2024-01203;2024-10-18;CLP;20160233;CHEQUE;
COB-001584;DOC-2024-00458;2024-10-18;CLP;15362436;COMPENSACION;
COB-001671;DOC-2024-01002;2024-10-18;CLP;6098009;TRANSFERENCIA;
COB-000159;DOC-2024-00638;2024-10-21;CLP;2024105;TRANSFERENCIA;
COB-000251;DOC-2024-01296;2024-10-21;CLP;6710312;TRANSFERENCIA;
COB-000938;DOC-2024-00602;2024-10-21;CLP;171315;TRANSFERENCIA;
COB-001039;DOC-2024-01569;2024-10-21;CLP;1908808;TRANSFERENCIA;
COB-001193;DOC-2024-01154;2024-10-21;CLP;14520409;TRANSFERENCIA;
COB-001215;DOC-2024-00070;2024-10-21;USD;2830.04;TRANSFERENCIA;
COB-001256;DOC-2024-00502;2024-10-21;CLP;24125640;TRANSFERENCIA;
COB-001309;DOC-2024-01333;2024-10-21;CLP;3267581;TRANSFERENCIA;
COB-001356;DOC-2024-00027;2024-10-21;USD;180723.61;TRANSFERENCIA;
COB-001358;DOC-2024-00241;2024-10-21;USD;81007.26;TRANSFERENCIA;
COB-001359;DOC-2024-00674;2024-10-21;CLP;43914384;TRANSFERENCIA;
COB-001466;DOC-2024-01974;2024-10-21;CLP;12382773;TRANSFERENCIA;
COB-001469;DOC-2024-00484;2024-10-21;CLP;4795422;TRANSFERENCIA;
COB-001491;DOC-2024-00528;2024-10-21;CLP;11498565;TRANSFERENCIA;
COB-001556;DOC-2024-01339;2024-10-21;CLP;3037987;TRANSFERENCIA;
COB-001569;DOC-2024-01240;2024-10-21;CLP;1076698;TRANSFERENCIA;
COB-001574;DOC-2024-01514;2024-10-21;CLP;2292806;COMPENSACION;
COB-001650;DOC-2024-00789;2024-10-21;CLP;5175656;TRANSFERENCIA;
COB-001654;DOC-2024-01004;2024-10-21;CLP;1677096;TRANSFERENCIA;
COB-001685;DOC-2024-01706;2024-10-21;CLP;14157186;TRANSFERENCIA;
COB-001698;DOC-2024-00624;2024-10-21;CLP;8017646;TRANSFERENCIA;
COB-001751;DOC-2024-01605;2024-10-21;CLP;6585104;TRANSFERENCIA;
COB-001766;DOC-2024-00201;2024-10-21;CLP;67711272;FACTORING;FCT-2024-0054
COB-001781;DOC-2024-00035;2024-10-21;USD;45483.02;FACTORING;FCT-2024-0056
COB-001892;DOC-2024-01562;2024-10-21;CLP;8490839;TRANSFERENCIA;
COB-004291;DOC-2023-94577;2024-10-21;CLP;6741268;CHEQUE;
COB-001520;DOC-2024-01268;2024-10-22;CLP;2406401;TRANSFERENCIA;
COB-001815;DOC-2024-00128;2024-10-22;USD;67232.73;FACTORING;FCT-2024-0057
COB-000316;DOC-2024-01629;2024-10-23;CLP;2327671;TRANSFERENCIA;
COB-001005;DOC-2024-00263;2024-10-23;USD;30294.2;TRANSFERENCIA;
COB-001370;DOC-2024-01007;2024-10-23;CLP;7348186;TRANSFERENCIA;
COB-001396;DOC-2024-00124;2024-10-23;USD;10463.32;TRANSFERENCIA;
COB-001416;DOC-2024-00248;2024-10-23;USD;11879.34;TRANSFERENCIA;
COB-001562;DOC-2024-02001;2024-10-23;CLP;56825515;TRANSFERENCIA;
COB-001647;DOC-2024-00562;2024-10-23;CLP;15886798;TRANSFERENCIA;
COB-000761;DOC-2024-01454;2024-10-24;CLP;7420690;TRANSFERENCIA;
COB-000958;DOC-2024-00589;2024-10-24;CLP;4695023;TRANSFERENCIA;
COB-001104;DOC-2024-01755;2024-10-24;CLP;18980718;TRANSFERENCIA;
COB-001526;DOC-2024-00044;2024-10-24;USD;8141.95;TRANSFERENCIA;
COB-001674;DOC-2024-01144;2024-10-24;CLP;4052520;CHEQUE;
COB-001793;DOC-2024-00718;2024-10-24;CLP;3437526;TRANSFERENCIA;
COB-001904;DOC-2024-00682;2024-10-24;CLP;9636736;CHEQUE;
COB-001173;DOC-2024-00192;2024-10-25;USD;99753.26;TRANSFERENCIA;
COB-001207;DOC-2024-01149;2024-10-25;CLP;21939869;TRANSFERENCIA;
COB-001364;DOC-2024-01113;2024-10-25;CLP;21047457;TRANSFERENCIA;
COB-001517;DOC-2024-00557;2024-10-25;CLP;3597979;CHEQUE;
COB-001760;DOC-2024-00391;2024-10-25;CLP;8191057;TRANSFERENCIA;
COB-000140;DOC-2024-00818;2024-10-28;CLP;5389313;TRANSFERENCIA;
COB-000311;DOC-2024-00828;2024-10-28;CLP;7057627;TRANSFERENCIA;
COB-000547;DOC-2024-00655;2024-10-28;CLP;22701092;TRANSFERENCIA;
COB-000772;DOC-2024-01184;2024-10-28;CLP;8313106;TRANSFERENCIA;
COB-001033;DOC-2024-00606;2024-10-28;CLP;4187937;TRANSFERENCIA;
COB-001122;DOC-2024-00436;2024-10-28;CLP;10673553;TRANSFERENCIA;
COB-001197;DOC-2024-00037;2024-10-28;USD;1100.08;TRANSFERENCIA;FCT-2024-0031
COB-001225;DOC-2024-01802;2024-10-28;CLP;5312410;TRANSFERENCIA;
COB-001289;DOC-2024-00175;2024-10-28;USD;78725.46;TRANSFERENCIA;
COB-001492;DOC-2024-01050;2024-10-28;CLP;4102922;TRANSFERENCIA;
COB-001501;DOC-2024-01281;2024-10-28;CLP;3280876;TRANSFERENCIA;
COB-001589;DOC-2024-00991;2024-10-28;CLP;1601617;CHEQUE;
COB-001604;DOC-2024-01219;2024-10-28;CLP;2635811;CHEQUE;
COB-001633;DOC-2024-01018;2024-10-28;CLP;7204613;CHEQUE;
COB-001667;DOC-2024-00779;2024-10-28;CLP;5094212;TRANSFERENCIA;
COB-001706;DOC-2024-01858;2024-10-28;CLP;40536981;TRANSFERENCIA;
COB-001722;DOC-2024-01292;2024-10-28;CLP;3221432;TRANSFERENCIA;
COB-001799;DOC-2024-01634;2024-10-28;CLP;5053295;CHEQUE;
COB-001806;DOC-2024-01991;2024-10-28;CLP;10875528;TRANSFERENCIA;
COB-001022;DOC-2024-01457;2024-10-29;CLP;5024049;TRANSFERENCIA;
COB-001286;DOC-2024-00288;2024-10-29;USD;35596.01;TRANSFERENCIA;
COB-001512;DOC-2024-00387;2024-10-29;CLP;4085379;TRANSFERENCIA;
COB-001579;DOC-2024-00222;2024-10-29;USD;15196.32;TRANSFERENCIA;
COB-001673;DOC-2024-01063;2024-10-29;CLP;2293526;TRANSFERENCIA;
COB-001764;DOC-2024-00755;2024-10-29;CLP;2160196;CHEQUE;
COB-001137;DOC-2024-00011;2024-10-30;USD;22437.0;CHEQUE;
COB-001280;DOC-2024-00319;2024-10-30;USD;130425.67;TRANSFERENCIA;
COB-001322;DOC-2024-01077;2024-10-30;CLP;7494215;TRANSFERENCIA;
COB-001382;DOC-2024-01533;2024-10-30;CLP;2950225;COMPENSACION;
COB-001547;DOC-2024-01758;2024-10-30;CLP;54859729;TRANSFERENCIA;
COB-001699;DOC-2024-00695;2024-10-30;CLP;9779381;TRANSFERENCIA;
COB-000503;DOC-2024-00940;2024-11-04;CLP;16036896;TRANSFERENCIA;
COB-000700;DOC-2024-00999;2024-11-04;CLP;15427924;TRANSFERENCIA;
COB-000982;DOC-2024-00030;2024-11-04;USD;3888.46;TRANSFERENCIA;FCT-2024-0021
COB-000986;DOC-2024-00540;2024-11-04;CLP;2712457;TRANSFERENCIA;
COB-001041;DOC-2024-01971;2024-11-04;CLP;2925626;TRANSFERENCIA;
COB-001044;DOC-2024-00089;2024-11-04;USD;4375.54;TRANSFERENCIA;FCT-2024-0024
COB-001046;DOC-2024-00161;2024-11-04;USD;38227.37;TRANSFERENCIA;
COB-001119;DOC-2024-01082;2024-11-04;CLP;3112669;TRANSFERENCIA;
COB-001210;DOC-2024-01438;2024-11-04;CLP;2242046;TRANSFERENCIA;
COB-001330;DOC-2024-00058;2024-11-04;USD;138170.75;TRANSFERENCIA;
COB-001351;DOC-2024-01010;2024-11-04;CLP;9955278;TRANSFERENCIA;
COB-001387;DOC-2024-00144;2024-11-04;USD;164839.15;CHEQUE;
COB-001429;DOC-2024-01014;2024-11-04;CLP;2677131;TRANSFERENCIA;
COB-001507;DOC-2024-00103;2024-11-04;USD;58969.51;TRANSFERENCIA;
COB-001559;DOC-2024-01896;2024-11-04;CLP;51841736;TRANSFERENCIA;
COB-001564;DOC-2024-01111;2024-11-04;CLP;4114806;TRANSFERENCIA;
COB-001566;DOC-2024-00546;2024-11-04;CLP;4441157;TRANSFERENCIA;
COB-001577;DOC-2024-00721;2024-11-04;CLP;29337270;CHEQUE;
COB-001590;DOC-2024-00991;2024-11-04;CLP;1601617;TRANSFERENCIA;
COB-001591;DOC-2024-01075;2024-11-04;CLP;4858871;CHEQUE;
COB-001598;DOC-2024-01777;2024-11-04;CLP;6136283;TRANSFERENCIA;
COB-001619;DOC-2024-01859;2024-11-04;CLP;5928051;TRANSFERENCIA;
COB-001632;DOC-2024-00531;2024-11-04;CLP;5623160;TRANSFERENCIA;
COB-001666;DOC-2024-00715;2024-11-04;CLP;3094150;TRANSFERENCIA;
COB-001668;DOC-2024-00820;2024-11-04;CLP;4322217;CHEQUE;
COB-001739;DOC-2024-00866;2024-11-04;CLP;21151900;TRANSFERENCIA;
COB-001740;DOC-2024-00924;2024-11-04;CLP;2910739;TRANSFERENCIA;
COB-001823;DOC-2024-00901;2024-11-04;CLP;1444519;CHEQUE;
COB-001843;DOC-2024-00518;2024-11-04;CLP;2721097;TRANSFERENCIA;
COB-001845;DOC-2024-00537;2024-11-04;CLP;6601461;TRANSFERENCIA;
COB-001948;DOC-2024-00156;2024-11-04;CLP;13530852;FACTORING;FCT-2024-0062
COB-001973;DOC-2024-01661;2024-11-04;CLP;4553667;CHEQUE;
COB-004299;DOC-2024-92430;2024-11-04;CLP;4186944;CHEQUE;
COB-000783;DOC-2024-00414;2024-11-05;CLP;4377750;TRANSFERENCIA;
COB-000989;DOC-2024-01202;2024-11-05;CLP;1555461;TRANSFERENCIA;
COB-001937;DOC-2024-00041;2024-11-05;USD;33716.56;FACTORING;FCT-2024-0059
COB-001963;DOC-2024-00844;2024-11-05;CLP;3163779;TRANSFERENCIA;
COB-001199;DOC-2024-00167;2024-11-06;USD;54963.48;TRANSFERENCIA;
COB-001222;DOC-2024-00984;2024-11-06;CLP;18774814;TRANSFERENCIA;
COB-001804;DOC-2024-01963;2024-11-06;CLP;9763088;TRANSFERENCIA;
COB-001867;DOC-2024-00852;2024-11-06;CLP;12453011;TRANSFERENCIA;
COB-001899;DOC-2024-00072;2024-11-06;USD;63752.46;FACTORING;FCT-2024-0058
COB-000727;DOC-2024-01379;2024-11-07;CLP;2232406;TRANSFERENCIA;
COB-001206;DOC-2024-00839;2024-11-07;CLP;8551769;TRANSFERENCIA;
COB-001365;DOC-2024-01113;2024-11-07;CLP;13959289;TRANSFERENCIA;
COB-001378;DOC-2024-00314;2024-11-07;USD;8138.68;TRANSFERENCIA;
COB-001700;DOC-2024-00695;2024-11-07;CLP;9243419;TRANSFERENCIA;
COB-001808;DOC-2024-00850;2024-11-07;CLP;16982200;TRANSFERENCIA;
COB-001822;DOC-2024-00703;2024-11-07;CLP;10034117;TRANSFERENCIA;
COB-000672;DOC-2024-01315;2024-11-08;CLP;2111222;TRANSFERENCIA;
COB-001253;DOC-2024-00178;2024-11-08;USD;7071.4;TRANSFERENCIA;FCT-2024-0033
COB-001305;DOC-2024-00306;2024-11-08;USD;136684.6;TRANSFERENCIA;
COB-001523;DOC-2024-01904;2024-11-08;CLP;8132940;TRANSFERENCIA;
COB-001664;DOC-2024-00427;2024-11-08;CLP;8907622;TRANSFERENCIA;
COB-001676;DOC-2024-01176;2024-11-08;CLP;1131456;TRANSFERENCIA;
COB-000177;DOC-2024-01189;2024-11-11;CLP;3631592;TRANSFERENCIA;
COB-000745;DOC-2024-01299;2024-11-11;CLP;67729243;TRANSFERENCIA;
COB-000830;DOC-2024-00938;2024-11-11;CLP;3722819;COMPENSACION;
COB-000832;DOC-2024-01100;2024-11-11;CLP;26337256;TRANSFERENCIA;
COB-001175;DOC-2024-01102;2024-11-11;CLP;4228822;TRANSFERENCIA;
COB-001190;DOC-2024-01638;2024-11-11;CLP;21079170;TRANSFERENCIA;
COB-001301;DOC-2024-00644;2024-11-11;CLP;7864770;CHEQUE;
COB-001407;DOC-2024-00906;2024-11-11;CLP;4474148;TRANSFERENCIA;
COB-001434;DOC-2024-01840;2024-11-11;CLP;14245420;TRANSFERENCIA;
COB-001447;DOC-2024-00295;2024-11-11;USD;72866.82;TRANSFERENCIA;
COB-001461;DOC-2024-01350;2024-11-11;CLP;5905921;TRANSFERENCIA;
COB-001533;DOC-2024-01209;2024-11-11;CLP;1232877;TRANSFERENCIA;
COB-001571;DOC-2024-01291;2024-11-11;CLP;530296;TRANSFERENCIA;
COB-001593;DOC-2024-01123;2024-11-11;CLP;8031898;CHEQUE;
COB-001615;DOC-2024-00731;2024-11-11;CLP;10643124;TRANSFERENCIA;
COB-001680;DOC-2024-01222;2024-11-11;CLP;1814056;TRANSFERENCIA;
COB-001696;DOC-2024-00416;2024-11-11;CLP;4270028;TRANSFERENCIA;
COB-001768;DOC-2024-00775;2024-11-11;CLP;13794446;CHEQUE;
COB-001801;DOC-2024-01771;2024-11-11;CLP;7406067;TRANSFERENCIA;
COB-001924;DOC-2024-00734;2024-11-11;CLP;3972916;TRANSFERENCIA;
COB-001320;DOC-2024-00772;2024-11-12;CLP;3306947;TRANSFERENCIA;
COB-001375;DOC-2024-01871;2024-11-12;CLP;3086361;TRANSFERENCIA;
COB-001394;DOC-2024-01702;2024-11-12;CLP;23220818;TRANSFERENCIA;
COB-001645;DOC-2024-00544;2024-11-12;CLP;7513822;TRANSFERENCIA;
COB-001525;DOC-2024-01923;2024-11-13;CLP;21212421;TRANSFERENCIA;
COB-001575;DOC-2024-00325;2024-11-13;CLP;63049283;TRANSFERENCIA;
COB-001602;DOC-2024-00293;2024-11-13;USD;21488.07;TRANSFERENCIA;
COB-001638;DOC-2024-00143;2024-11-13;USD;11231.86;TRANSFERENCIA;
COB-001787;DOC-2024-00411;2024-11-13;CLP;3576326;COMPENSACION;
COB-001871;DOC-2024-01633;2024-11-13;CLP;7224314;TRANSFERENCIA;
COB-001945;DOC-2024-00064;2024-11-13;USD;25247.62;FACTORING;FCT-2024-0061
COB-001273;DOC-2024-01818;2024-11-14;CLP;3753119;TRANSFERENCIA;
COB-001327;DOC-2024-01852;2024-11-14;CLP;56463442;TRANSFERENCIA;
COB-001558;DOC-2024-01855;2024-11-14;CLP;12164306;TRANSFERENCIA;
COB-001665;DOC-2024-00506;2024-11-14;CLP;3133076;CHEQUE;
COB-000399;DOC-2024-00441;2024-11-15;CLP;1902455;TRANSFERENCIA;
COB-000959;DOC-2024-00589;2024-11-15;CLP;4524032;TRANSFERENCIA;
COB-001626;DOC-2024-01489;2024-11-15;CLP;1152052;CHEQUE;
COB-001821;DOC-2024-00439;2024-11-15;CLP;3530365;TRANSFERENCIA;
COB-001914;DOC-2024-02010;2024-11-15;CLP;3774827;TRANSFERENCIA;
COB-004275;DOC-2024-95166;2024-11-15;CLP;3372820;CHEQUE;
COB-000741;DOC-2024-00857;2024-11-18;CLP;1360265;TRANSFERENCIA;
COB-000996;DOC-2024-00609;2024-11-18;CLP;11843813;TRANSFERENCIA;
COB-001186;DOC-2024-01179;2024-11-18;CLP;4358808;TRANSFERENCIA;
COB-001329;DOC-2024-00031;2024-11-18;USD;1332.87;TRANSFERENCIA;FCT-2024-0035
COB-001331;DOC-2024-00207;2024-11-18;USD;67408.88;TRANSFERENCIA;
COB-001383;DOC-2024-01533;2024-11-18;CLP;1802585;TRANSFERENCIA;
COB-001484;DOC-2024-01273;2024-11-18;CLP;4284602;TRANSFERENCIA;
COB-001485;DOC-2024-01513;2024-11-18;CLP;23324155;TRANSFERENCIA;
COB-001494;DOC-2024-01129;2024-11-18;CLP;9801927;TRANSFERENCIA;
COB-001496;DOC-2024-01711;2024-11-18;CLP;8366916;TRANSFERENCIA;
COB-001513;DOC-2024-00387;2024-11-18;CLP;2440742;TRANSFERENCIA;
COB-001608;DOC-2024-01561;2024-11-18;CLP;1823553;TRANSFERENCIA;
COB-001687;DOC-2024-01738;2024-11-18;CLP;4671212;TRANSFERENCIA;
COB-001703;DOC-2024-01208;2024-11-18;CLP;2637183;TRANSFERENCIA;
COB-001776;DOC-2024-01115;2024-11-18;CLP;3292695;CHEQUE;
COB-001828;DOC-2024-00569;2024-11-18;CLP;23936338;CHEQUE;
COB-001927;DOC-2024-01088;2024-11-18;CLP;2812894;TRANSFERENCIA;
COB-001939;DOC-2024-00108;2024-11-18;USD;205629.95;FACTORING;FCT-2024-0060
COB-001950;DOC-2024-00239;2024-11-18;USD;81822.75;FACTORING;FCT-2024-0063
COB-000280;DOC-2024-01786;2024-11-19;CLP;9754968;TRANSFERENCIA;
COB-001357;DOC-2024-00027;2024-11-19;USD;150401.28;CHEQUE;
COB-001360;DOC-2024-01398;2024-11-19;CLP;4676867;TRANSFERENCIA;
COB-001682;DOC-2024-01430;2024-11-19;CLP;5194097;TRANSFERENCIA;
COB-001708;DOC-2024-01994;2024-11-19;CLP;8129827;CHEQUE;
COB-001709;DOC-2024-00219;2024-11-19;CLP;107352627;COMPENSACION;
COB-004308;DOC-2025-90605;2024-11-19;CLP;7212762;CHEQUE;
COB-001561;DOC-2024-01919;2024-11-20;CLP;4190516;TRANSFERENCIA;
COB-001648;DOC-2024-00669;2024-11-20;CLP;3202532;TRANSFERENCIA;
COB-001704;DOC-2024-01329;2024-11-20;CLP;3240406;TRANSFERENCIA;
COB-001738;DOC-2024-00630;2024-11-20;CLP;2693509;TRANSFERENCIA;
COB-001747;DOC-2024-01425;2024-11-20;CLP;5271567;TRANSFERENCIA;
COB-001844;DOC-2024-00518;2024-11-20;CLP;2346632;CHEQUE;
COB-001863;DOC-2024-01735;2024-11-20;CLP;5683826;TRANSFERENCIA;
COB-001992;DOC-2024-00359;2024-11-20;USD;225510.97;FACTORING;FCT-2024-0065
COB-002028;DOC-2024-00236;2024-11-20;USD;337930.26;FACTORING;FCT-2024-0067
COB-000653;DOC-2024-00770;2024-11-21;CLP;1224158;TRANSFERENCIA;
COB-001761;DOC-2024-01452;2024-11-21;CLP;5543151;TRANSFERENCIA;
COB-001870;DOC-2024-01472;2024-11-21;CLP;13138588;TRANSFERENCIA;
COB-001905;DOC-2024-00682;2024-11-21;CLP;12857880;TRANSFERENCIA;
COB-000666;DOC-2024-00915;2024-11-22;CLP;8149754;TRANSFERENCIA;
COB-001410;DOC-2024-01365;2024-11-22;CLP;3904265;CHEQUE;
COB-001413;DOC-2024-00165;2024-11-22;CLP;27238367;CHEQUE;
COB-001586;DOC-2024-00577;2024-11-22;CLP;14588477;TRANSFERENCIA;
COB-001634;DOC-2024-01018;2024-11-22;CLP;6152741;TRANSFERENCIA;
COB-001744;DOC-2024-01128;2024-11-22;CLP;27463986;TRANSFERENCIA;
COB-001748;DOC-2024-01495;2024-11-22;CLP;5922912;TRANSFERENCIA;
COB-001824;DOC-2024-00901;2024-11-22;CLP;1153700;TRANSFERENCIA;
COB-000473;DOC-2024-01191;2024-11-25;CLP;6151621;TRANSFERENCIA;
COB-000631;DOC-2024-01643;2024-11-25;CLP;7059996;TRANSFERENCIA;
COB-000806;DOC-2024-00475;2024-11-25;CLP;2761510;COMPENSACION;
COB-000831;DOC-2024-00938;2024-11-25;CLP;3031290;TRANSFERENCIA;
COB-001441;DOC-2024-00113;2024-11-25;USD;36552.26;TRANSFERENCIA;
COB-001477;DOC-2024-00461;2024-11-25;CLP;2108046;TRANSFERENCIA;
COB-001518;DOC-2024-00557;2024-11-25;CLP;2707322;TRANSFERENCIA;
COB-001530;DOC-2024-01085;2024-11-25;CLP;6875338;TRANSFERENCIA;
COB-001599;DOC-2024-01777;2024-11-25;CLP;9567938;TRANSFERENCIA;
COB-001620;DOC-2024-01859;2024-11-25;CLP;4432329;CHEQUE;
COB-001656;DOC-2024-01270;2024-11-25;CLP;7860581;TRANSFERENCIA;
COB-001684;DOC-2024-01654;2024-11-25;CLP;3327493;CHEQUE;
COB-001694;DOC-2024-00405;2024-11-25;CLP;15504383;TRANSFERENCIA;
COB-001721;DOC-2024-01198;2024-11-25;CLP;3512549;TRANSFERENCIA;
COB-001731;DOC-2024-01809;2024-11-25;CLP;5367235;TRANSFERENCIA;
COB-001802;DOC-2024-01787;2024-11-25;CLP;30148701;TRANSFERENCIA;
COB-001805;DOC-2024-01963;2024-11-25;CLP;9748236;TRANSFERENCIA;
COB-001893;DOC-2024-01671;2024-11-25;CLP;16525325;TRANSFERENCIA;
COB-001919;DOC-2024-00594;2024-11-25;CLP;10188596;TRANSFERENCIA;
COB-002039;DOC-2024-00141;2024-11-25;USD;29602.6;FACTORING;FCT-2024-0068
COB-002098;DOC-2024-01146;2024-11-25;CLP;12816429;TRANSFERENCIA;
COB-001737;DOC-2024-00617;2024-11-26;CLP;2457737;TRANSFERENCIA;
COB-001752;DOC-2024-01678;2024-11-26;CLP;32196683;TRANSFERENCIA;
COB-001977;DOC-2024-00479;2024-11-26;CLP;4693760;CHEQUE;
COB-001991;DOC-2024-00255;2024-11-26;USD;56296.51;FACTORING;FCT-2024-0064
COB-002002;DOC-2024-00650;2024-11-26;CLP;4912440;TRANSFERENCIA;
COB-001389;DOC-2024-00375;2024-11-27;USD;4911.38;TRANSFERENCIA;FCT-2024-0036
COB-001508;DOC-2024-00106;2024-11-27;USD;32015.07;TRANSFERENCIA;
COB-001954;DOC-2024-00388;2024-11-27;CLP;7592311;TRANSFERENCIA;
COB-001962;DOC-2024-00812;2024-11-27;CLP;6447641;TRANSFERENCIA;
COB-001181;DOC-2024-00206;2024-11-28;USD;12495.8;TRANSFERENCIA;
COB-001544;DOC-2024-00153;2024-11-28;USD;19985.65;CHEQUE;
COB-001743;DOC-2024-01037;2024-11-28;CLP;10039711;TRANSFERENCIA;
COB-001834;DOC-2024-01249;2024-11-28;CLP;8922206;TRANSFERENCIA;
COB-001890;DOC-2024-01525;2024-11-28;CLP;2262240;CHEQUE;
COB-001928;DOC-2024-01088;2024-11-28;CLP;2628509;CHEQUE;
COB-001988;DOC-2024-01571;2024-11-28;CLP;944583;CHEQUE;
COB-002017;DOC-2024-00279;2024-11-28;USD;28015.56;FACTORING;FCT-2024-0066
COB-000065;DOC-2024-01318;2024-11-29;CLP;5105719;TRANSFERENCIA;
COB-000940;DOC-2024-00653;2024-11-29;CLP;3582722;TRANSFERENCIA;
COB-001546;DOC-2024-00667;2024-11-29;CLP;14964070;TRANSFERENCIA;
COB-001568;DOC-2024-00648;2024-11-29;CLP;2611487;TRANSFERENCIA;
COB-001570;DOC-2024-01240;2024-11-29;CLP;1357249;TRANSFERENCIA;
COB-001705;DOC-2024-01844;2024-11-29;CLP;42556651;CHEQUE;
COB-001757;DOC-2024-00289;2024-11-29;USD;15807.08;TRANSFERENCIA;
COB-001791;DOC-2024-00708;2024-11-29;CLP;4870750;COMPENSACION;
COB-001812;DOC-2024-01557;2024-11-29;CLP;25816430;TRANSFERENCIA;
COB-001994;DOC-2024-00527;2024-11-29;CLP;15968587;TRANSFERENCIA;
COB-000908;DOC-2024-01894;2024-12-02;CLP;1638444;TRANSFERENCIA;
COB-001023;DOC-2024-01457;2024-12-02;CLP;5411770;TRANSFERENCIA;
COB-001319;DOC-2024-00419;2024-12-02;CLP;11811111;TRANSFERENCIA;
COB-001369;DOC-2024-00918;2024-12-02;CLP;8544342;TRANSFERENCIA;
COB-001443;DOC-2024-00251;2024-12-02;USD;125724.52;TRANSFERENCIA;
COB-001454;DOC-2024-00053;2024-12-02;USD;12888.4;TRANSFERENCIA;FCT-2024-0038
COB-001605;DOC-2024-01219;2024-12-02;CLP;3287266;TRANSFERENCIA;
COB-001639;DOC-2024-00143;2024-12-02;USD;17569.16;TRANSFERENCIA;
COB-001655;DOC-2024-01004;2024-12-02;CLP;1351857;TRANSFERENCIA;
COB-001742;DOC-2024-00998;2024-12-02;CLP;6603193;TRANSFERENCIA;
COB-001753;DOC-2024-01828;2024-12-02;CLP;51765482;TRANSFERENCIA;
COB-001780;DOC-2024-00029;2024-12-02;CLP;20550399;TRANSFERENCIA;
COB-001836;DOC-2024-00040;2024-12-02;USD;249330.13;TRANSFERENCIA;
COB-001850;DOC-2024-00927;2024-12-02;CLP;8503890;TRANSFERENCIA;
COB-001857;DOC-2024-01888;2024-12-02;CLP;10709142;TRANSFERENCIA;
COB-001858;DOC-2024-01937;2024-12-02;CLP;6445090;TRANSFERENCIA;
COB-001882;DOC-2024-00949;2024-12-02;CLP;9632920;TRANSFERENCIA;
COB-002007;DOC-2024-00907;2024-12-02;CLP;5071387;TRANSFERENCIA;
COB-002013;DOC-2024-01510;2024-12-02;CLP;1413762;TRANSFERENCIA;
COB-002119;DOC-2024-00134;2024-12-02;USD;18774.5;FACTORING;FCT-2024-0070
COB-002132;DOC-2024-00190;2024-12-02;USD;75102.62;FACTORING;FCT-2024-0073
COB-001267;DOC-2024-01763;2024-12-03;CLP;8966175;TRANSFERENCIA;
COB-001279;DOC-2024-00249;2024-12-03;USD;2389.01;TRANSFERENCIA;FCT-2024-0034
COB-001414;DOC-2024-00232;2024-12-03;USD;26799.48;TRANSFERENCIA;
COB-001462;DOC-2024-01355;2024-12-03;CLP;3655079;TRANSFERENCIA;
COB-001563;DOC-2024-00802;2024-12-03;CLP;2038176;TRANSFERENCIA;
COB-001677;DOC-2024-01176;2024-12-03;CLP;612883;TRANSFERENCIA;
COB-000115;DOC-2024-01765;2024-12-04;CLP;4166164;TRANSFERENCIA;
COB-000166;DOC-2024-00951;2024-12-04;CLP;1019278;TRANSFERENCIA;
COB-000578;DOC-2024-01236;2024-12-04;CLP;5665420;CHEQUE;
COB-000903;DOC-2024-00777;2024-12-04;CLP;5260246;TRANSFERENCIA;
COB-000995;DOC-2024-01358;2024-12-04;CLP;2361713;TRANSFERENCIA;
COB-001340;DOC-2024-01550;2024-12-04;CLP;18919599;TRANSFERENCIA;
COB-001536;DOC-2024-00078;2024-12-04;USD;23075.85;TRANSFERENCIA;FCT-2024-0042
COB-001749;DOC-2024-01495;2024-12-04;CLP;4354554;CHEQUE;
COB-002003;DOC-2024-00746;2024-12-04;CLP;7126843;TRANSFERENCIA;
COB-001498;DOC-2024-00352;2024-12-05;USD;88348.9;CHEQUE;
COB-001670;DOC-2024-00825;2024-12-05;CLP;9673385;TRANSFERENCIA;
COB-001746;DOC-2024-01388;2024-12-05;CLP;6565530;TRANSFERENCIA;
COB-001982;DOC-2024-00612;2024-12-05;CLP;2574463;TRANSFERENCIA;
COB-002162;DOC-2024-00181;2024-12-05;USD;93658.28;FACTORING;FCT-2024-0075
COB-000658;DOC-2024-01143;2024-12-06;CLP;6405804;TRANSFERENCIA;
COB-001288;DOC-2024-01175;2024-12-06;CLP;9938994;TRANSFERENCIA;
COB-001308;DOC-2024-01265;2024-12-06;CLP;3008689;TRANSFERENCIA;
COB-001686;DOC-2024-01726;2024-12-06;CLP;6776128;TRANSFERENCIA;
COB-001765;DOC-2024-01361;2024-12-06;CLP;2464429;TRANSFERENCIA;
COB-001837;DOC-2024-00083;2024-12-06;CLP;201214735;CHEQUE;
COB-001841;DOC-2024-00342;2024-12-06;USD;48949.51;TRANSFERENCIA;
COB-001918;DOC-2024-00511;2024-12-06;CLP;5521333;TRANSFERENCIA;
COB-001971;DOC-2024-01560;2024-12-06;CLP;8276413;TRANSFERENCIA;
COB-002021;DOC-2024-01086;2024-12-06;CLP;7677628;TRANSFERENCIA;
COB-002121;DOC-2024-00227;2024-12-06;USD;29187.52;FACTORING;FCT-2024-0072
COB-000020;DOC-2024-01566;2024-12-09;CLP;356878;TRANSFERENCIA;
COB-000987;DOC-2024-00757;2024-12-09;CLP;11175033;TRANSFERENCIA;
COB-001287;DOC-2024-00288;2024-12-09;USD;37179.27;TRANSFERENCIA;
COB-001332;DOC-2024-00207;2024-12-09;USD;39690.78;TRANSFERENCIA;
COB-001395;DOC-2024-01702;2024-12-09;CLP;14281243;TRANSFERENCIA;
COB-001538;DOC-2024-00962;2024-12-09;CLP;13493883;TRANSFERENCIA;
COB-001550;DOC-2024-00085;2024-12-09;USD;1494.08;TRANSFERENCIA;FCT-2024-0043
COB-001581;DOC-2024-00318;2024-12-09;CLP;43179183;TRANSFERENCIA;
COB-001646;DOC-2024-00544;2024-12-09;CLP;13853262;TRANSFERENCIA;
COB-001661;DOC-2024-00297;2024-12-09;USD;43887.91;CHEQUE;
COB-001675;DOC-2024-01161;2024-12-09;CLP;7581121;TRANSFERENCIA;
COB-001683;DOC-2024-01523;2024-12-09;CLP;5183883;TRANSFERENCIA;
COB-001754;DOC-2024-01886;2024-12-09;CLP;34730452;TRANSFERENCIA;
COB-001755;DOC-2024-00166;2024-12-09;CLP;43172393;TRANSFERENCIA;
COB-001777;DOC-2024-01115;2024-12-09;CLP;4967202;TRANSFERENCIA;
COB-001797;DOC-2024-01353;2024-12-09;CLP;1643056;TRANSFERENCIA;
COB-001846;DOC-2024-00597;2024-12-09;CLP;11856141;TRANSFERENCIA;
COB-001852;DOC-2024-01357;2024-12-09;CLP;2684958;TRANSFERENCIA;
COB-001881;DOC-2024-00934;2024-12-09;CLP;9452651;TRANSFERENCIA;
COB-001896;DOC-2024-00413;2024-12-09;CLP;31861603;TRANSFERENCIA;
COB-001934;DOC-2024-01587;2024-12-09;CLP;4468941;TRANSFERENCIA;
COB-001979;DOC-2024-01952;2024-12-09;CLP;6194451;CHEQUE;
COB-002072;DOC-2024-01687;2024-12-09;CLP;2763062;CHEQUE;
COB-002095;DOC-2024-00337;2024-12-09;USD;144006.27;FACTORING;FCT-2024-0069
COB-002120;DOC-2024-00203;2024-12-09;USD;35557.84;FACTORING;FCT-2024-0071
COB-002137;DOC-2024-00858;2024-12-09;CLP;2974574;TRANSFERENCIA;
COB-002153;DOC-2024-00036;2024-12-09;USD;94129.88;FACTORING;FCT-2024-0074
COB-002183;DOC-2024-00723;2024-12-09;CLP;4146365;CHEQUE;
COB-000417;DOC-2024-00748;2024-12-11;CLP;2156052;TRANSFERENCIA;
COB-001580;DOC-2024-00229;2024-12-11;USD;32416.06;TRANSFERENCIA;
COB-001958;DOC-2024-00480;2024-12-11;CLP;15341331;TRANSFERENCIA;
COB-000655;DOC-2024-01466;2024-12-12;CLP;5037246;TRANSFERENCIA;
COB-001179;DOC-2024-01839;2024-12-12;CLP;11184477;COMPENSACION;
COB-001350;DOC-2024-00817;2024-12-12;CLP;8361317;TRANSFERENCIA;
COB-001418;DOC-2024-00328;2024-12-12;USD;58070.46;TRANSFERENCIA;
COB-001637;DOC-2024-00055;2024-12-12;USD;158208.34;TRANSFERENCIA;
COB-001864;DOC-2024-01928;2024-12-12;CLP;3129397;TRANSFERENCIA;
COB-002056;DOC-2024-00790;2024-12-12;CLP;7392483;TRANSFERENCIA;
COB-002106;DOC-2024-00623;2024-12-12;CLP;1739632;TRANSFERENCIA;
COB-002110;DOC-2024-01567;2024-12-12;CLP;2119929;CHEQUE;
COB-002248;DOC-2024-01046;2024-12-12;CLP;3959958;TRANSFERENCIA;
COB-000504;DOC-2024-00940;2024-12-13;CLP;9172890;CHEQUE;
COB-000714;DOC-2024-01897;2024-12-13;CLP;1619545;CHEQUE;
COB-001361;DOC-2024-01398;2024-12-13;CLP;8659044;TRANSFERENCIA;
COB-001510;DOC-2024-00299;2024-12-13;USD;17873.0;CHEQUE;
COB-001759;DOC-2024-00335;2024-12-13;USD;52349.81;TRANSFERENCIA;
COB-001849;DOC-2024-00840;2024-12-13;CLP;7113162;TRANSFERENCIA;
COB-002032;DOC-2024-01397;2024-12-13;CLP;5817167;TRANSFERENCIA;
COB-002037;DOC-2024-01496;2024-12-13;CLP;3315855;TRANSFERENCIA;
COB-000654;DOC-2024-00770;2024-12-16;CLP;1620112;CHEQUE;
COB-000916;DOC-2024-01228;2024-12-16;CLP;12233179;COMPENSACION;
COB-001265;DOC-2024-01620;2024-12-16;CLP;16552716;CHEQUE;
COB-001268;DOC-2024-00021;2024-12-16;USD;137384.78;TRANSFERENCIA;
COB-001442;DOC-2024-00113;2024-12-16;USD;59177.49;TRANSFERENCIA;
COB-001467;DOC-2024-01993;2024-12-16;CLP;19336630;TRANSFERENCIA;
COB-001524;DOC-2024-01904;2024-12-16;CLP;5997951;TRANSFERENCIA;
COB-001539;DOC-2024-01017;2024-12-16;CLP;8953436;TRANSFERENCIA;
COB-001548;DOC-2024-01947;2024-12-16;CLP;26245033;TRANSFERENCIA;
COB-001585;DOC-2024-00566;2024-12-16;CLP;6705253;TRANSFERENCIA;
COB-001660;DOC-2024-00045;2024-12-16;USD;25156.28;TRANSFERENCIA;
COB-001669;DOC-2024-00820;2024-12-16;CLP;5384161;TRANSFERENCIA;
COB-001741;DOC-2024-00924;2024-12-16;CLP;3015009;TRANSFERENCIA;
COB-001775;DOC-2024-00784;2024-12-16;CLP;4409086;TRANSFERENCIA;
COB-001839;DOC-2024-00235;2024-12-16;USD;34908.23;CHEQUE;
COB-001897;DOC-2024-00795;2024-12-16;CLP;3538359;TRANSFERENCIA;
COB-001906;DOC-2024-00930;2024-12-16;CLP;4634925;TRANSFERENCIA;
COB-001915;DOC-2024-02010;2024-12-16;CLP;3315808;TRANSFERENCIA;
COB-002014;DOC-2024-01510;2024-12-16;CLP;2313564;TRANSFERENCIA;
COB-002022;DOC-2024-01413;2024-12-16;CLP;12315588;TRANSFERENCIA;
COB-002236;DOC-2024-00023;2024-12-16;USD;78353.34;FACTORING;FCT-2024-0076
COB-001726;DOC-2024-01791;2024-12-17;CLP;23092896;CHEQUE;
COB-001877;DOC-2024-00440;2024-12-17;CLP;3676947;TRANSFERENCIA;
COB-002054;DOC-2024-00742;2024-12-17;CLP;2905640;TRANSFERENCIA;
COB-002063;DOC-2024-01148;2024-12-17;CLP;18954024;CHEQUE;
COB-002075;DOC-2024-01812;2024-12-17;CLP;20251739;TRANSFERENCIA;
COB-002133;DOC-2024-00471;2024-12-17;CLP;3499138;TRANSFERENCIA;
COB-001095;DOC-2024-00895;2024-12-18;CLP;4317977;TRANSFERENCIA;
COB-001606;DOC-2024-01229;2024-12-18;CLP;4957086;TRANSFERENCIA;
COB-001710;DOC-2024-00345;2024-12-18;USD;15226.79;TRANSFERENCIA;
COB-001732;DOC-2024-01809;2024-12-18;CLP;3496908;CHEQUE;
COB-002026;DOC-2024-01867;2024-12-18;CLP;6137700;TRANSFERENCIA;
COB-002087;DOC-2024-01381;2024-12-18;CLP;3387652;TRANSFERENCIA;
COB-000874;DOC-2024-00444;2024-12-19;CLP;2470161;TRANSFERENCIA;
COB-001567;DOC-2024-00546;2024-12-19;CLP;5109112;TRANSFERENCIA;
COB-001649;DOC-2024-00669;2024-12-19;CLP;3977235;CHEQUE;
COB-001734;DOC-2024-00376;2024-12-19;CLP;110642285;TRANSFERENCIA;
COB-001782;DOC-2024-00035;2024-12-19;USD;5053.67;TRANSFERENCIA;FCT-2024-0056
COB-001874;DOC-2024-01061;2024-12-19;CLP;4682604;TRANSFERENCIA;
COB-001901;DOC-2024-00628;2024-12-19;CLP;5798758;TRANSFERENCIA;
COB-001942;DOC-2024-01875;2024-12-19;CLP;10225512;TRANSFERENCIA;
COB-002041;DOC-2024-00605;2024-12-19;CLP;3493589;TRANSFERENCIA;
COB-002101;DOC-2024-01459;2024-12-19;CLP;8076287;TRANSFERENCIA;
COB-002123;DOC-2024-00872;2024-12-19;CLP;5096361;CHEQUE;
COB-000728;DOC-2024-01379;2024-12-20;CLP;1977090;TRANSFERENCIA;
COB-001257;DOC-2024-00691;2024-12-20;CLP;646477;TRANSFERENCIA;
COB-001334;DOC-2024-00712;2024-12-20;CLP;5503217;TRANSFERENCIA;
COB-001715;DOC-2024-00034;2024-12-20;USD;222333.61;TRANSFERENCIA;
COB-001718;DOC-2024-00217;2024-12-20;USD;32444.11;TRANSFERENCIA;
COB-001826;DOC-2024-01913;2024-12-20;CLP;35637386;TRANSFERENCIA;
COB-001907;DOC-2024-01084;2024-12-20;CLP;4927692;TRANSFERENCIA;
COB-001964;DOC-2024-00844;2024-12-20;CLP;4035658;CHEQUE;
COB-002161;DOC-2024-01372;2024-12-20;CLP;5343514;TRANSFERENCIA;
COB-002312;DOC-2024-01028;2024-12-20;CLP;9342723;CHEQUE;
COB-000037;DOC-2024-00846;2024-12-23;CLP;18980423;CHEQUE;
COB-000858;DOC-2024-00911;2024-12-23;CLP;6277257;TRANSFERENCIA;
COB-000939;DOC-2024-00602;2024-12-23;CLP;171315;TRANSFERENCIA;
COB-001354;DOC-2024-01386;2024-12-23;CLP;13847018;TRANSFERENCIA;
COB-001582;DOC-2024-00438;2024-12-23;CLP;2376207;TRANSFERENCIA;
COB-001624;DOC-2024-00456;2024-12-23;CLP;5555036;CHEQUE;
COB-001784;DOC-2024-00114;2024-12-23;USD;6831.11;TRANSFERENCIA;
COB-001817;DOC-2024-01794;2024-12-23;CLP;15854384;TRANSFERENCIA;
COB-001818;DOC-2024-01841;2024-12-23;CLP;5728453;TRANSFERENCIA;
COB-001923;DOC-2024-00719;2024-12-23;CLP;3954776;TRANSFERENCIA;
COB-001949;DOC-2024-00210;2024-12-23;USD;82400.33;TRANSFERENCIA;
COB-001999;DOC-2024-01736;2024-12-23;CLP;18634386;TRANSFERENCIA;
COB-002023;DOC-2024-01666;2024-12-23;CLP;4840549;TRANSFERENCIA;
COB-001055;DOC-2024-01779;2024-12-24;CLP;1903255;TRANSFERENCIA;
COB-001379;DOC-2024-00314;2024-12-24;USD;8138.68;TRANSFERENCIA;
COB-001678;DOC-2024-01214;2024-12-24;CLP;4747856;TRANSFERENCIA;
COB-001711;DOC-2024-00737;2024-12-24;CLP;4044832;TRANSFERENCIA;
COB-001771;DOC-2024-00022;2024-12-24;USD;224878.53;TRANSFERENCIA;
COB-001866;DOC-2024-00224;2024-12-24;USD;41622.6;COMPENSACION;
COB-002111;DOC-2024-01567;2024-12-24;CLP;2171724;TRANSFERENCIA;
COB-001120;DOC-2024-00179;2024-12-26;CLP;34849840;TRANSFERENCIA;
COB-001509;DOC-2024-00214;2024-12-26;USD;64486.51;TRANSFERENCIA;
COB-001572;DOC-2024-01291;2024-12-26;CLP;530296;CHEQUE;
COB-001663;DOC-2024-00012;2024-12-26;USD;11297.78;TRANSFERENCIA;FCT-2024-0048
COB-001724;DOC-2024-00476;2024-12-26;CLP;13173250;TRANSFERENCIA;
COB-001735;DOC-2024-00377;2024-12-26;USD;54191.77;TRANSFERENCIA;
COB-001786;DOC-2024-00300;2024-12-26;USD;144848.32;TRANSFERENCIA;
COB-001800;DOC-2024-01757;2024-12-26;CLP;6340857;TRANSFERENCIA;
COB-001855;DOC-2024-01681;2024-12-26;CLP;9628528;TRANSFERENCIA;
COB-001886;DOC-2024-01384;2024-12-26;CLP;1429249;TRANSFERENCIA;
COB-001917;DOC-2024-00465;2024-12-26;CLP;20957270;TRANSFERENCIA;
COB-001969;DOC-2024-01444;2024-12-26;CLP;5392860;CHEQUE;
COB-001970;DOC-2024-01531;2024-12-26;CLP;18754536;TRANSFERENCIA;
COB-002085;DOC-2024-01131;2024-12-26;CLP;12765621;TRANSFERENCIA;
COB-002144;DOC-2024-01266;2024-12-26;CLP;831539;TRANSFERENCIA;
COB-002182;DOC-2024-01914;2024-12-26;CLP;1854553;TRANSFERENCIA;
COB-001274;DOC-2024-01818;2024-12-27;CLP;3753119;TRANSFERENCIA;
COB-001688;DOC-2024-00170;2024-12-27;USD;7710.23;TRANSFERENCIA;
COB-001758;DOC-2024-00289;2024-12-27;USD;17905.83;TRANSFERENCIA;
COB-001811;DOC-2024-01492;2024-12-27;CLP;6121898;TRANSFERENCIA;
COB-001975;DOC-2024-01823;2024-12-27;CLP;5395473;TRANSFERENCIA;
COB-002108;DOC-2024-01071;2024-12-27;CLP;1792013;TRANSFERENCIA;
COB-002326;DOC-2024-00792;2024-12-27;CLP;1107466;TRANSFERENCIA;
COB-002374;DOC-2024-00384;2024-12-27;CLP;6952262;CHEQUE;
COB-000909;DOC-2024-01894;2024-12-30;CLP;1638444;TRANSFERENCIA;
COB-001071;DOC-2024-01364;2024-12-30;CLP;12530485;TRANSFERENCIA;
COB-001238;DOC-2024-01242;2024-12-30;CLP;4324933;TRANSFERENCIA;
COB-001380;DOC-2024-00586;2024-12-30;CLP;10878239;TRANSFERENCIA;
COB-001629;DOC-2024-00285;2024-12-30;USD;120228.01;TRANSFERENCIA;
COB-001947;DOC-2024-00130;2024-12-30;USD;38065.21;TRANSFERENCIA;
COB-001987;DOC-2024-00704;2024-12-30;CLP;6485428;TRANSFERENCIA;
COB-002025;DOC-2024-01815;2024-12-30;CLP;2462311;TRANSFERENCIA;
COB-002046;DOC-2024-01743;2024-12-30;CLP;7581780;TRANSFERENCIA;
COB-002113;DOC-2024-01941;2024-12-30;CLP;9764374;TRANSFERENCIA;
COB-002124;DOC-2024-01230;2024-12-30;CLP;10654350;TRANSFERENCIA;
COB-002134;DOC-2024-00471;2024-12-30;CLP;4057452;TRANSFERENCIA;
COB-002160;DOC-2024-01344;2024-12-30;CLP;35896870;TRANSFERENCIA;
COB-002212;DOC-2024-00744;2024-12-30;CLP;3720623;TRANSFERENCIA;
COB-002320;DOC-2024-00151;2024-12-30;USD;194763.2;FACTORING;FCT-2024-0078
COB-001600;DOC-2024-01930;2024-12-31;CLP;15221726;TRANSFERENCIA;
COB-001651;DOC-2024-00876;2024-12-31;CLP;6458206;TRANSFERENCIA;
COB-001930;DOC-2024-01182;2024-12-31;CLP;9700866;TRANSFERENCIA;
COB-001956;DOC-2024-00478;2024-12-31;CLP;1833133;TRANSFERENCIA;
COB-002049;DOC-2024-01969;2024-12-31;CLP;23926034;TRANSFERENCIA;
COB-001444;DOC-2024-00675;2025-01-02;CLP;4561986;TRANSFERENCIA;
COB-001483;DOC-2024-01044;2025-01-02;CLP;19159569;TRANSFERENCIA;
COB-001712;DOC-2024-00737;2025-01-02;CLP;5600883;TRANSFERENCIA;
COB-001720;DOC-2024-00508;2025-01-02;CLP;1898922;TRANSFERENCIA;
COB-001783;DOC-2024-00092;2025-01-02;USD;116042.26;TRANSFERENCIA;
COB-002089;DOC-2024-01526;2025-01-02;CLP;1295729;TRANSFERENCIA;
COB-002093;DOC-2024-01776;2025-01-02;CLP;8252694;TRANSFERENCIA;
COB-002103;DOC-2024-00396;2025-01-02;CLP;10980068;TRANSFERENCIA;
COB-002165;DOC-2024-00765;2025-01-02;CLP;1751894;TRANSFERENCIA;
COB-002168;DOC-2024-01055;2025-01-02;CLP;2485082;TRANSFERENCIA;
COB-002244;DOC-2024-00135;2025-01-02;USD;92847.12;FACTORING;FCT-2024-0077
COB-002379;DOC-2024-00050;2025-01-02;USD;10921.29;FACTORING;FCT-2024-0080
COB-001480;DOC-2024-00749;2025-01-03;CLP;9434183;TRANSFERENCIA;
COB-001792;DOC-2024-00708;2025-01-03;CLP;4275404;TRANSFERENCIA;
COB-001965;DOC-2024-00860;2025-01-03;CLP;4290294;TRANSFERENCIA;
COB-001989;DOC-2024-01571;2025-01-03;CLP;627694;TRANSFERENCIA;
COB-000715;DOC-2024-01897;2025-01-06;CLP;924963;TRANSFERENCIA;
COB-000750;DOC-2024-01944;2025-01-06;CLP;58015723;TRANSFERENCIA;
COB-001168;DOC-2024-01039;2025-01-06;CLP;3283698;TRANSFERENCIA;
COB-001283;DOC-2024-01589;2025-01-06;CLP;1230911;TRANSFERENCIA;
COB-001417;DOC-2024-00254;2025-01-06;CLP;22043325;TRANSFERENCIA;
COB-001625;DOC-2024-00456;2025-01-06;CLP;7087085;TRANSFERENCIA;
COB-001643;DOC-2024-00408;2025-01-06;CLP;6511899;TRANSFERENCIA;
COB-001814;DOC-2024-01968;2025-01-06;CLP;61142588;TRANSFERENCIA;
COB-001966;DOC-2024-01009;2025-01-06;CLP;5407242;TRANSFERENCIA;
COB-002033;DOC-2024-01851;2025-01-06;CLP;64939158;TRANSFERENCIA;
COB-002062;DOC-2024-00956;2025-01-06;CLP;3919916;CHEQUE;
COB-002073;DOC-2024-01701;2025-01-06;CLP;4642154;CHEQUE;
COB-002084;DOC-2024-00808;2025-01-06;CLP;6035160;TRANSFERENCIA;
COB-002097;DOC-2024-00553;2025-01-06;CLP;1819668;TRANSFERENCIA;
COB-002117;DOC-2024-01813;2025-01-06;CLP;7136104;CHEQUE;
COB-002139;DOC-2024-01597;2025-01-06;CLP;2904420;TRANSFERENCIA;
COB-002156;DOC-2024-01092;2025-01-06;CLP;15931530;TRANSFERENCIA;
COB-002278;DOC-2024-01210;2025-01-06;CLP;13005664;TRANSFERENCIA;
COB-002281;DOC-2024-01426;2025-01-06;CLP;8944564;TRANSFERENCIA;
COB-000474;DOC-2024-01191;2025-01-07;CLP;7750503;CHEQUE;
COB-000875;DOC-2024-00444;2025-01-07;CLP;2173234;TRANSFERENCIA;
COB-001192;DOC-2024-01096;2025-01-07;CLP;6078275;CHEQUE;
COB-001306;DOC-2024-00615;2025-01-07;CLP;9407604;TRANSFERENCIA;
COB-001355;DOC-2024-01386;2025-01-07;CLP;23667523;TRANSFERENCIA;
COB-001635;DOC-2024-01232;2025-01-07;CLP;63598547;TRANSFERENCIA;
COB-001829;DOC-2024-00588;2025-01-07;CLP;16458482;TRANSFERENCIA;
COB-001978;DOC-2024-01829;2025-01-07;CLP;20866955;CHEQUE;
COB-002321;DOC-2024-00182;2025-01-07;USD;36877.6;FACTORING;FCT-2024-0079
COB-000898;DOC-2024-01221;2025-01-08;CLP;7196805;TRANSFERENCIA;
COB-001583;DOC-2024-00438;2025-01-08;CLP;1818445;TRANSFERENCIA;
COB-001693;DOC-2024-00237;2025-01-08;USD;3426.8;TRANSFERENCIA;FCT-2024-0050
COB-002298;DOC-2024-00791;2025-01-08;CLP;5762564;TRANSFERENCIA;
COB-002381;DOC-2024-00111;2025-01-08;USD;67102.82;FACTORING;FCT-2024-0081
COB-002024;DOC-2024-01666;2025-01-09;CLP;7610225;TRANSFERENCIA;
COB-002135;DOC-2024-00507;2025-01-09;CLP;2034872;CHEQUE;
COB-002268;DOC-2024-00522;2025-01-09;CLP;902933;CHEQUE;
COB-001381;DOC-2024-00672;2025-01-10;CLP;4899149;CHEQUE;
COB-001891;DOC-2024-01525;2025-01-10;CLP;2681502;TRANSFERENCIA;
COB-002048;DOC-2024-01764;2025-01-10;CLP;7382720;TRANSFERENCIA;
COB-002316;DOC-2024-01338;2025-01-10;CLP;5737530;TRANSFERENCIA;
COB-000167;DOC-2024-00951;2025-01-13;CLP;838203;CHEQUE;
COB-001258;DOC-2024-00691;2025-01-13;CLP;767322;TRANSFERENCIA;
COB-001499;DOC-2024-00352;2025-01-13;USD;79000.06;TRANSFERENCIA;
COB-001597;DOC-2024-01691;2025-01-13;CLP;8024070;TRANSFERENCIA;
COB-001612;DOC-2024-00707;2025-01-13;CLP;660577;TRANSFERENCIA;
COB-001770;DOC-2024-00017;2025-01-13;USD;8231.42;TRANSFERENCIA;FCT-2024-0055
COB-001803;DOC-2024-01799;2025-01-13;CLP;25041647;TRANSFERENCIA;
COB-001816;DOC-2024-00128;2025-01-13;USD;7470.3;TRANSFERENCIA;FCT-2024-0057
COB-001820;DOC-2024-00287;2025-01-13;USD;266831.72;TRANSFERENCIA;
COB-001900;DOC-2024-00363;2025-01-13;USD;103702.9;TRANSFERENCIA;
COB-001995;DOC-2024-00801;2025-01-13;CLP;6566339;TRANSFERENCIA;
COB-002011;DOC-2024-01316;2025-01-13;CLP;406184;CHEQUE;
COB-002055;DOC-2024-00764;2025-01-13;CLP;23136906;TRANSFERENCIA;
COB-002076;DOC-2024-01895;2025-01-13;CLP;7066641;TRANSFERENCIA;
COB-002114;DOC-2024-00032;2025-01-13;USD;39937.47;TRANSFERENCIA;
COB-002197;DOC-2024-01223;2025-01-13;CLP;5248773;TRANSFERENCIA;
COB-002214;DOC-2024-00841;2025-01-13;CLP;4029674;TRANSFERENCIA;
COB-002273;DOC-2024-00659;2025-01-13;CLP;3067102;TRANSFERENCIA;
COB-002346;DOC-2024-01933;2025-01-13;CLP;9945040;TRANSFERENCIA;
COB-004279;DOC-2025-96588;2025-01-13;CLP;5251359;CHEQUE;
COB-004310;DOC-2024-90043;2025-01-13;CLP;8548064;TRANSFERENCIA;
COB-001229;DOC-2024-00115;2025-01-14;USD;5923.54;TRANSFERENCIA;
COB-001859;DOC-2024-01987;2025-01-14;CLP;18121046;TRANSFERENCIA;
COB-001872;DOC-2024-00060;2025-01-14;USD;23404.43;CHEQUE;
COB-001935;DOC-2024-01709;2025-01-14;CLP;2815997;TRANSFERENCIA;
COB-001506;DOC-2024-00028;2025-01-15;USD;7765.93;TRANSFERENCIA;FCT-2024-0041
COB-001630;DOC-2024-00367;2025-01-15;USD;179582.57;TRANSFERENCIA;
COB-001860;DOC-2024-01016;2025-01-15;CLP;2279017;CHEQUE;
COB-001980;DOC-2024-00095;2025-01-15;USD;213364.23;TRANSFERENCIA;
COB-002018;DOC-2024-00532;2025-01-15;CLP;3228159;TRANSFERENCIA;
COB-002188;DOC-2024-01907;2025-01-15;CLP;8590813;TRANSFERENCIA;
COB-002221;DOC-2024-01474;2025-01-15;CLP;2849001;TRANSFERENCIA;
COB-002360;DOC-2024-00469;2025-01-15;CLP;3966350;TRANSFERENCIA;
COB-000021;DOC-2024-01566;2025-01-16;CLP;356878;TRANSFERENCIA;
COB-000182;DOC-2024-00599;2025-01-16;CLP;6391604;TRANSFERENCIA;
COB-000742;DOC-2024-00857;2025-01-16;CLP;1360265;TRANSFERENCIA;
COB-001798;DOC-2024-01353;2025-01-16;CLP;2421949;TRANSFERENCIA;
COB-001838;DOC-2024-00117;2025-01-16;USD;105344.43;TRANSFERENCIA;
COB-001840;DOC-2024-00327;2025-01-16;USD;9482.72;TRANSFERENCIA;
COB-002366;DOC-2024-01332;2025-01-16;CLP;23415747;TRANSFERENCIA;
COB-001819;DOC-2024-01841;2025-01-17;CLP;4770327;TRANSFERENCIA;
COB-001847;DOC-2024-00611;2025-01-17;CLP;30598757;TRANSFERENCIA;
COB-001878;DOC-2024-00440;2025-01-17;CLP;2930262;TRANSFERENCIA;
COB-001883;DOC-2024-01023;2025-01-17;CLP;1790724;TRANSFERENCIA;
COB-002006;DOC-2024-00890;2025-01-17;CLP;2037236;TRANSFERENCIA;
COB-002112;DOC-2024-01780;2025-01-17;CLP;10653595;CHEQUE;
COB-002249;DOC-2024-01046;2025-01-17;CLP;6379791;TRANSFERENCIA;
COB-002414;DOC-2025-02220;2025-01-17;USD;70520.72;FACTORING;FCT-2025-0082
COB-000656;DOC-2024-01466;2025-01-20;CLP;5084080;TRANSFERENCIA;
COB-001601;DOC-2024-01930;2025-01-20;CLP;16431672;CHEQUE;
COB-001865;DOC-2024-00061;2025-01-20;USD;18687.28;TRANSFERENCIA;
COB-001894;DOC-2024-01783;2025-01-20;CLP;13530114;TRANSFERENCIA;
COB-001943;DOC-2024-01908;2025-01-20;CLP;22568508;TRANSFERENCIA;
COB-001968;DOC-2024-01076;2025-01-20;CLP;11474354;TRANSFERENCIA;
COB-002027;DOC-2024-01867;2025-01-20;CLP;7079000;TRANSFERENCIA;
COB-002047;DOC-2024-01743;2025-01-20;CLP;7581780;TRANSFERENCIA;
COB-002052;DOC-2024-00627;2025-01-20;CLP;7858528;TRANSFERENCIA;
COB-002064;DOC-2024-01295;2025-01-20;CLP;5622790;TRANSFERENCIA;
COB-002118;DOC-2024-02021;2025-01-20;CLP;38406023;TRANSFERENCIA;
COB-002154;DOC-2024-00992;2025-01-20;CLP;3484123;TRANSFERENCIA;
COB-002242;DOC-2024-01769;2025-01-20;CLP;22371742;CHEQUE;
COB-002256;DOC-2024-00429;2025-01-20;CLP;7516670;TRANSFERENCIA;
COB-002282;DOC-2024-01481;2025-01-20;CLP;10709744;TRANSFERENCIA;
COB-002291;DOC-2024-01973;2025-01-20;CLP;2896446;TRANSFERENCIA;
COB-002388;DOC-2024-00521;2025-01-20;CLP;2167831;TRANSFERENCIA;
COB-002389;DOC-2024-00966;2025-01-20;CLP;4584208;TRANSFERENCIA;
COB-002416;DOC-2025-02462;2025-01-20;USD;122843.62;FACTORING;FCT-2025-0083
COB-002503;DOC-2025-03018;2025-01-20;CLP;2552707;TRANSFERENCIA;
COB-002077;DOC-2024-01895;2025-01-21;CLP;5806250;TRANSFERENCIA;
COB-002094;DOC-2024-01861;2025-01-21;CLP;50998132;TRANSFERENCIA;
COB-002362;DOC-2024-00921;2025-01-21;CLP;13271225;TRANSFERENCIA;
COB-001707;DOC-2024-01903;2025-01-22;CLP;107433390;TRANSFERENCIA;
COB-001920;DOC-2024-00614;2025-01-22;CLP;5983770;TRANSFERENCIA;
COB-002057;DOC-2024-00837;2025-01-22;CLP;5801009;CHEQUE;
COB-002412;DOC-2024-02017;2025-01-22;CLP;18250404;COMPENSACION;
COB-001750;DOC-2024-01549;2025-01-23;CLP;2182904;TRANSFERENCIA;
COB-001772;DOC-2024-00152;2025-01-23;USD;42870.99;TRANSFERENCIA;
COB-001957;DOC-2024-00478;2025-01-23;CLP;1276880;TRANSFERENCIA;
COB-002090;DOC-2024-01526;2025-01-23;CLP;1974565;COMPENSACION;
COB-002167;DOC-2024-00928;2025-01-23;CLP;17023293;TRANSFERENCIA;
COB-002173;DOC-2024-01419;2025-01-23;CLP;21288568;TRANSFERENCIA;
COB-002516;DOC-2025-02458;2025-01-23;USD;53225.15;FACTORING;FCT-2025-0087
COB-001596;DOC-2024-01494;2025-01-24;CLP;5965113;TRANSFERENCIA;
COB-001640;DOC-2024-00188;2025-01-24;USD;146460.01;TRANSFERENCIA;
COB-001689;DOC-2024-00170;2025-01-24;USD;7710.23;TRANSFERENCIA;
COB-001944;DOC-2024-00307;2025-01-24;USD;154702.67;TRANSFERENCIA;
COB-002107;DOC-2024-00623;2025-01-24;CLP;2780765;TRANSFERENCIA;
COB-002128;DOC-2024-01680;2025-01-24;CLP;31619383;CHEQUE;
COB-002145;DOC-2024-01266;2025-01-24;CLP;1328992;TRANSFERENCIA;
COB-002164;DOC-2024-00607;2025-01-24;CLP;3146202;TRANSFERENCIA;
COB-002325;DOC-2024-00680;2025-01-24;CLP;2967991;TRANSFERENCIA;
COB-002334;DOC-2024-01247;2025-01-24;CLP;5632459;TRANSFERENCIA;
COB-002351;DOC-2024-00406;2025-01-24;CLP;4875023;TRANSFERENCIA;
COB-002472;DOC-2025-02099;2025-01-24;USD;193467.35;FACTORING;FCT-2025-0086
COB-001298;DOC-2024-01109;2025-01-27;CLP;6204420;TRANSFERENCIA;
COB-001623;DOC-2024-00380;2025-01-27;USD;23256.47;TRANSFERENCIA;FCT-2024-0047
COB-001785;DOC-2024-00114;2025-01-27;USD;7022.05;TRANSFERENCIA;
COB-001856;DOC-2024-01681;2025-01-27;CLP;10499312;TRANSFERENCIA;
COB-001931;DOC-2024-01211;2025-01-27;CLP;13014017;TRANSFERENCIA;
COB-001990;DOC-2024-01940;2025-01-27;CLP;22558806;TRANSFERENCIA;
COB-002036;DOC-2024-01334;2025-01-27;CLP;8786041;TRANSFERENCIA;
COB-002125;DOC-2024-01244;2025-01-27;CLP;3705540;TRANSFERENCIA;
COB-002169;DOC-2024-01055;2025-01-27;CLP;3174903;TRANSFERENCIA;
COB-002271;DOC-2024-00645;2025-01-27;CLP;6397137;TRANSFERENCIA;
COB-002277;DOC-2024-01118;2025-01-27;CLP;8346495;CHEQUE;
COB-002317;DOC-2024-01693;2025-01-27;CLP;9190930;TRANSFERENCIA;
COB-002330;DOC-2024-00967;2025-01-27;CLP;3725026;CHEQUE;
COB-002353;DOC-2024-01015;2025-01-27;CLP;11233894;TRANSFERENCIA;
COB-002426;DOC-2025-02118;2025-01-27;USD;57190.74;FACTORING;FCT-2025-0084
COB-001997;DOC-2024-01625;2025-01-28;CLP;3864052;COMPENSACION;
COB-000703;DOC-2024-01462;2025-01-29;CLP;14790040;TRANSFERENCIA;
COB-001607;DOC-2024-01229;2025-01-29;CLP;7317167;TRANSFERENCIA;
COB-002031;DOC-2024-01060;2025-01-29;CLP;16603201;TRANSFERENCIA;
COB-002129;DOC-2024-01684;2025-01-29;CLP;47096954;TRANSFERENCIA;
COB-002198;DOC-2024-01223;2025-01-29;CLP;7433014;TRANSFERENCIA;
COB-002243;DOC-2024-01864;2025-01-29;CLP;11906470;CHEQUE;
COB-002253;DOC-2024-02012;2025-01-29;CLP;14744362;TRANSFERENCIA;
COB-002460;DOC-2025-02470;2025-01-29;USD;297541.12;FACTORING;FCT-2025-0085
COB-002495;DOC-2025-03131;2025-01-29;CLP;6802667;CHEQUE;
COB-001408;DOC-2024-01190;2025-01-30;CLP;935303;CHEQUE;
COB-001644;DOC-2024-00408;2025-01-30;CLP;3847295;TRANSFERENCIA;
COB-002215;DOC-2024-00863;2025-01-30;CLP;7757401;TRANSFERENCIA;
COB-002230;DOC-2024-01201;2025-01-30;CLP;13350792;TRANSFERENCIA;
COB-002233;DOC-2024-01929;2025-01-30;CLP;3154884;TRANSFERENCIA;
COB-002314;DOC-2024-01289;2025-01-30;CLP;5339749;TRANSFERENCIA;
COB-001053;DOC-2024-01606;2025-01-31;CLP;1285300;TRANSFERENCIA;
COB-002008;DOC-2024-00995;2025-01-31;CLP;4196323;TRANSFERENCIA;
COB-002012;DOC-2024-01316;2025-01-31;CLP;731197;TRANSFERENCIA;
COB-002067;DOC-2024-01368;2025-01-31;CLP;1670473;TRANSFERENCIA;
COB-002347;DOC-2024-01933;2025-01-31;CLP;6967336;TRANSFERENCIA;
COB-000022;DOC-2024-01566;2025-02-03;CLP;356878;TRANSFERENCIA;
COB-000805;DOC-2024-00460;2025-02-03;CLP;23709289;TRANSFERENCIA;
COB-001056;DOC-2024-01779;2025-02-03;CLP;1209231;CHEQUE;
COB-001100;DOC-2024-01592;2025-02-03;CLP;13191508;TRANSFERENCIA;
COB-001293;DOC-2024-00567;2025-02-03;CLP;5936231;TRANSFERENCIA;
COB-001304;DOC-2024-01032;2025-02-03;CLP;5297963;COMPENSACION;
COB-001372;DOC-2024-01312;2025-02-03;CLP;629593;TRANSFERENCIA;
COB-001835;DOC-2024-01423;2025-02-03;CLP;3520468;TRANSFERENCIA;
COB-002004;DOC-2024-00768;2025-02-03;CLP;6513668;TRANSFERENCIA;
COB-002035;DOC-2024-00701;2025-02-03;CLP;47472603;TRANSFERENCIA;
COB-002074;DOC-2024-01701;2025-02-03;CLP;7687242;TRANSFERENCIA;
COB-002170;DOC-2024-01285;2025-02-03;CLP;2923660;CHEQUE;
COB-002190;DOC-2024-00403;2025-02-03;CLP;18780416;CHEQUE;
COB-002196;DOC-2024-00961;2025-02-03;CLP;3480295;TRANSFERENCIA;
COB-002207;DOC-2024-00270;2025-02-03;USD;81044.9;TRANSFERENCIA;
COB-002220;DOC-2024-01251;2025-02-03;CLP;11734473;TRANSFERENCIA;
COB-002222;DOC-2024-01713;2025-02-03;CLP;2364116;TRANSFERENCIA;
COB-002250;DOC-2024-01103;2025-02-03;CLP;3135870;TRANSFERENCIA;
COB-002287;DOC-2024-02009;2025-02-03;CLP;15587488;TRANSFERENCIA;
COB-002303;DOC-2024-00939;2025-02-03;CLP;8104963;TRANSFERENCIA;
COB-002304;DOC-2024-01178;2025-02-03;CLP;1113350;TRANSFERENCIA;
COB-002311;DOC-2024-00694;2025-02-03;CLP;3662393;TRANSFERENCIA;
COB-002318;DOC-2024-01956;2025-02-03;CLP;24522601;TRANSFERENCIA;
COB-002352;DOC-2024-00743;2025-02-03;CLP;7595824;TRANSFERENCIA;
COB-002505;DOC-2025-03494;2025-02-03;CLP;11834897;TRANSFERENCIA;
COB-002539;DOC-2025-02414;2025-02-03;USD;308289.19;FACTORING;FCT-2025-0088
COB-002556;DOC-2025-03867;2025-02-03;CLP;9904368;TRANSFERENCIA;
COB-000690;DOC-2024-01112;2025-02-04;CLP;3816024;TRANSFERENCIA;
COB-001341;DOC-2024-01577;2025-02-04;CLP;16028967;TRANSFERENCIA;
COB-001489;DOC-2024-01668;2025-02-04;CLP;18305987;TRANSFERENCIA;
COB-001552;DOC-2024-00374;2025-02-04;USD;19309.87;TRANSFERENCIA;FCT-2024-0044
COB-001716;DOC-2024-00042;2025-02-04;USD;11043.42;TRANSFERENCIA;
COB-002142;DOC-2024-00814;2025-02-04;CLP;9025448;TRANSFERENCIA;
COB-002361;DOC-2024-00469;2025-02-04;CLP;6070920;TRANSFERENCIA;
COB-002375;DOC-2024-00635;2025-02-04;CLP;14668436;TRANSFERENCIA;
COB-001611;DOC-2024-00253;2025-02-05;USD;4334.2;TRANSFERENCIA;FCT-2024-0046
COB-001736;DOC-2024-00561;2025-02-05;CLP;4532440;TRANSFERENCIA;
COB-001756;DOC-2024-00257;2025-02-05;USD;21655.21;TRANSFERENCIA;
COB-001876;DOC-2024-00360;2025-02-05;USD;79971.71;TRANSFERENCIA;
COB-001628;DOC-2024-01788;2025-02-06;CLP;3431078;TRANSFERENCIA;
COB-001641;DOC-2024-00252;2025-02-06;USD;12363.42;CHEQUE;
COB-001887;DOC-2024-01384;2025-02-06;CLP;802024;TRANSFERENCIA;
COB-002257;DOC-2024-01117;2025-02-06;CLP;9527451;TRANSFERENCIA;
COB-002468;DOC-2025-02729;2025-02-06;CLP;5276431;TRANSFERENCIA;
COB-002617;DOC-2025-02038;2025-02-06;USD;58610.26;FACTORING;FCT-2025-0091
COB-000747;DOC-2024-01723;2025-02-07;CLP;14462742;TRANSFERENCIA;
COB-001409;DOC-2024-01190;2025-02-07;CLP;545973;TRANSFERENCIA;
COB-001773;DOC-2024-00244;2025-02-07;USD;69549.36;TRANSFERENCIA;
COB-001941;DOC-2024-01465;2025-02-07;CLP;5698778;TRANSFERENCIA;
COB-001985;DOC-2024-00370;2025-02-07;USD;18503.13;TRANSFERENCIA;
COB-001998;DOC-2024-01625;2025-02-07;CLP;6801691;TRANSFERENCIA;
COB-002040;DOC-2024-00141;2025-02-07;USD;3289.18;TRANSFERENCIA;FCT-2024-0068
COB-002147;DOC-2024-01754;2025-02-07;CLP;52611518;TRANSFERENCIA;
COB-002559;DOC-2025-02384;2025-02-07;CLP;25830843;FACTORING;FCT-2025-0089
COB-000501;DOC-2024-00535;2025-02-10;CLP;9231720;CHEQUE;
COB-001169;DOC-2024-01039;2025-02-10;CLP;4737887;TRANSFERENCIA;
COB-001230;DOC-2024-00115;2025-02-10;USD;5923.54;TRANSFERENCIA;
COB-001362;DOC-2024-00564;2025-02-10;CLP;2471111;TRANSFERENCIA;
COB-001730;DOC-2024-01150;2025-02-10;CLP;8689331;TRANSFERENCIA;
COB-001813;DOC-2024-01951;2025-02-10;CLP;34125481;TRANSFERENCIA;
COB-001916;DOC-2024-00463;2025-02-10;CLP;6436938;TRANSFERENCIA;
COB-002029;DOC-2024-00236;2025-02-10;USD;37547.81;TRANSFERENCIA;FCT-2024-0067
COB-002227;DOC-2024-00378;2025-02-10;USD;23732.88;TRANSFERENCIA;
COB-002274;DOC-2024-00698;2025-02-10;CLP;8363328;TRANSFERENCIA;
COB-002319;DOC-2024-01961;2025-02-10;CLP;14343927;CHEQUE;
COB-002348;DOC-2024-01989;2025-02-10;CLP;6586702;COMPENSACION;
COB-002395;DOC-2024-01694;2025-02-10;CLP;8883769;TRANSFERENCIA;
COB-002434;DOC-2025-03009;2025-02-10;CLP;7775411;TRANSFERENCIA;
COB-002663;DOC-2025-02908;2025-02-10;CLP;13654785;CHEQUE;
COB-001794;DOC-2024-00990;2025-02-11;CLP;5730618;TRANSFERENCIA;
COB-001830;DOC-2024-00588;2025-02-11;CLP;17270946;CHEQUE;
COB-002015;DOC-2024-01733;2025-02-11;CLP;5379154;TRANSFERENCIA;
COB-002034;DOC-2024-00364;2025-02-11;USD;38238.35;TRANSFERENCIA;
COB-002086;DOC-2024-01300;2025-02-11;CLP;5913367;TRANSFERENCIA;
COB-002172;DOC-2024-01416;2025-02-11;CLP;13930029;TRANSFERENCIA;
COB-002229;DOC-2024-01197;2025-02-11;CLP;8579234;TRANSFERENCIA;
COB-002261;DOC-2024-00278;2025-02-11;USD;11651.37;TRANSFERENCIA;
COB-002263;DOC-2024-00303;2025-02-11;USD;32476.11;CHEQUE;
COB-002341;DOC-2024-01521;2025-02-11;CLP;4506951;TRANSFERENCIA;
COB-001431;DOC-2024-01590;2025-02-12;CLP;11507307;TRANSFERENCIA;
COB-002213;DOC-2024-00763;2025-02-12;CLP;8649326;TRANSFERENCIA;
COB-002226;DOC-2024-02006;2025-02-12;CLP;9217153;CHEQUE;
COB-002228;DOC-2024-01155;2025-02-12;CLP;6580664;TRANSFERENCIA;
COB-002290;DOC-2024-01501;2025-02-12;CLP;3246670;CHEQUE;
COB-002294;DOC-2024-00357;2025-02-12;USD;26339.52;TRANSFERENCIA;
COB-002299;DOC-2024-01873;2025-02-12;CLP;9538234;TRANSFERENCIA;
COB-002310;DOC-2024-00575;2025-02-12;CLP;375465;TRANSFERENCIA;
COB-002313;DOC-2024-01284;2025-02-12;CLP;6629591;TRANSFERENCIA;
COB-002337;DOC-2024-01458;2025-02-12;CLP;6438794;TRANSFERENCIA;
COB-002376;DOC-2024-00683;2025-02-12;CLP;7649885;TRANSFERENCIA;
COB-002405;DOC-2024-01870;2025-02-12;CLP;20040865;TRANSFERENCIA;
COB-001895;DOC-2024-01783;2025-02-13;CLP;18571883;TRANSFERENCIA;
COB-001903;DOC-2024-01825;2025-02-13;CLP;7639731;TRANSFERENCIA;
COB-002043;DOC-2024-01173;2025-02-13;CLP;11432754;TRANSFERENCIA;
COB-002270;DOC-2024-00533;2025-02-13;CLP;2982446;CHEQUE;
COB-002558;DOC-2025-04293;2025-02-13;CLP;7448823;TRANSFERENCIA;
COB-001315;DOC-2024-01187;2025-02-14;CLP;3199305;TRANSFERENCIA;
COB-001993;DOC-2024-00359;2025-02-14;USD;25056.77;TRANSFERENCIA;FCT-2024-0065
COB-002660;DOC-2025-02240;2025-02-14;USD;143559.31;FACTORING;FCT-2025-0092
COB-002694;DOC-2025-02074;2025-02-14;CLP;36473849;FACTORING;FCT-2025-0094
COB-000691;DOC-2024-01112;2025-02-17;CLP;6179268;TRANSFERENCIA;
COB-001231;DOC-2024-00115;2025-02-17;USD;5923.54;TRANSFERENCIA;
COB-001284;DOC-2024-01589;2025-02-17;CLP;976265;TRANSFERENCIA;
COB-001333;DOC-2024-00216;2025-02-17;USD;17241.68;COMPENSACION;
COB-001478;DOC-2024-00550;2025-02-17;CLP;3074889;TRANSFERENCIA;
COB-001717;DOC-2024-00042;2025-02-17;USD;9505.56;TRANSFERENCIA;
COB-001723;DOC-2024-01553;2025-02-17;CLP;2857347;TRANSFERENCIA;
COB-001762;DOC-2024-01710;2025-02-17;CLP;14858447;TRANSFERENCIA;
COB-001842;DOC-2024-00498;2025-02-17;CLP;5315541;TRANSFERENCIA;
COB-001861;DOC-2024-01016;2025-02-17;CLP;1876662;TRANSFERENCIA;
COB-001884;DOC-2024-01023;2025-02-17;CLP;1747171;CHEQUE;
COB-001911;DOC-2024-00353;2025-02-17;USD;54983.07;TRANSFERENCIA;
COB-001936;DOC-2024-01731;2025-02-17;CLP;87709032;CHEQUE;
COB-002001;DOC-2024-00212;2025-02-17;USD;83506.45;TRANSFERENCIA;
COB-002019;DOC-2024-00725;2025-02-17;CLP;10825433;TRANSFERENCIA;
COB-002038;DOC-2024-00121;2025-02-17;USD;41943.05;TRANSFERENCIA;
COB-002088;DOC-2024-01395;2025-02-17;CLP;4293227;COMPENSACION;
COB-002136;DOC-2024-00507;2025-02-17;CLP;1547998;TRANSFERENCIA;
COB-002208;DOC-2024-00390;2025-02-17;CLP;37888331;CHEQUE;
COB-002216;DOC-2024-00863;2025-02-17;CLP;11139700;TRANSFERENCIA;
COB-002217;DOC-2024-01098;2025-02-17;CLP;4177723;TRANSFERENCIA;
COB-002231;DOC-2024-01509;2025-02-17;CLP;1189900;COMPENSACION;
COB-002234;DOC-2024-01929;2025-02-17;CLP;3236542;TRANSFERENCIA;
COB-002269;DOC-2024-00522;2025-02-17;CLP;876212;TRANSFERENCIA;
COB-002363;DOC-2024-01104;2025-02-17;CLP;2086969;CHEQUE;
COB-002385;DOC-2024-00268;2025-02-17;USD;18640.76;CHEQUE;
COB-002406;DOC-2024-01882;2025-02-17;CLP;10395777;TRANSFERENCIA;
COB-002601;DOC-2025-02266;2025-02-17;USD;227452.11;FACTORING;FCT-2025-0090
COB-002698;DOC-2025-03777;2025-02-17;CLP;2214707;TRANSFERENCIA;
COB-002155;DOC-2024-00992;2025-02-18;CLP;4723263;TRANSFERENCIA;
COB-000097;DOC-2024-01503;2025-02-19;CLP;4551928;TRANSFERENCIA;
COB-000618;DOC-2024-00851;2025-02-19;CLP;6718038;CHEQUE;
COB-001938;DOC-2024-00041;2025-02-19;USD;3746.28;TRANSFERENCIA;FCT-2024-0059
COB-001953;DOC-2024-00355;2025-02-19;USD;92981.12;TRANSFERENCIA;
COB-002189;DOC-2024-01907;2025-02-19;CLP;4751180;TRANSFERENCIA;
COB-002332;DOC-2024-01047;2025-02-19;CLP;712396;TRANSFERENCIA;
COB-002420;DOC-2025-03870;2025-02-19;CLP;18566767;TRANSFERENCIA;
COB-002504;DOC-2025-03018;2025-02-19;CLP;2668149;TRANSFERENCIA;
COB-000487;DOC-2024-01530;2025-02-20;CLP;4849319;TRANSFERENCIA;
COB-001176;DOC-2024-01116;2025-02-20;CLP;978407;TRANSFERENCIA;
COB-001774;DOC-2024-00244;2025-02-20;USD;126384.96;COMPENSACION;
COB-001825;DOC-2024-01409;2025-02-20;CLP;15628711;TRANSFERENCIA;
COB-001910;DOC-2024-00238;2025-02-20;USD;49394.53;TRANSFERENCIA;
COB-002081;DOC-2024-00125;2025-02-20;USD;93336.15;TRANSFERENCIA;
COB-002377;DOC-2024-00971;2025-02-20;CLP;21196055;TRANSFERENCIA;
COB-002254;DOC-2024-00079;2025-02-21;USD;45792.77;TRANSFERENCIA;
COB-002354;DOC-2024-01015;2025-02-21;CLP;9733394;TRANSFERENCIA;
COB-001261;DOC-2024-00900;2025-02-24;CLP;2970463;TRANSFERENCIA;
COB-001613;DOC-2024-00707;2025-02-24;CLP;660577;CHEQUE;
COB-001642;DOC-2024-00252;2025-02-24;USD;18619.96;TRANSFERENCIA;
COB-001719;DOC-2024-00499;2025-02-24;CLP;4412737;TRANSFERENCIA;
COB-001729;DOC-2024-00086;2025-02-24;CLP;1860268;TRANSFERENCIA;FCT-2024-0052
COB-001767;DOC-2024-00201;2025-02-24;CLP;7523475;TRANSFERENCIA;FCT-2024-0054
COB-001909;DOC-2024-01997;2025-02-24;CLP;48873553;TRANSFERENCIA;
COB-001921;DOC-2024-00614;2025-02-24;CLP;3599393;TRANSFERENCIA;
COB-002065;DOC-2024-01295;2025-02-24;CLP;3172530;TRANSFERENCIA;
COB-002078;DOC-2024-01932;2025-02-24;CLP;10934894;TRANSFERENCIA;
COB-002082;DOC-2024-00740;2025-02-24;CLP;5391184;TRANSFERENCIA;
COB-002279;DOC-2024-01320;2025-02-24;CLP;7876595;TRANSFERENCIA;
COB-002359;DOC-2024-00139;2025-02-24;USD;27765.27;TRANSFERENCIA;
COB-002390;DOC-2024-00966;2025-02-24;CLP;3060838;CHEQUE;
COB-002430;DOC-2025-02530;2025-02-24;CLP;4073945;TRANSFERENCIA;
COB-002435;DOC-2025-03248;2025-02-24;CLP;10669490;COMPENSACION;
COB-002446;DOC-2025-04175;2025-02-24;CLP;23714766;TRANSFERENCIA;
COB-002448;DOC-2025-02607;2025-02-24;CLP;8130310;TRANSFERENCIA;
COB-002480;DOC-2025-03001;2025-02-24;CLP;14972470;TRANSFERENCIA;
COB-002569;DOC-2025-03056;2025-02-24;CLP;9102954;TRANSFERENCIA;
COB-002725;DOC-2025-02294;2025-02-24;USD;80775.4;FACTORING;FCT-2025-0097
COB-004272;DOC-2023-93558;2025-02-24;CLP;3952736;COMPENSACION;
COB-000945;DOC-2024-01616;2025-02-25;CLP;37962720;TRANSFERENCIA;
COB-001397;DOC-2024-00148;2025-02-25;USD;31227.14;TRANSFERENCIA;
COB-002246;DOC-2024-00552;2025-02-25;CLP;806950;TRANSFERENCIA;
COB-002369;DOC-2024-01464;2025-02-25;CLP;5875664;TRANSFERENCIA;
COB-001519;DOC-2024-00699;2025-02-26;CLP;44057769;TRANSFERENCIA;
COB-002020;DOC-2024-00725;2025-02-26;CLP;7004289;TRANSFERENCIA;
COB-002058;DOC-2024-00837;2025-02-26;CLP;3299879;TRANSFERENCIA;
COB-002140;DOC-2024-01800;2025-02-26;CLP;46996978;TRANSFERENCIA;
COB-002520;DOC-2025-03003;2025-02-26;CLP;2962347;TRANSFERENCIA;
COB-002383;DOC-2024-00149;2025-02-27;USD;58803.05;TRANSFERENCIA;
COB-002509;DOC-2025-03240;2025-02-27;CLP;1868797;TRANSFERENCIA;
COB-002070;DOC-2024-01598;2025-02-28;CLP;26351269;TRANSFERENCIA;
COB-002151;DOC-2024-00437;2025-02-28;CLP;7007996;TRANSFERENCIA;
COB-002315;DOC-2024-01289;2025-02-28;CLP;3850532;TRANSFERENCIA;
COB-002494;DOC-2025-03002;2025-02-28;CLP;24773431;TRANSFERENCIA;
COB-002645;DOC-2025-03565;2025-02-28;CLP;6407280;TRANSFERENCIA;
COB-002676;DOC-2025-02441;2025-02-28;USD;37035.23;FACTORING;FCT-2025-0093
COB-000793;DOC-2024-00975;2025-03-03;CLP;6687402;TRANSFERENCIA;
COB-001456;DOC-2024-00631;2025-03-03;CLP;17932450;TRANSFERENCIA;
COB-002130;DOC-2024-01782;2025-03-03;CLP;10488911;TRANSFERENCIA;
COB-002148;DOC-2024-00097;2025-03-03;USD;73724.5;TRANSFERENCIA;
COB-002204;DOC-2024-00145;2025-03-03;USD;289307.36;TRANSFERENCIA;
COB-002225;DOC-2024-01999;2025-03-03;CLP;62929200;TRANSFERENCIA;
COB-002241;DOC-2024-01697;2025-03-03;CLP;10120282;TRANSFERENCIA;
COB-002276;DOC-2024-01011;2025-03-03;CLP;13621763;TRANSFERENCIA;
COB-002338;DOC-2024-01458;2025-03-03;CLP;10162594;TRANSFERENCIA;
COB-002339;DOC-2024-01504;2025-03-03;CLP;3239142;TRANSFERENCIA;
COB-002367;DOC-2024-01367;2025-03-03;CLP;1424757;TRANSFERENCIA;
COB-002417;DOC-2025-02817;2025-03-03;CLP;11319457;TRANSFERENCIA;
COB-002454;DOC-2025-04226;2025-03-03;CLP;25020121;CHEQUE;
COB-002483;DOC-2025-03299;2025-03-03;CLP;2242144;TRANSFERENCIA;
COB-002544;DOC-2025-03907;2025-03-03;CLP;12719679;TRANSFERENCIA;
COB-002566;DOC-2025-02561;2025-03-03;CLP;10129943;TRANSFERENCIA;
COB-002784;DOC-2025-02024;2025-03-03;USD;135429.27;FACTORING;FCT-2025-0101
COB-002835;DOC-2025-02445;2025-03-03;USD;378000.0;FACTORING;FCT-2025-0105
COB-001557;DOC-2024-01467;2025-03-04;CLP;6867333;TRANSFERENCIA;
COB-001701;DOC-2024-00889;2025-03-04;CLP;9639869;TRANSFERENCIA;
COB-001702;DOC-2024-01101;2025-03-04;CLP;5513175;TRANSFERENCIA;
COB-002333;DOC-2024-01047;2025-03-04;CLP;1151959;TRANSFERENCIA;
COB-002349;DOC-2024-01989;2025-03-04;CLP;5141312;TRANSFERENCIA;
COB-002485;DOC-2025-03706;2025-03-04;CLP;12467442;CHEQUE;
COB-002488;DOC-2025-03320;2025-03-04;CLP;8690632;CHEQUE;
COB-002506;DOC-2025-03817;2025-03-04;CLP;2179685;TRANSFERENCIA;
COB-002715;DOC-2025-02039;2025-03-04;USD;30129.81;FACTORING;FCT-2025-0095
COB-002873;DOC-2025-02506;2025-03-04;USD;69339.82;FACTORING;FCT-2025-0109
COB-001201;DOC-2024-00492;2025-03-05;CLP;9423498;TRANSFERENCIA;
COB-001338;DOC-2024-01461;2025-03-05;CLP;3517224;TRANSFERENCIA;
COB-002000;DOC-2024-00099;2025-03-05;USD;19968.74;TRANSFERENCIA;
COB-002166;DOC-2024-00916;2025-03-05;CLP;4275080;TRANSFERENCIA;
COB-002206;DOC-2024-00264;2025-03-05;USD;87253.46;TRANSFERENCIA;
COB-002285;DOC-2024-01728;2025-03-05;CLP;28001825;TRANSFERENCIA;
COB-002753;DOC-2025-02203;2025-03-05;USD;17993.82;FACTORING;FCT-2025-0099
COB-000502;DOC-2024-00535;2025-03-06;CLP;9231720;TRANSFERENCIA;
COB-000524;DOC-2024-00827;2025-03-06;CLP;2448568;TRANSFERENCIA;
COB-000648;DOC-2024-01455;2025-03-06;CLP;1930951;TRANSFERENCIA;
COB-001851;DOC-2024-01031;2025-03-06;CLP;6928395;TRANSFERENCIA;
COB-002080;DOC-2024-01942;2025-03-06;CLP;7013657;TRANSFERENCIA;
COB-002251;DOC-2024-01939;2025-03-06;CLP;35550462;TRANSFERENCIA;
COB-002292;DOC-2024-01973;2025-03-06;CLP;2212932;TRANSFERENCIA;
COB-002386;DOC-2024-00268;2025-03-06;USD;20307.02;CHEQUE;
COB-002455;DOC-2025-04231;2025-03-06;CLP;4715244;TRANSFERENCIA;
COB-002728;DOC-2025-02429;2025-03-06;USD;190157.16;FACTORING;FCT-2025-0098
COB-001204;DOC-2024-00711;2025-03-07;CLP;11058276;TRANSFERENCIA;
COB-001555;DOC-2024-01267;2025-03-07;CLP;6408683;TRANSFERENCIA;
COB-001946;DOC-2024-00129;2025-03-07;USD;130700.37;TRANSFERENCIA;
COB-002016;DOC-2024-01733;2025-03-07;CLP;3620635;CHEQUE;
COB-002066;DOC-2024-01309;2025-03-07;CLP;2354102;TRANSFERENCIA;
COB-002331;DOC-2024-01003;2025-03-07;CLP;106602751;TRANSFERENCIA;
COB-002336;DOC-2024-01401;2025-03-07;CLP;2525026;TRANSFERENCIA;
COB-002464;DOC-2025-03276;2025-03-07;CLP;5401481;TRANSFERENCIA;
COB-002720;DOC-2025-02134;2025-03-07;CLP;48944545;FACTORING;FCT-2025-0096
COB-002870;DOC-2025-02236;2025-03-07;USD;46415.94;FACTORING;FCT-2025-0108
COB-000929;DOC-2024-00871;2025-03-10;CLP;4141280;TRANSFERENCIA;
COB-001363;DOC-2024-00884;2025-03-10;CLP;15405423;TRANSFERENCIA;
COB-001479;DOC-2024-00550;2025-03-10;CLP;1842126;TRANSFERENCIA;
COB-001652;DOC-2024-00882;2025-03-10;CLP;6872882;TRANSFERENCIA;
COB-001691;DOC-2024-00220;2025-03-10;USD;9929.03;TRANSFERENCIA;FCT-2024-0049
COB-001873;DOC-2024-00131;2025-03-10;USD;102872.3;TRANSFERENCIA;
COB-001932;DOC-2024-01225;2025-03-10;CLP;1319168;TRANSFERENCIA;
COB-002009;DOC-2024-00995;2025-03-10;CLP;7701737;TRANSFERENCIA;
COB-002069;DOC-2024-01565;2025-03-10;CLP;3671298;TRANSFERENCIA;
COB-002115;DOC-2024-00354;2025-03-10;USD;27455.26;TRANSFERENCIA;
COB-002131;DOC-2024-01831;2025-03-10;CLP;6171915;TRANSFERENCIA;
COB-002141;DOC-2024-00578;2025-03-10;CLP;9230725;TRANSFERENCIA;
COB-002171;DOC-2024-01285;2025-03-10;CLP;3639629;TRANSFERENCIA;
COB-002186;DOC-2024-01580;2025-03-10;CLP;7537619;TRANSFERENCIA;
COB-002240;DOC-2024-00705;2025-03-10;CLP;37555493;TRANSFERENCIA;
COB-002272;DOC-2024-00645;2025-03-10;CLP;5987843;TRANSFERENCIA;
COB-002296;DOC-2024-00677;2025-03-10;CLP;12307510;TRANSFERENCIA;
COB-002378;DOC-2024-00049;2025-03-10;USD;73594.79;CHEQUE;
COB-002431;DOC-2025-02530;2025-03-10;CLP;2285001;TRANSFERENCIA;
COB-002441;DOC-2025-04079;2025-03-10;CLP;8448243;COMPENSACION;
COB-002471;DOC-2025-03617;2025-03-10;CLP;11594761;TRANSFERENCIA;
COB-002589;DOC-2025-03824;2025-03-10;CLP;1939174;TRANSFERENCIA;
COB-002644;DOC-2025-03091;2025-03-10;CLP;5538832;CHEQUE;
COB-002679;DOC-2025-02958;2025-03-10;CLP;6313209;TRANSFERENCIA;
COB-002850;DOC-2025-02267;2025-03-10;CLP;65268446;FACTORING;FCT-2025-0106
COB-000430;DOC-2024-00879;2025-03-11;CLP;3362816;TRANSFERENCIA;
COB-001423;DOC-2024-00713;2025-03-11;CLP;7348151;TRANSFERENCIA;
COB-002079;DOC-2024-01932;2025-03-11;CLP;7252141;TRANSFERENCIA;
COB-002364;DOC-2024-01104;2025-03-11;CLP;1922621;TRANSFERENCIA;
COB-002474;DOC-2025-02176;2025-03-11;USD;61406.74;TRANSFERENCIA;
COB-002578;DOC-2025-03937;2025-03-11;CLP;5386007;TRANSFERENCIA;
COB-000015;DOC-2024-01383;2025-03-12;CLP;8357200;TRANSFERENCIA;
COB-000098;DOC-2024-01503;2025-03-12;CLP;7200084;TRANSFERENCIA;
COB-001054;DOC-2024-01606;2025-03-12;CLP;1143500;TRANSFERENCIA;
COB-002205;DOC-2024-00230;2025-03-12;USD;50093.17;TRANSFERENCIA;
COB-002262;DOC-2024-00278;2025-03-12;USD;16312.59;TRANSFERENCIA;
COB-002519;DOC-2025-02624;2025-03-12;CLP;10437866;TRANSFERENCIA;
COB-002771;DOC-2025-02443;2025-03-12;USD;107840.48;FACTORING;FCT-2025-0100
COB-001763;DOC-2024-01710;2025-03-13;CLP;9875563;TRANSFERENCIA;
COB-002053;DOC-2024-00676;2025-03-13;CLP;4989638;CHEQUE;
COB-002789;DOC-2025-02315;2025-03-13;USD;181629.64;FACTORING;FCT-2025-0103
COB-002264;DOC-2024-00346;2025-03-14;USD;121106.88;CHEQUE;
COB-002442;DOC-2025-04116;2025-03-14;CLP;6248589;CHEQUE;
COB-002463;DOC-2025-02853;2025-03-14;CLP;10481300;TRANSFERENCIA;
COB-002492;DOC-2025-02887;2025-03-14;CLP;1588080;TRANSFERENCIA;
COB-002955;DOC-2025-03912;2025-03-14;CLP;9250564;TRANSFERENCIA;
COB-001554;DOC-2024-01207;2025-03-17;CLP;3796249;COMPENSACION;
COB-002068;DOC-2024-01368;2025-03-17;CLP;982509;TRANSFERENCIA;
COB-002150;DOC-2024-00381;2025-03-17;USD;68811.19;TRANSFERENCIA;
COB-002184;DOC-2024-01328;2025-03-17;CLP;2441224;CHEQUE;
COB-002232;DOC-2024-01807;2025-03-17;CLP;140591028;TRANSFERENCIA;
COB-002235;DOC-2024-00003;2025-03-17;USD;13566.54;TRANSFERENCIA;
COB-002432;DOC-2025-02922;2025-03-17;CLP;2891122;COMPENSACION;
COB-002465;DOC-2025-02326;2025-03-17;USD;23959.56;TRANSFERENCIA;
COB-002475;DOC-2025-02501;2025-03-17;CLP;47874654;TRANSFERENCIA;
COB-002482;DOC-2025-03254;2025-03-17;CLP;4685526;TRANSFERENCIA;
COB-002681;DOC-2025-03051;2025-03-17;CLP;2743036;TRANSFERENCIA;
COB-002699;DOC-2025-03777;2025-03-17;CLP;2214707;TRANSFERENCIA;
COB-002749;DOC-2025-03955;2025-03-17;CLP;3116719;TRANSFERENCIA;
COB-002786;DOC-2025-02138;2025-03-17;USD;44627.48;FACTORING;FCT-2025-0102
COB-002834;DOC-2025-02390;2025-03-17;USD;41388.64;FACTORING;FCT-2025-0104
COB-001251;DOC-2024-02018;2025-03-18;CLP;11042067;TRANSFERENCIA;
COB-001282;DOC-2024-01543;2025-03-18;CLP;9462537;TRANSFERENCIA;
COB-002218;DOC-2024-01157;2025-03-18;CLP;3758011;TRANSFERENCIA;
COB-002238;DOC-2024-00090;2025-03-18;USD;136620.83;TRANSFERENCIA;
COB-002259;DOC-2024-01475;2025-03-18;CLP;2372595;CHEQUE;
COB-002275;DOC-2024-00865;2025-03-18;CLP;38937958;TRANSFERENCIA;
COB-002421;DOC-2025-03990;2025-03-18;CLP;5255568;TRANSFERENCIA;
COB-002534;DOC-2025-04053;2025-03-18;CLP;71809556;TRANSFERENCIA;
COB-002867;DOC-2025-02092;2025-03-18;USD;81788.34;FACTORING;FCT-2025-0107
COB-002922;DOC-2025-02223;2025-03-18;USD;168812.55;FACTORING;FCT-2025-0110
COB-000092;DOC-2024-01310;2025-03-19;CLP;443524;TRANSFERENCIA;
COB-001714;DOC-2024-00008;2025-03-19;USD;15774.08;TRANSFERENCIA;FCT-2024-0051
COB-002350;DOC-2024-00267;2025-03-19;USD;26484.11;TRANSFERENCIA;
COB-002486;DOC-2025-04337;2025-03-19;CLP;6199298;TRANSFERENCIA;
COB-002498;DOC-2025-03712;2025-03-19;CLP;2970675;TRANSFERENCIA;
COB-002577;DOC-2025-03595;2025-03-19;CLP;4957010;CHEQUE;
COB-001925;DOC-2024-00754;2025-03-20;CLP;6251315;TRANSFERENCIA;
COB-002163;DOC-2024-00181;2025-03-20;USD;10406.48;TRANSFERENCIA;FCT-2024-0075
COB-002219;DOC-2024-01234;2025-03-20;CLP;6017491;TRANSFERENCIA;
COB-002423;DOC-2025-02054;2025-03-20;USD;13912.12;TRANSFERENCIA;
COB-002436;DOC-2025-03278;2025-03-20;CLP;3191385;TRANSFERENCIA;
COB-002489;DOC-2025-03929;2025-03-20;CLP;12519114;TRANSFERENCIA;
COB-002512;DOC-2025-04328;2025-03-20;CLP;24127292;TRANSFERENCIA;
COB-002587;DOC-2025-03745;2025-03-20;CLP;404139;TRANSFERENCIA;
COB-001879;DOC-2024-00686;2025-03-21;CLP;5988619;TRANSFERENCIA;
COB-002237;DOC-2024-00023;2025-03-21;USD;8705.93;TRANSFERENCIA;FCT-2024-0076
COB-002252;DOC-2024-01939;2025-03-21;CLP;22442966;CHEQUE;
COB-002306;DOC-2024-01770;2025-03-21;CLP;736384;TRANSFERENCIA;
COB-002428;DOC-2025-02135;2025-03-21;USD;14320.03;TRANSFERENCIA;
COB-002433;DOC-2025-02959;2025-03-21;CLP;6454067;TRANSFERENCIA;
COB-002445;DOC-2025-04125;2025-03-21;CLP;5156428;TRANSFERENCIA;
COB-002525;DOC-2025-03544;2025-03-21;CLP;6012349;TRANSFERENCIA;
COB-000525;DOC-2024-00827;2025-03-24;CLP;3508129;TRANSFERENCIA;
COB-001875;DOC-2024-00283;2025-03-24;USD;6398.77;TRANSFERENCIA;
COB-002050;DOC-2024-00302;2025-03-24;USD;124451.65;TRANSFERENCIA;
COB-002083;DOC-2024-00740;2025-03-24;CLP;4928373;TRANSFERENCIA;
COB-002146;DOC-2024-01399;2025-03-24;CLP;7873384;TRANSFERENCIA;
COB-002239;DOC-2024-00234;2025-03-24;USD;409986.97;CHEQUE;
COB-002327;DOC-2024-00935;2025-03-24;CLP;562209;TRANSFERENCIA;
COB-002397;DOC-2024-00261;2025-03-24;USD;48054.97;TRANSFERENCIA;
COB-002407;DOC-2024-01882;2025-03-24;CLP;9177251;TRANSFERENCIA;
COB-002411;DOC-2024-02015;2025-03-24;CLP;14545664;TRANSFERENCIA;
COB-002493;DOC-2025-02887;2025-03-24;CLP;2021781;TRANSFERENCIA;
COB-002496;DOC-2025-03251;2025-03-24;CLP;3936777;TRANSFERENCIA;
COB-002548;DOC-2025-03800;2025-03-24;CLP;38656487;CHEQUE;
COB-002649;DOC-2025-02648;2025-03-24;CLP;2451868;TRANSFERENCIA;
COB-002978;DOC-2025-03774;2025-03-24;CLP;27493146;TRANSFERENCIA;
COB-001062;DOC-2024-01340;2025-03-25;CLP;9534998;TRANSFERENCIA;
COB-001348;DOC-2024-00565;2025-03-25;CLP;7190529;TRANSFERENCIA;
COB-002357;DOC-2024-00025;2025-03-25;USD;166497.85;TRANSFERENCIA;
COB-002449;DOC-2025-02872;2025-03-25;CLP;27382008;TRANSFERENCIA;
COB-002497;DOC-2025-03375;2025-03-25;CLP;1111976;TRANSFERENCIA;
COB-002591;DOC-2025-03948;2025-03-25;CLP;14022776;TRANSFERENCIA;
COB-002592;DOC-2025-04277;2025-03-25;CLP;1939154;TRANSFERENCIA;
COB-002597;DOC-2025-02563;2025-03-25;CLP;5334756;TRANSFERENCIA;
COB-002653;DOC-2025-03584;2025-03-25;CLP;6610850;TRANSFERENCIA;
COB-002710;DOC-2025-03353;2025-03-25;CLP;12307139;TRANSFERENCIA;
COB-003013;DOC-2025-02370;2025-03-25;USD;114783.67;FACTORING;FCT-2025-0113
COB-001177;DOC-2024-01116;2025-03-26;CLP;1419425;TRANSFERENCIA;
COB-002476;DOC-2025-02578;2025-03-26;CLP;1554977;TRANSFERENCIA;
COB-002627;DOC-2025-02675;2025-03-26;CLP;4944009;TRANSFERENCIA;
COB-002670;DOC-2025-03874;2025-03-26;CLP;2891694;TRANSFERENCIA;
COB-002991;DOC-2025-02029;2025-03-26;CLP;18558858;FACTORING;FCT-2025-0112
COB-001534;DOC-2024-01414;2025-03-27;CLP;3209130;TRANSFERENCIA;
COB-001952;DOC-2024-00310;2025-03-27;USD;26461.13;TRANSFERENCIA;
COB-002179;DOC-2024-00490;2025-03-27;CLP;1655617;TRANSFERENCIA;
COB-002323;DOC-2024-00501;2025-03-27;CLP;13708209;TRANSFERENCIA;
COB-002961;DOC-2025-02396;2025-03-27;USD;157862.48;FACTORING;FCT-2025-0111
COB-000787;DOC-2024-00548;2025-03-28;CLP;8753268;CHEQUE;
COB-001316;DOC-2024-01187;2025-03-28;CLP;1925643;TRANSFERENCIA;
COB-002091;DOC-2024-01705;2025-03-28;CLP;2066165;TRANSFERENCIA;
COB-002289;DOC-2024-00709;2025-03-28;CLP;3196445;TRANSFERENCIA;
COB-002300;DOC-2024-01873;2025-03-28;CLP;5494024;CHEQUE;
COB-002358;DOC-2024-00076;2025-03-28;USD;86457.61;TRANSFERENCIA;
COB-002413;DOC-2025-02109;2025-03-28;USD;66014.53;TRANSFERENCIA;
COB-002424;DOC-2025-02054;2025-03-28;USD;17320.4;TRANSFERENCIA;
COB-002466;DOC-2025-02386;2025-03-28;USD;49078.35;TRANSFERENCIA;
COB-002550;DOC-2025-04051;2025-03-28;CLP;28663409;TRANSFERENCIA;
COB-002551;DOC-2025-04106;2025-03-28;CLP;16344242;TRANSFERENCIA;
COB-002582;DOC-2025-04044;2025-03-28;CLP;8973688;TRANSFERENCIA;
COB-002605;DOC-2025-03326;2025-03-28;CLP;7634592;TRANSFERENCIA;
COB-002735;DOC-2025-02966;2025-03-28;CLP;7714481;TRANSFERENCIA;
COB-001908;DOC-2024-01250;2025-03-31;CLP;5366746;TRANSFERENCIA;
COB-002174;DOC-2024-01601;2025-03-31;CLP;6813759;TRANSFERENCIA;
COB-002260;DOC-2024-01475;2025-03-31;CLP;2519093;TRANSFERENCIA;
COB-002396;DOC-2024-00205;2025-03-31;USD;74329.73;TRANSFERENCIA;
COB-002611;DOC-2025-04179;2025-03-31;CLP;2006694;TRANSFERENCIA;
COB-002630;DOC-2025-02735;2025-03-31;CLP;10149109;TRANSFERENCIA;
COB-002669;DOC-2025-03641;2025-03-31;CLP;18186144;TRANSFERENCIA;
COB-002680;DOC-2025-02997;2025-03-31;CLP;3358256;TRANSFERENCIA;
COB-004309;DOC-2023-98214;2025-03-31;CLP;3311613;CHEQUE;
COB-001335;DOC-2024-00982;2025-04-01;CLP;2307157;TRANSFERENCIA;
COB-001959;DOC-2024-00559;2025-04-01;CLP;2551089;TRANSFERENCIA;
COB-002373;DOC-2024-00347;2025-04-01;USD;93281.8;TRANSFERENCIA;
COB-002821;DOC-2025-04206;2025-04-01;CLP;4248304;TRANSFERENCIA;
COB-000250;DOC-2024-00968;2025-04-02;CLP;14934544;TRANSFERENCIA;
COB-001951;DOC-2024-00243;2025-04-02;USD;27766.13;TRANSFERENCIA;
COB-002187;DOC-2024-01580;2025-04-02;CLP;7394669;TRANSFERENCIA;
COB-002356;DOC-2024-01774;2025-04-02;CLP;134725387;TRANSFERENCIA;
COB-002384;DOC-2024-00200;2025-04-02;USD;9634.15;TRANSFERENCIA;
COB-002457;DOC-2025-02306;2025-04-02;USD;47500.66;TRANSFERENCIA;
COB-002662;DOC-2025-02760;2025-04-02;CLP;4795670;TRANSFERENCIA;
COB-002700;DOC-2025-03777;2025-04-02;CLP;2214707;TRANSFERENCIA;
COB-002824;DOC-2025-02565;2025-04-02;CLP;2463807;TRANSFERENCIA;
COB-004295;DOC-2023-95408;2025-04-02;CLP;7266805;TRANSFERENCIA;
COB-002342;DOC-2024-01797;2025-04-03;CLP;16294487;TRANSFERENCIA;
COB-001984;DOC-2024-01768;2025-04-04;CLP;8894164;TRANSFERENCIA;
COB-002177;DOC-2024-01699;2025-04-04;CLP;4088552;TRANSFERENCIA;
COB-002293;DOC-2024-00173;2025-04-04;USD;46104.48;TRANSFERENCIA;
COB-002926;DOC-2025-02676;2025-04-04;CLP;3974914;TRANSFERENCIA;
COB-000619;DOC-2024-00851;2025-04-07;CLP;4144660;TRANSFERENCIA;
COB-001448;DOC-2024-01048;2025-04-07;CLP;6063392;TRANSFERENCIA;
COB-001495;DOC-2024-01278;2025-04-07;CLP;10710787;CHEQUE;
COB-001922;DOC-2024-00688;2025-04-07;CLP;5131014;TRANSFERENCIA;
COB-002061;DOC-2024-00926;2025-04-07;CLP;8545836;TRANSFERENCIA;
COB-002368;DOC-2024-01367;2025-04-07;CLP;2341166;TRANSFERENCIA;
COB-002440;DOC-2025-04043;2025-04-07;CLP;36413713;TRANSFERENCIA;
COB-002508;DOC-2025-04327;2025-04-07;CLP;13634740;TRANSFERENCIA;
COB-002535;DOC-2025-04266;2025-04-07;CLP;42485361;TRANSFERENCIA;
COB-002564;DOC-2025-02281;2025-04-07;USD;25291.09;TRANSFERENCIA;
COB-002606;DOC-2025-03326;2025-04-07;CLP;4537813;COMPENSACION;
COB-002661;DOC-2025-02664;2025-04-07;CLP;23590204;TRANSFERENCIA;
COB-002739;DOC-2025-03259;2025-04-07;CLP;14077221;TRANSFERENCIA;
COB-003040;DOC-2025-02254;2025-04-07;USD;88940.14;FACTORING;FCT-2025-0114
COB-004287;DOC-2025-91907;2025-04-07;CLP;5265677;CHEQUE;
COB-000442;DOC-2024-01215;2025-04-08;CLP;916111;TRANSFERENCIA;
COB-002178;DOC-2024-01720;2025-04-08;CLP;12966360;TRANSFERENCIA;
COB-002224;DOC-2024-01965;2025-04-08;CLP;5031879;TRANSFERENCIA;
COB-002247;DOC-2024-00552;2025-04-08;CLP;521888;CHEQUE;
COB-002487;DOC-2025-04337;2025-04-08;CLP;9675388;TRANSFERENCIA;
COB-002697;DOC-2025-03445;2025-04-08;CLP;11514966;TRANSFERENCIA;
COB-002876;DOC-2025-03329;2025-04-08;CLP;1452559;CHEQUE;
COB-002149;DOC-2024-00097;2025-04-09;USD;43558.35;TRANSFERENCIA;
COB-002265;DOC-2024-00407;2025-04-09;CLP;1650850;TRANSFERENCIA;
COB-002394;DOC-2024-01626;2025-04-09;CLP;6250167;TRANSFERENCIA;
COB-002404;DOC-2024-01288;2025-04-09;CLP;12002316;CHEQUE;
COB-002702;DOC-2025-04024;2025-04-09;CLP;2307550;TRANSFERENCIA;
COB-002755;DOC-2025-02691;2025-04-09;CLP;6379447;TRANSFERENCIA;
COB-002783;DOC-2025-03177;2025-04-09;CLP;9744940;TRANSFERENCIA;
COB-002826;DOC-2025-02737;2025-04-09;CLP;2681780;CHEQUE;
COB-001827;DOC-2024-00127;2025-04-10;USD;44673.65;TRANSFERENCIA;
COB-001961;DOC-2024-00581;2025-04-10;CLP;3962581;CHEQUE;
COB-002340;DOC-2024-01504;2025-04-10;CLP;5789785;TRANSFERENCIA;
COB-002458;DOC-2025-02366;2025-04-10;USD;7788.13;CHEQUE;
COB-002668;DOC-2025-03534;2025-04-10;CLP;52053228;TRANSFERENCIA;
COB-003090;DOC-2025-02457;2025-04-10;CLP;19355886;FACTORING;FCT-2025-0115
COB-001504;DOC-2024-01460;2025-04-11;CLP;5518727;TRANSFERENCIA;
COB-001627;DOC-2024-01585;2025-04-11;CLP;4043832;CHEQUE;
COB-002309;DOC-2024-00104;2025-04-11;USD;47936.89;TRANSFERENCIA;
COB-002427;DOC-2025-02118;2025-04-11;USD;6354.53;TRANSFERENCIA;FCT-2025-0084
COB-002507;DOC-2025-03817;2025-04-11;CLP;3330706;TRANSFERENCIA;
COB-002549;DOC-2025-03800;2025-04-11;CLP;24076376;TRANSFERENCIA;
COB-002646;DOC-2025-03565;2025-04-11;CLP;4567161;TRANSFERENCIA;
COB-001658;DOC-2024-01628;2025-04-14;CLP;5529313;TRANSFERENCIA;
COB-001807;DOC-2024-00579;2025-04-14;CLP;6808509;TRANSFERENCIA;
COB-001810;DOC-2024-01302;2025-04-14;CLP;853419;CHEQUE;
COB-002286;DOC-2024-01881;2025-04-14;CLP;5189225;TRANSFERENCIA;
COB-002499;DOC-2025-03712;2025-04-14;CLP;2970675;CHEQUE;
COB-002515;DOC-2025-02181;2025-04-14;CLP;25568405;TRANSFERENCIA;
COB-002567;DOC-2025-02824;2025-04-14;CLP;1679096;TRANSFERENCIA;
COB-002580;DOC-2025-03946;2025-04-14;CLP;3024173;COMPENSACION;
COB-002631;DOC-2025-02773;2025-04-14;CLP;1885350;TRANSFERENCIA;
COB-002639;DOC-2025-04173;2025-04-14;CLP;12118767;TRANSFERENCIA;
COB-002652;DOC-2025-03488;2025-04-14;CLP;1255061;TRANSFERENCIA;
COB-002664;DOC-2025-03372;2025-04-14;CLP;6647745;TRANSFERENCIA;
COB-002756;DOC-2025-02781;2025-04-14;CLP;1515804;TRANSFERENCIA;
COB-002767;DOC-2025-04283;2025-04-14;CLP;2268734;TRANSFERENCIA;
COB-002806;DOC-2025-03178;2025-04-14;CLP;2980173;TRANSFERENCIA;
COB-002927;DOC-2025-02733;2025-04-14;CLP;5622062;TRANSFERENCIA;
COB-002965;DOC-2025-02855;2025-04-14;CLP;3874084;TRANSFERENCIA;
COB-003148;DOC-2025-03782;2025-04-14;CLP;2808336;TRANSFERENCIA;
COB-004303;DOC-2023-91335;2025-04-14;CLP;8667705;COMPENSACION;
COB-001616;DOC-2024-01574;2025-04-15;CLP;34933416;TRANSFERENCIA;
COB-002573;DOC-2025-03103;2025-04-15;CLP;1763097;TRANSFERENCIA;
COB-002576;DOC-2025-03535;2025-04-15;CLP;2700596;TRANSFERENCIA;
COB-002588;DOC-2025-03745;2025-04-15;CLP;395722;TRANSFERENCIA;
COB-002614;DOC-2025-03939;2025-04-15;CLP;4945563;TRANSFERENCIA;
COB-002620;DOC-2025-02085;2025-04-15;USD;77224.75;TRANSFERENCIA;
COB-002775;DOC-2025-03537;2025-04-15;CLP;3862633;TRANSFERENCIA;
COB-002863;DOC-2025-03685;2025-04-15;CLP;1533126;TRANSFERENCIA;
COB-002450;DOC-2025-02894;2025-04-16;CLP;13984065;TRANSFERENCIA;
COB-002692;DOC-2025-04190;2025-04-16;CLP;6300072;TRANSFERENCIA;
COB-002807;DOC-2025-03431;2025-04-16;CLP;1688243;CHEQUE;
COB-002030;DOC-2024-01036;2025-04-17;CLP;24926816;TRANSFERENCIA;
COB-002415;DOC-2025-02220;2025-04-17;USD;7835.64;TRANSFERENCIA;FCT-2025-0082
COB-002481;DOC-2025-03123;2025-04-17;CLP;5937967;TRANSFERENCIA;
COB-002856;DOC-2025-03747;2025-04-17;CLP;6976396;TRANSFERENCIA;
COB-002979;DOC-2025-03774;2025-04-17;CLP;20433586;TRANSFERENCIA;
COB-000093;DOC-2024-01310;2025-04-21;CLP;443524;TRANSFERENCIA;
COB-000915;DOC-2024-01041;2025-04-21;CLP;1974548;TRANSFERENCIA;
COB-000930;DOC-2024-00871;2025-04-21;CLP;4950324;COMPENSACION;
COB-001981;DOC-2024-00272;2025-04-21;USD;143445.17;CHEQUE;
COB-002109;DOC-2024-01188;2025-04-21;CLP;8930005;TRANSFERENCIA;
COB-002365;DOC-2024-01171;2025-04-21;CLP;26594598;TRANSFERENCIA;
COB-002382;DOC-2024-00111;2025-04-21;USD;7455.87;TRANSFERENCIA;FCT-2024-0081
COB-002419;DOC-2025-03513;2025-04-21;CLP;11650509;TRANSFERENCIA;
COB-002462;DOC-2025-02826;2025-04-21;CLP;8167125;TRANSFERENCIA;
COB-002500;DOC-2025-03712;2025-04-21;CLP;2970675;TRANSFERENCIA;
COB-002579;DOC-2025-03937;2025-04-21;CLP;5867287;CHEQUE;
COB-002590;DOC-2025-03824;2025-04-21;CLP;3058632;TRANSFERENCIA;
COB-002600;DOC-2025-03521;2025-04-21;CLP;5530394;TRANSFERENCIA;
COB-002612;DOC-2025-02160;2025-04-21;USD;59283.4;TRANSFERENCIA;
COB-002616;DOC-2025-04332;2025-04-21;CLP;58752622;TRANSFERENCIA;
COB-002654;DOC-2025-03584;2025-04-21;CLP;3997938;TRANSFERENCIA;
COB-002671;DOC-2025-03874;2025-04-21;CLP;2000072;TRANSFERENCIA;
COB-002695;DOC-2025-02074;2025-04-21;CLP;4052650;TRANSFERENCIA;FCT-2025-0094
COB-002747;DOC-2025-03748;2025-04-21;CLP;2551578;TRANSFERENCIA;
COB-002833;DOC-2025-02048;2025-04-21;USD;285653.31;TRANSFERENCIA;
COB-002897;DOC-2025-03301;2025-04-21;CLP;4336429;TRANSFERENCIA;
COB-002985;DOC-2025-04303;2025-04-21;CLP;72403328;TRANSFERENCIA;
COB-003103;DOC-2025-02387;2025-04-21;USD;41293.39;FACTORING;FCT-2025-0116
COB-002138;DOC-2024-01213;2025-04-22;CLP;4854442;TRANSFERENCIA;
COB-002447;DOC-2025-02459;2025-04-22;USD;62018.33;CHEQUE;
COB-002467;DOC-2025-02386;2025-04-22;USD;48914.02;TRANSFERENCIA;
COB-002517;DOC-2025-02471;2025-04-22;USD;54641.68;TRANSFERENCIA;
COB-002581;DOC-2025-03946;2025-04-22;CLP;2699227;TRANSFERENCIA;
COB-002640;DOC-2025-04173;2025-04-22;CLP;16910226;TRANSFERENCIA;
COB-002678;DOC-2025-02689;2025-04-22;CLP;1156657;TRANSFERENCIA;
COB-002688;DOC-2025-03758;2025-04-22;CLP;11197474;COMPENSACION;
COB-002847;DOC-2025-04041;2025-04-22;CLP;5607018;CHEQUE;
COB-002904;DOC-2025-03481;2025-04-22;CLP;9775358;TRANSFERENCIA;
COB-003207;DOC-2025-02466;2025-04-22;USD;45138.63;FACTORING;FCT-2025-0118
COB-002387;DOC-2024-00362;2025-04-23;USD;79624.75;TRANSFERENCIA;
COB-002583;DOC-2025-04044;2025-04-23;CLP;8973688;TRANSFERENCIA;
COB-002609;DOC-2025-03705;2025-04-23;CLP;6641179;TRANSFERENCIA;
COB-002672;DOC-2025-04092;2025-04-23;CLP;7452658;CHEQUE;
COB-002718;DOC-2025-03985;2025-04-23;CLP;12154424;TRANSFERENCIA;
COB-002782;DOC-2025-03058;2025-04-23;CLP;12194101;TRANSFERENCIA;
COB-002825;DOC-2025-02565;2025-04-23;CLP;2109220;CHEQUE;
COB-002948;DOC-2025-03166;2025-04-23;CLP;13811359;TRANSFERENCIA;
COB-003159;DOC-2025-02322;2025-04-23;USD;47069.71;FACTORING;FCT-2025-0117
COB-002568;DOC-2025-02824;2025-04-24;CLP;1123116;CHEQUE;
COB-002673;DOC-2025-02121;2025-04-24;USD;52600.03;TRANSFERENCIA;
COB-002763;DOC-2025-02608;2025-04-24;CLP;2966288;TRANSFERENCIA;
COB-001795;DOC-2024-01052;2025-04-25;CLP;7084886;TRANSFERENCIA;
COB-002092;DOC-2024-01705;2025-04-25;CLP;2304979;TRANSFERENCIA;
COB-002324;DOC-2024-00501;2025-04-25;CLP;12043487;TRANSFERENCIA;
COB-002438;DOC-2025-03564;2025-04-25;CLP;2524112;TRANSFERENCIA;
COB-002615;DOC-2025-03967;2025-04-25;CLP;8794669;TRANSFERENCIA;
COB-001349;DOC-2024-00565;2025-04-28;CLP;3883716;TRANSFERENCIA;
COB-001983;DOC-2024-00619;2025-04-28;CLP;4576329;TRANSFERENCIA;
COB-002096;DOC-2024-00337;2025-04-28;USD;16000.7;TRANSFERENCIA;FCT-2024-0069
COB-002203;DOC-2024-01984;2025-04-28;CLP;11085710;TRANSFERENCIA;
COB-002443;DOC-2025-04116;2025-04-28;CLP;8820069;TRANSFERENCIA;
COB-002490;DOC-2025-02258;2025-04-28;USD;323320.73;TRANSFERENCIA;
COB-002655;DOC-2025-03647;2025-04-28;CLP;1493758;TRANSFERENCIA;
COB-002722;DOC-2025-02222;2025-04-28;USD;11189.82;TRANSFERENCIA;
COB-002751;DOC-2025-04099;2025-04-28;CLP;12961919;TRANSFERENCIA;
COB-002798;DOC-2025-02687;2025-04-28;CLP;3374411;TRANSFERENCIA;
COB-002841;DOC-2025-03189;2025-04-28;CLP;6045138;TRANSFERENCIA;
COB-002889;DOC-2025-03016;2025-04-28;CLP;13062745;COMPENSACION;
COB-002918;DOC-2025-04276;2025-04-28;CLP;4106606;TRANSFERENCIA;
COB-002956;DOC-2025-03912;2025-04-28;CLP;9823363;TRANSFERENCIA;
COB-003169;DOC-2025-03159;2025-04-28;CLP;2928595;TRANSFERENCIA;
COB-002819;DOC-2025-04075;2025-04-29;CLP;26498731;TRANSFERENCIA;
COB-003114;DOC-2025-03080;2025-04-29;CLP;1561669;TRANSFERENCIA;
COB-003116;DOC-2025-03186;2025-04-29;CLP;3022713;TRANSFERENCIA;
COB-003276;DOC-2025-02514;2025-04-29;USD;137882.78;FACTORING;FCT-2025-0121
COB-002185;DOC-2024-01328;2025-04-30;CLP;4172494;TRANSFERENCIA;
COB-002584;DOC-2025-04247;2025-04-30;CLP;7719509;TRANSFERENCIA;
COB-002675;DOC-2025-02373;2025-04-30;CLP;194470805;CHEQUE;
COB-002752;DOC-2025-04195;2025-04-30;CLP;9466557;TRANSFERENCIA;
COB-001745;DOC-2024-01347;2025-05-02;CLP;29550616;TRANSFERENCIA;
COB-002638;DOC-2025-04067;2025-05-02;CLP;5339700;TRANSFERENCIA;
COB-002729;DOC-2025-02763;2025-05-02;CLP;9618986;TRANSFERENCIA;
COB-002730;DOC-2025-02782;2025-05-02;CLP;3089686;TRANSFERENCIA;
COB-002761;DOC-2025-03975;2025-05-02;CLP;3644333;TRANSFERENCIA;
COB-002776;DOC-2025-03537;2025-05-02;CLP;3607355;TRANSFERENCIA;
COB-002967;DOC-2025-03122;2025-05-02;CLP;13872905;TRANSFERENCIA;
COB-002998;DOC-2025-03941;2025-05-02;CLP;7681802;CHEQUE;
COB-001614;DOC-2024-00707;2025-05-05;CLP;660577;TRANSFERENCIA;
COB-001898;DOC-2024-01341;2025-05-05;CLP;4480766;TRANSFERENCIA;
COB-002051;DOC-2024-00302;2025-05-05;USD;131243.98;TRANSFERENCIA;
COB-002398;DOC-2024-00277;2025-05-05;USD;18319.28;CHEQUE;
COB-002402;DOC-2024-01124;2025-05-05;CLP;2158821;TRANSFERENCIA;
COB-002425;DOC-2025-02060;2025-05-05;USD;10558.49;CHEQUE;
COB-002469;DOC-2025-02799;2025-05-05;CLP;16109870;TRANSFERENCIA;
COB-002477;DOC-2025-02578;2025-05-05;CLP;1554977;TRANSFERENCIA;
COB-002513;DOC-2025-04330;2025-05-05;CLP;4200933;TRANSFERENCIA;
COB-002621;DOC-2025-02218;2025-05-05;CLP;21971694;TRANSFERENCIA;
COB-002842;DOC-2025-03610;2025-05-05;CLP;7769899;TRANSFERENCIA;
COB-002887;DOC-2025-02988;2025-05-05;CLP;3529815;TRANSFERENCIA;
COB-002898;DOC-2025-03301;2025-05-05;CLP;4791896;TRANSFERENCIA;
COB-003054;DOC-2025-03788;2025-05-05;CLP;3757080;CHEQUE;
COB-003286;DOC-2025-02111;2025-05-05;USD;65732.32;FACTORING;FCT-2025-0122
COB-001317;DOC-2024-01582;2025-05-06;CLP;26706389;TRANSFERENCIA;
COB-002210;DOC-2024-00679;2025-05-06;CLP;949453;CHEQUE;
COB-002355;DOC-2024-01593;2025-05-06;CLP;3628283;TRANSFERENCIA;
COB-002380;DOC-2024-00050;2025-05-06;USD;1213.48;TRANSFERENCIA;FCT-2024-0080
COB-002973;DOC-2025-03410;2025-05-06;CLP;1814224;CHEQUE;
COB-003028;DOC-2025-03520;2025-05-06;CLP;6129187;TRANSFERENCIA;
COB-002010;DOC-2024-01053;2025-05-07;CLP;24662078;TRANSFERENCIA;
COB-002099;DOC-2024-01162;2025-05-07;CLP;704753;TRANSFERENCIA;
COB-002370;DOC-2024-01854;2025-05-07;CLP;4668007;TRANSFERENCIA;
COB-002461;DOC-2025-02470;2025-05-07;USD;33060.12;TRANSFERENCIA;FCT-2025-0085
COB-002473;DOC-2025-02099;2025-05-07;USD;21496.37;TRANSFERENCIA;FCT-2025-0086
COB-002840;DOC-2025-03140;2025-05-07;CLP;1435388;TRANSFERENCIA;
COB-002861;DOC-2025-03282;2025-05-07;CLP;1070628;TRANSFERENCIA;
COB-002882;DOC-2025-04108;2025-05-07;CLP;26702053;TRANSFERENCIA;
COB-002966;DOC-2025-02855;2025-05-07;CLP;2209095;TRANSFERENCIA;
COB-003316;DOC-2025-02363;2025-05-07;USD;69570.03;FACTORING;FCT-2025-0125
COB-002104;DOC-2024-00496;2025-05-08;CLP;4932768;TRANSFERENCIA;
COB-002307;DOC-2024-01770;2025-05-08;CLP;736384;TRANSFERENCIA;
COB-002585;DOC-2025-04320;2025-05-08;CLP;10112988;TRANSFERENCIA;
COB-002666;DOC-2025-02712;2025-05-08;CLP;16818215;COMPENSACION;
COB-002693;DOC-2025-04190;2025-05-08;CLP;3993598;TRANSFERENCIA;
COB-002896;DOC-2025-02755;2025-05-08;CLP;5114093;TRANSFERENCIA;
COB-002942;DOC-2025-03074;2025-05-08;CLP;14004829;CHEQUE;
COB-003289;DOC-2025-02491;2025-05-08;USD;237362.36;FACTORING;FCT-2025-0123
COB-001913;DOC-2024-01038;2025-05-09;CLP;4684049;TRANSFERENCIA;
COB-001926;DOC-2024-00781;2025-05-09;CLP;3838765;TRANSFERENCIA;
COB-001933;DOC-2024-01527;2025-05-09;CLP;4833400;TRANSFERENCIA;
COB-002122;DOC-2024-00259;2025-05-09;USD;34083.21;TRANSFERENCIA;
COB-002624;DOC-2025-02336;2025-05-09;USD;16110.24;TRANSFERENCIA;
COB-002768;DOC-2025-04283;2025-05-09;CLP;1709619;TRANSFERENCIA;
COB-002805;DOC-2025-03150;2025-05-09;CLP;5025964;TRANSFERENCIA;
COB-002933;DOC-2025-03830;2025-05-09;CLP;6063115;CHEQUE;
COB-003009;DOC-2025-03781;2025-05-09;CLP;7349843;TRANSFERENCIA;
COB-003030;DOC-2025-04057;2025-05-09;CLP;13473592;TRANSFERENCIA;
COB-003044;DOC-2025-03596;2025-05-09;CLP;10351558;TRANSFERENCIA;
COB-003246;DOC-2025-02328;2025-05-09;USD;70372.93;FACTORING;FCT-2025-0119
COB-002180;DOC-2024-00490;2025-05-12;CLP;2023370;CHEQUE;
COB-002372;DOC-2024-00074;2025-05-12;USD;292296.61;TRANSFERENCIA;
COB-002521;DOC-2025-03405;2025-05-12;CLP;6423004;TRANSFERENCIA;
COB-002531;DOC-2025-03935;2025-05-12;CLP;8019284;TRANSFERENCIA;
COB-002538;DOC-2025-02094;2025-05-12;CLP;38078062;TRANSFERENCIA;
COB-002545;DOC-2025-02247;2025-05-12;USD;13541.36;TRANSFERENCIA;
COB-002619;DOC-2025-02084;2025-05-12;USD;47491.5;TRANSFERENCIA;
COB-002626;DOC-2025-02660;2025-05-12;CLP;19431998;TRANSFERENCIA;
COB-002705;DOC-2025-04251;2025-05-12;CLP;22117308;TRANSFERENCIA;
COB-002766;DOC-2025-03919;2025-05-12;CLP;68143506;TRANSFERENCIA;
COB-002831;DOC-2025-03785;2025-05-12;CLP;4017044;TRANSFERENCIA;
COB-002849;DOC-2025-02182;2025-05-12;USD;93866.21;TRANSFERENCIA;
COB-002864;DOC-2025-03685;2025-05-12;CLP;1966227;TRANSFERENCIA;
COB-002869;DOC-2025-02224;2025-05-12;USD;13359.64;TRANSFERENCIA;
COB-002877;DOC-2025-03329;2025-05-12;CLP;1170014;TRANSFERENCIA;
COB-002879;DOC-2025-03697;2025-05-12;CLP;5030765;TRANSFERENCIA;
COB-002895;DOC-2025-02332;2025-05-12;USD;132008.58;TRANSFERENCIA;
COB-002906;DOC-2025-03769;2025-05-12;CLP;706082;TRANSFERENCIA;
COB-003062;DOC-2025-02955;2025-05-12;CLP;1178027;TRANSFERENCIA;
COB-003260;DOC-2025-02438;2025-05-12;USD;47160.54;FACTORING;FCT-2025-0120
COB-003329;DOC-2025-02453;2025-05-12;USD;25605.2;FACTORING;FCT-2025-0126
COB-002301;DOC-2024-00155;2025-05-13;USD;125241.81;TRANSFERENCIA;
COB-002322;DOC-2024-00182;2025-05-13;USD;4097.51;TRANSFERENCIA;FCT-2024-0079
COB-002992;DOC-2025-02132;2025-05-13;USD;76607.13;TRANSFERENCIA;
COB-000094;DOC-2024-01310;2025-05-14;CLP;443524;TRANSFERENCIA;
COB-002343;DOC-2024-01912;2025-05-14;CLP;6743995;TRANSFERENCIA;
COB-002408;DOC-2024-00473;2025-05-14;CLP;15196079;TRANSFERENCIA;
COB-002529;DOC-2025-03825;2025-05-14;CLP;3520594;TRANSFERENCIA;
COB-002659;DOC-2025-02200;2025-05-14;USD;149576.64;TRANSFERENCIA;
COB-002913;DOC-2025-03212;2025-05-14;CLP;1183376;TRANSFERENCIA;
COB-002936;DOC-2025-03958;2025-05-14;CLP;4407892;TRANSFERENCIA;
COB-003073;DOC-2025-04248;2025-05-14;CLP;109300001;TRANSFERENCIA;
COB-003108;DOC-2025-02704;2025-05-14;CLP;4397898;CHEQUE;
COB-002553;DOC-2025-02031;2025-05-15;USD;12359.91;TRANSFERENCIA;
COB-002610;DOC-2025-03705;2025-05-15;CLP;8287212;CHEQUE;
COB-002703;DOC-2025-02171;2025-05-15;USD;32500.05;TRANSFERENCIA;
COB-002721;DOC-2025-02134;2025-05-15;CLP;5438283;TRANSFERENCIA;FCT-2025-0096
COB-002837;DOC-2025-02509;2025-05-15;USD;26311.51;TRANSFERENCIA;
COB-002921;DOC-2025-02190;2025-05-15;USD;72656.45;TRANSFERENCIA;
COB-002266;DOC-2024-00407;2025-05-16;CLP;1776010;CHEQUE;
COB-002563;DOC-2025-02257;2025-05-16;CLP;30638565;TRANSFERENCIA;
COB-001049;DOC-2024-00769;2025-05-19;CLP;3420911;TRANSFERENCIA;
COB-001148;DOC-2024-00875;2025-05-19;CLP;4448050;TRANSFERENCIA;
COB-001659;DOC-2024-01628;2025-05-19;CLP;5529313;TRANSFERENCIA;
COB-001929;DOC-2024-01108;2025-05-19;CLP;12599223;TRANSFERENCIA;
COB-002157;DOC-2024-01205;2025-05-19;CLP;1493090;TRANSFERENCIA;
COB-002267;DOC-2024-00443;2025-05-19;CLP;9366652;TRANSFERENCIA;
COB-002422;DOC-2025-04049;2025-05-19;CLP;15422206;TRANSFERENCIA;
COB-002518;DOC-2025-02471;2025-05-19;USD;33774.35;TRANSFERENCIA;
COB-002628;DOC-2025-02699;2025-05-19;CLP;5645384;TRANSFERENCIA;
COB-002643;DOC-2025-02909;2025-05-19;CLP;3707579;TRANSFERENCIA;
COB-002665;DOC-2025-04103;2025-05-19;CLP;38736152;CHEQUE;
COB-002685;DOC-2025-03579;2025-05-19;CLP;4698632;TRANSFERENCIA;
COB-002687;DOC-2025-03729;2025-05-19;CLP;3753898;TRANSFERENCIA;
COB-002712;DOC-2025-03637;2025-05-19;CLP;37226626;TRANSFERENCIA;
COB-002743;DOC-2025-03313;2025-05-19;CLP;3201926;TRANSFERENCIA;
COB-002765;DOC-2025-03694;2025-05-19;CLP;26680898;TRANSFERENCIA;
COB-002769;DOC-2025-04341;2025-05-19;CLP;7244239;TRANSFERENCIA;
COB-002811;DOC-2025-03688;2025-05-19;CLP;7546955;TRANSFERENCIA;
COB-002982;DOC-2025-03953;2025-05-19;CLP;8262103;TRANSFERENCIA;
COB-003007;DOC-2025-03265;2025-05-19;CLP;21437221;CHEQUE;
COB-003031;DOC-2025-04188;2025-05-19;CLP;4308674;TRANSFERENCIA;
COB-003095;DOC-2025-02601;2025-05-19;CLP;3572015;TRANSFERENCIA;
COB-003115;DOC-2025-03080;2025-05-19;CLP;1561669;TRANSFERENCIA;
COB-003233;DOC-2025-04073;2025-05-19;CLP;25662594;CHEQUE;
COB-003314;DOC-2025-02337;2025-05-19;USD;41246.52;FACTORING;FCT-2025-0124
COB-003356;DOC-2025-02095;2025-05-19;USD;251451.42;FACTORING;FCT-2025-0127
COB-004306;DOC-2023-90049;2025-05-19;CLP;4705765;CHEQUE;
COB-000443;DOC-2024-01215;2025-05-20;CLP;735765;TRANSFERENCIA;
COB-001912;DOC-2024-00729;2025-05-20;CLP;35873056;CHEQUE;
COB-001986;DOC-2024-00462;2025-05-20;CLP;15275455;TRANSFERENCIA;
COB-002328;DOC-2024-00935;2025-05-20;CLP;562209;TRANSFERENCIA;
COB-002459;DOC-2025-02366;2025-05-20;USD;4610.16;TRANSFERENCIA;
COB-002785;DOC-2025-02087;2025-05-20;USD;133806.89;TRANSFERENCIA;
COB-002924;DOC-2025-02636;2025-05-20;CLP;1408130;TRANSFERENCIA;
COB-003025;DOC-2025-03257;2025-05-20;CLP;29734372;TRANSFERENCIA;
COB-003066;DOC-2025-03555;2025-05-20;CLP;3090954;TRANSFERENCIA;
COB-003076;DOC-2025-03436;2025-05-20;CLP;4234711;TRANSFERENCIA;
COB-003127;DOC-2025-04194;2025-05-20;CLP;3190050;TRANSFERENCIA;
COB-003364;DOC-2025-02047;2025-05-20;USD;41873.24;FACTORING;FCT-2025-0128
COB-003417;DOC-2025-02277;2025-05-20;USD;46515.93;FACTORING;FCT-2025-0133
COB-001854;DOC-2024-01632;2025-05-22;CLP;7351645;TRANSFERENCIA;
COB-002305;DOC-2024-01429;2025-05-22;CLP;6500845;TRANSFERENCIA;
COB-002429;DOC-2025-02529;2025-05-22;CLP;24063844;TRANSFERENCIA;
COB-002607;DOC-2025-03516;2025-05-22;CLP;11941271;TRANSFERENCIA;
COB-002657;DOC-2025-02032;2025-05-22;USD;136351.44;COMPENSACION;
COB-002778;DOC-2025-02050;2025-05-22;USD;90955.72;CHEQUE;
COB-002818;DOC-2025-04001;2025-05-22;CLP;8029548;CHEQUE;
COB-002884;DOC-2025-02421;2025-05-22;CLP;91556872;TRANSFERENCIA;
COB-002915;DOC-2025-03841;2025-05-22;CLP;1100262;TRANSFERENCIA;
COB-003021;DOC-2025-02868;2025-05-22;CLP;1990510;TRANSFERENCIA;
COB-003032;DOC-2025-04198;2025-05-22;CLP;10489110;CHEQUE;
COB-003058;DOC-2025-02600;2025-05-22;CLP;5466175;TRANSFERENCIA;
COB-003074;DOC-2025-02517;2025-05-22;CLP;8044875;TRANSFERENCIA;
COB-003085;DOC-2025-04318;2025-05-22;CLP;5562784;CHEQUE;
COB-003224;DOC-2025-03631;2025-05-22;CLP;9699606;TRANSFERENCIA;
COB-002658;DOC-2025-02192;2025-05-23;USD;37584.09;TRANSFERENCIA;
COB-002706;DOC-2025-02106;2025-05-23;USD;80648.25;TRANSFERENCIA;
COB-002709;DOC-2025-02837;2025-05-23;CLP;7508676;COMPENSACION;
COB-002809;DOC-2025-03570;2025-05-23;CLP;1283611;TRANSFERENCIA;
COB-002817;DOC-2025-03932;2025-05-23;CLP;12798480;CHEQUE;
COB-002883;DOC-2025-04108;2025-05-23;CLP;27900381;COMPENSACION;
COB-002914;DOC-2025-03594;2025-05-23;CLP;11318058;TRANSFERENCIA;
COB-003371;DOC-2025-02285;2025-05-23;USD;100167.18;FACTORING;FCT-2025-0129
COB-001960;DOC-2024-00559;2025-05-26;CLP;2551089;TRANSFERENCIA;
COB-002199;DOC-2024-01348;2025-05-26;CLP;3870936;CHEQUE;
COB-002211;DOC-2024-00679;2025-05-26;CLP;1415185;TRANSFERENCIA;
COB-002329;DOC-2024-00935;2025-05-26;CLP;562209;TRANSFERENCIA;
COB-002391;DOC-2024-00978;2025-05-26;CLP;8983230;TRANSFERENCIA;
COB-002478;DOC-2025-02745;2025-05-26;CLP;9400325;TRANSFERENCIA;
COB-002511;DOC-2025-03993;2025-05-26;CLP;3982310;TRANSFERENCIA;
COB-002514;DOC-2025-04330;2025-05-26;CLP;3260005;TRANSFERENCIA;
COB-002527;DOC-2025-03737;2025-05-26;CLP;3340021;TRANSFERENCIA;
COB-002540;DOC-2025-02546;2025-05-26;CLP;6486006;TRANSFERENCIA;
COB-002636;DOC-2025-03486;2025-05-26;CLP;3971653;TRANSFERENCIA;
COB-002642;DOC-2025-04258;2025-05-26;CLP;16559903;CHEQUE;
COB-002656;DOC-2025-03647;2025-05-26;CLP;923121;CHEQUE;
COB-002773;DOC-2025-02722;2025-05-26;CLP;6431733;TRANSFERENCIA;
COB-002808;DOC-2025-03431;2025-05-26;CLP;1736497;TRANSFERENCIA;
COB-002827;DOC-2025-03215;2025-05-26;CLP;8921993;TRANSFERENCIA;
COB-002890;DOC-2025-03270;2025-05-26;CLP;2516406;COMPENSACION;
COB-002905;DOC-2025-03756;2025-05-26;CLP;2567131;CHEQUE;
COB-002975;DOC-2025-03674;2025-05-26;CLP;2727760;TRANSFERENCIA;
COB-002986;DOC-2025-02680;2025-05-26;CLP;473132;TRANSFERENCIA;
COB-003020;DOC-2025-02681;2025-05-26;CLP;4526816;CHEQUE;
COB-003039;DOC-2025-04214;2025-05-26;CLP;22226000;TRANSFERENCIA;
COB-003070;DOC-2025-04143;2025-05-26;CLP;9084098;TRANSFERENCIA;
COB-003080;DOC-2025-03921;2025-05-26;CLP;13283694;TRANSFERENCIA;
COB-003124;DOC-2025-03928;2025-05-26;CLP;2808104;CHEQUE;
COB-003177;DOC-2025-03664;2025-05-26;CLP;7407888;TRANSFERENCIA;
COB-003259;DOC-2025-04300;2025-05-26;CLP;29421828;TRANSFERENCIA;
COB-003405;DOC-2025-03368;2025-05-26;CLP;2093756;TRANSFERENCIA;
COB-003446;DOC-2025-02246;2025-05-26;USD;138568.05;FACTORING;FCT-2025-0135
COB-002255;DOC-2024-00350;2025-05-27;USD;83929.78;TRANSFERENCIA;
COB-002891;DOC-2025-04299;2025-05-27;CLP;3203344;COMPENSACION;
COB-002943;DOC-2025-03995;2025-05-27;CLP;18825130;TRANSFERENCIA;
COB-003034;DOC-2025-02923;2025-05-27;CLP;1906486;CHEQUE;
COB-002403;DOC-2024-01124;2025-05-28;CLP;1990798;TRANSFERENCIA;
COB-002815;DOC-2025-03893;2025-05-28;CLP;8172063;TRANSFERENCIA;
COB-002843;DOC-2025-03610;2025-05-28;CLP;7085092;TRANSFERENCIA;
COB-003035;DOC-2025-03962;2025-05-28;CLP;3716095;CHEQUE;
COB-003055;DOC-2025-03877;2025-05-28;CLP;5381644;TRANSFERENCIA;
COB-003056;DOC-2025-02431;2025-05-28;USD;39305.65;TRANSFERENCIA;
COB-003269;DOC-2025-03574;2025-05-28;CLP;2380766;TRANSFERENCIA;
COB-003444;DOC-2025-03909;2025-05-28;CLP;2522405;TRANSFERENCIA;
COB-000674;DOC-2024-01431;2025-05-29;CLP;1442284;TRANSFERENCIA;
COB-001653;DOC-2024-00980;2025-05-29;CLP;1676514;CHEQUE;
COB-002444;DOC-2025-04122;2025-05-29;CLP;20907283;TRANSFERENCIA;
COB-002795;DOC-2025-02468;2025-05-29;USD;65262.41;COMPENSACION;
COB-003010;DOC-2025-03888;2025-05-29;CLP;1700708;TRANSFERENCIA;
COB-003202;DOC-2025-03317;2025-05-29;CLP;4830884;TRANSFERENCIA;
COB-003215;DOC-2025-03153;2025-05-29;CLP;6705318;TRANSFERENCIA;
COB-003229;DOC-2025-03868;2025-05-29;CLP;1824901;TRANSFERENCIA;
COB-003241;DOC-2025-03787;2025-05-29;CLP;6622493;TRANSFERENCIA;
COB-002295;DOC-2024-00574;2025-05-30;CLP;8449134;TRANSFERENCIA;
COB-002491;DOC-2025-02796;2025-05-30;CLP;3863258;TRANSFERENCIA;
COB-002586;DOC-2025-02300;2025-05-30;USD;82902.98;COMPENSACION;
COB-002599;DOC-2025-03509;2025-05-30;CLP;20384427;TRANSFERENCIA;
COB-002781;DOC-2025-02596;2025-05-30;CLP;7723893;TRANSFERENCIA;
COB-002787;DOC-2025-02138;2025-05-30;USD;4958.61;TRANSFERENCIA;FCT-2025-0102
COB-003033;DOC-2025-04312;2025-05-30;CLP;16793727;TRANSFERENCIA;
COB-003046;DOC-2025-04193;2025-05-30;CLP;6084906;COMPENSACION;
COB-003389;DOC-2025-02250;2025-05-30;USD;81612.33;FACTORING;FCT-2025-0130
COB-001880;DOC-2024-00913;2025-06-02;CLP;4463179;TRANSFERENCIA;
COB-002245;DOC-2024-00135;2025-06-02;USD;10316.35;TRANSFERENCIA;FCT-2024-0077
COB-002371;DOC-2024-01854;2025-06-02;CLP;7283092;CHEQUE;
COB-002542;DOC-2025-03653;2025-06-02;CLP;5982078;TRANSFERENCIA;
COB-002561;DOC-2025-02592;2025-06-02;CLP;2565579;TRANSFERENCIA;
COB-002565;DOC-2025-02560;2025-06-02;CLP;2296606;TRANSFERENCIA;
COB-002608;DOC-2025-03516;2025-06-02;CLP;7240208;TRANSFERENCIA;
COB-002686;DOC-2025-03665;2025-06-02;CLP;7016438;TRANSFERENCIA;
COB-002832;DOC-2025-04229;2025-06-02;CLP;60664759;TRANSFERENCIA;
COB-002838;DOC-2025-02509;2025-06-02;USD;35748.65;TRANSFERENCIA;
COB-002848;DOC-2025-04085;2025-06-02;CLP;23769924;TRANSFERENCIA;
COB-002983;DOC-2025-04045;2025-06-02;CLP;27406676;CHEQUE;
COB-002984;DOC-2025-04181;2025-06-02;CLP;9758997;COMPENSACION;
COB-002995;DOC-2025-02482;2025-06-02;USD;77769.22;TRANSFERENCIA;
COB-003106;DOC-2025-02695;2025-06-02;CLP;6165583;CHEQUE;
COB-003123;DOC-2025-03904;2025-06-02;CLP;3123986;TRANSFERENCIA;
COB-003181;DOC-2025-04065;2025-06-02;CLP;6660749;TRANSFERENCIA;
COB-003189;DOC-2025-03589;2025-06-02;CLP;2305996;TRANSFERENCIA;
COB-003213;DOC-2025-03010;2025-06-02;CLP;4280305;TRANSFERENCIA;
COB-003223;DOC-2025-03612;2025-06-02;CLP;13074656;TRANSFERENCIA;
COB-003237;DOC-2025-02630;2025-06-02;CLP;3182144;CHEQUE;
COB-003249;DOC-2025-02697;2025-06-02;CLP;18438259;TRANSFERENCIA;
COB-003301;DOC-2025-03840;2025-06-02;CLP;1851056;TRANSFERENCIA;
COB-003406;DOC-2025-03458;2025-06-02;CLP;14597172;TRANSFERENCIA;
COB-003442;DOC-2025-03672;2025-06-02;CLP;1628726;TRANSFERENCIA;
COB-004285;DOC-2024-91124;2025-06-02;CLP;2398613;TRANSFERENCIA;
COB-002623;DOC-2025-02289;2025-06-03;USD;70116.61;TRANSFERENCIA;
COB-002774;DOC-2025-03283;2025-06-03;CLP;4459154;TRANSFERENCIA;
COB-002908;DOC-2025-02460;2025-06-03;CLP;8895887;TRANSFERENCIA;
COB-003255;DOC-2025-03290;2025-06-03;CLP;7361261;CHEQUE;
COB-003500;DOC-2025-03857;2025-06-03;CLP;9097264;COMPENSACION;
COB-002344;DOC-2024-01912;2025-06-04;CLP;6743995;TRANSFERENCIA;
COB-002707;DOC-2025-02488;2025-06-04;USD;13444.94;TRANSFERENCIA;
COB-002810;DOC-2025-03570;2025-06-04;CLP;2129816;TRANSFERENCIA;
COB-003014;DOC-2025-02370;2025-06-04;USD;12753.74;TRANSFERENCIA;FCT-2025-0113
COB-003257;DOC-2025-03511;2025-06-04;CLP;10296775;TRANSFERENCIA;
COB-003327;DOC-2025-04255;2025-06-04;CLP;3454294;TRANSFERENCIA;
COB-002105;DOC-2024-00496;2025-06-05;CLP;3781771;COMPENSACION;
COB-002283;DOC-2024-01619;2025-06-05;CLP;4700284;TRANSFERENCIA;
COB-002682;DOC-2025-03471;2025-06-05;CLP;1958810;TRANSFERENCIA;
COB-002719;DOC-2025-04346;2025-06-05;CLP;76321885;TRANSFERENCIA;
COB-002851;DOC-2025-02267;2025-06-05;CLP;7252050;TRANSFERENCIA;FCT-2025-0106
COB-002937;DOC-2025-03978;2025-06-05;CLP;3242390;TRANSFERENCIA;
COB-003060;DOC-2025-02835;2025-06-05;CLP;5405654;TRANSFERENCIA;
COB-003064;DOC-2025-03185;2025-06-05;CLP;6425673;TRANSFERENCIA;
COB-003071;DOC-2025-04215;2025-06-05;CLP;2038513;TRANSFERENCIA;
COB-003113;DOC-2025-02971;2025-06-05;CLP;9133963;TRANSFERENCIA;
COB-003183;DOC-2025-04221;2025-06-05;CLP;12148058;TRANSFERENCIA;
COB-003186;DOC-2025-03279;2025-06-05;CLP;2058295;TRANSFERENCIA;
COB-003219;DOC-2025-03439;2025-06-05;CLP;1548636;TRANSFERENCIA;
COB-003280;DOC-2025-02739;2025-06-05;CLP;30995339;TRANSFERENCIA;
COB-003295;DOC-2025-03454;2025-06-05;CLP;10084474;CHEQUE;
COB-003415;DOC-2025-02212;2025-06-05;USD;62963.44;FACTORING;FCT-2025-0132
COB-003433;DOC-2025-02128;2025-06-05;USD;47482.18;FACTORING;FCT-2025-0134
COB-002439;DOC-2025-03564;2025-06-06;CLP;4479454;TRANSFERENCIA;
COB-002754;DOC-2025-02203;2025-06-06;USD;1999.31;TRANSFERENCIA;FCT-2025-0099
COB-002888;DOC-2025-02988;2025-06-06;CLP;2522876;COMPENSACION;
COB-002925;DOC-2025-02636;2025-06-06;CLP;1408130;TRANSFERENCIA;
COB-003006;DOC-2025-03156;2025-06-06;CLP;10134322;TRANSFERENCIA;
COB-003129;DOC-2025-04234;2025-06-06;CLP;9941977;TRANSFERENCIA;
COB-000448;DOC-2024-01400;2025-06-09;CLP;895701;TRANSFERENCIA;
COB-002071;DOC-2024-01646;2025-06-09;CLP;2934853;TRANSFERENCIA;
COB-002280;DOC-2024-01412;2025-06-09;CLP;10698308;CHEQUE;
COB-002308;DOC-2024-01770;2025-06-09;CLP;736384;TRANSFERENCIA;
COB-002393;DOC-2024-01261;2025-06-09;CLP;2289923;TRANSFERENCIA;
COB-002456;DOC-2025-02079;2025-06-09;CLP;54147461;TRANSFERENCIA;
COB-002634;DOC-2025-03447;2025-06-09;CLP;7234174;TRANSFERENCIA;
COB-002777;DOC-2025-04154;2025-06-09;CLP;17996986;TRANSFERENCIA;
COB-002779;DOC-2025-02050;2025-06-09;USD;105661.21;TRANSFERENCIA;
COB-002820;DOC-2025-04148;2025-06-09;CLP;5635096;TRANSFERENCIA;
COB-002899;DOC-2025-04083;2025-06-09;CLP;5734267;TRANSFERENCIA;
COB-002919;DOC-2025-04276;2025-06-09;CLP;4228600;TRANSFERENCIA;
COB-002969;DOC-2025-03253;2025-06-09;CLP;918958;TRANSFERENCIA;
COB-002976;DOC-2025-03674;2025-06-09;CLP;2725661;TRANSFERENCIA;
COB-003015;DOC-2025-02410;2025-06-09;USD;48858.26;TRANSFERENCIA;
COB-003037;DOC-2025-02139;2025-06-09;USD;55873.08;TRANSFERENCIA;
COB-003065;DOC-2025-03479;2025-06-09;CLP;8812469;TRANSFERENCIA;
COB-003102;DOC-2025-02347;2025-06-09;CLP;32201376;TRANSFERENCIA;
COB-003126;DOC-2025-03979;2025-06-09;CLP;3864790;TRANSFERENCIA;
COB-003155;DOC-2025-03457;2025-06-09;CLP;6316662;TRANSFERENCIA;
COB-003195;DOC-2025-03359;2025-06-09;CLP;2280925;TRANSFERENCIA;
COB-003291;DOC-2025-02672;2025-06-09;CLP;2103808;CHEQUE;
COB-003413;DOC-2025-02044;2025-06-09;USD;32915.87;FACTORING;FCT-2025-0131
COB-001681;DOC-2024-01275;2025-06-10;CLP;6980296;TRANSFERENCIA;
COB-002159;DOC-2024-01298;2025-06-10;CLP;6995495;CHEQUE;
COB-002717;DOC-2025-03208;2025-06-10;CLP;8218380;CHEQUE;
COB-002823;DOC-2025-04324;2025-06-10;CLP;45458538;TRANSFERENCIA;
COB-002892;DOC-2025-04299;2025-06-10;CLP;4426907;TRANSFERENCIA;
COB-002935;DOC-2025-03890;2025-06-10;CLP;8146125;TRANSFERENCIA;
COB-003048;DOC-2025-04242;2025-06-10;CLP;14211355;CHEQUE;
COB-003068;DOC-2025-03762;2025-06-10;CLP;7840920;CHEQUE;
COB-003075;DOC-2025-03147;2025-06-10;CLP;1743430;TRANSFERENCIA;
COB-003086;DOC-2025-04318;2025-06-10;CLP;7173807;CHEQUE;
COB-003118;DOC-2025-03422;2025-06-10;CLP;4411466;TRANSFERENCIA;
COB-003429;DOC-2025-03770;2025-06-10;CLP;13036828;TRANSFERENCIA;
COB-004288;DOC-2025-98957;2025-06-10;CLP;6117694;COMPENSACION;
COB-000091;DOC-2024-00854;2025-06-11;CLP;8627658;CHEQUE;
COB-002734;DOC-2025-02880;2025-06-11;CLP;7742415;CHEQUE;
COB-002799;DOC-2025-02687;2025-06-11;CLP;3559724;TRANSFERENCIA;
COB-002997;DOC-2025-03805;2025-06-11;CLP;22529661;TRANSFERENCIA;
COB-003449;DOC-2025-02070;2025-06-11;USD;93201.45;FACTORING;FCT-2025-0136
COB-002100;DOC-2024-01162;2025-06-12;CLP;788169;CHEQUE;
COB-002526;DOC-2025-03642;2025-06-12;CLP;7999879;TRANSFERENCIA;
COB-002530;DOC-2025-03825;2025-06-12;CLP;4497680;TRANSFERENCIA;
COB-002844;DOC-2025-03651;2025-06-12;CLP;23522425;TRANSFERENCIA;
COB-002875;DOC-2025-03164;2025-06-12;CLP;5020058;TRANSFERENCIA;
COB-002916;DOC-2025-03841;2025-06-12;CLP;1670703;TRANSFERENCIA;
COB-002977;DOC-2025-03675;2025-06-12;CLP;3594979;TRANSFERENCIA;
COB-003011;DOC-2025-02199;2025-06-12;USD;31882.37;TRANSFERENCIA;
COB-003088;DOC-2025-02425;2025-06-12;USD;9973.63;TRANSFERENCIA;
COB-003178;DOC-2025-03934;2025-06-12;CLP;2369610;CHEQUE;
COB-003512;DOC-2025-02309;2025-06-12;USD;21624.11;FACTORING;FCT-2025-0138
COB-001888;DOC-2024-01497;2025-06-13;CLP;1325176;TRANSFERENCIA;
COB-002044;DOC-2024-01479;2025-06-13;CLP;1874222;TRANSFERENCIA;
COB-003016;DOC-2025-02512;2025-06-13;CLP;36216033;TRANSFERENCIA;
COB-003311;DOC-2025-04329;2025-06-13;CLP;12716046;TRANSFERENCIA;
COB-003349;DOC-2025-03927;2025-06-13;CLP;2928483;CHEQUE;
COB-002126;DOC-2024-01508;2025-06-16;CLP;2705962;TRANSFERENCIA;
COB-002400;DOC-2024-00994;2025-06-16;CLP;4133453;TRANSFERENCIA;
COB-002451;DOC-2025-03348;2025-06-16;CLP;12704721;TRANSFERENCIA;
COB-002552;DOC-2025-04336;2025-06-16;CLP;6533002;TRANSFERENCIA;
COB-002562;DOC-2025-03977;2025-06-16;CLP;6185635;TRANSFERENCIA;
COB-002618;DOC-2025-02038;2025-06-16;USD;6512.25;TRANSFERENCIA;FCT-2025-0091
COB-002770;DOC-2025-02191;2025-06-16;USD;197121.83;TRANSFERENCIA;
COB-002949;DOC-2025-02885;2025-06-16;CLP;7498389;TRANSFERENCIA;
COB-002999;DOC-2025-04319;2025-06-16;CLP;18461764;COMPENSACION;
COB-003000;DOC-2025-02025;2025-06-16;USD;96148.96;TRANSFERENCIA;
COB-003012;DOC-2025-02369;2025-06-16;CLP;51087800;TRANSFERENCIA;
COB-003087;DOC-2025-02404;2025-06-16;USD;70629.43;TRANSFERENCIA;
COB-003131;DOC-2025-04321;2025-06-16;CLP;27940615;TRANSFERENCIA;
COB-003134;DOC-2025-03266;2025-06-16;CLP;9165192;TRANSFERENCIA;
COB-003137;DOC-2025-03973;2025-06-16;CLP;1867941;TRANSFERENCIA;
COB-003214;DOC-2025-03092;2025-06-16;CLP;3865440;TRANSFERENCIA;
COB-003226;DOC-2025-03750;2025-06-16;CLP;12570384;TRANSFERENCIA;
COB-003253;DOC-2025-03179;2025-06-16;CLP;3369224;TRANSFERENCIA;
COB-003270;DOC-2025-03574;2025-06-16;CLP;2486296;TRANSFERENCIA;
COB-003539;DOC-2025-02388;2025-06-16;USD;61052.36;FACTORING;FCT-2025-0140
COB-002852;DOC-2025-02419;2025-06-17;USD;35492.63;TRANSFERENCIA;
COB-003029;DOC-2025-03858;2025-06-17;CLP;9888622;TRANSFERENCIA;
COB-003069;DOC-2025-03869;2025-06-17;CLP;2863784;TRANSFERENCIA;
COB-003265;DOC-2025-03363;2025-06-17;CLP;3019195;TRANSFERENCIA;
COB-001848;DOC-2024-00621;2025-06-18;CLP;32921901;TRANSFERENCIA;
COB-001862;DOC-2024-01390;2025-06-18;CLP;1687556;CHEQUE;
COB-002005;DOC-2024-00811;2025-06-18;CLP;9046776;TRANSFERENCIA;
COB-002284;DOC-2024-01619;2025-06-18;CLP;3850359;TRANSFERENCIA;
COB-002862;DOC-2025-03282;2025-06-18;CLP;1144376;TRANSFERENCIA;
COB-003008;DOC-2025-03401;2025-06-18;CLP;18830573;TRANSFERENCIA;
COB-003117;DOC-2025-03201;2025-06-18;CLP;24121052;TRANSFERENCIA;
COB-003192;DOC-2025-04120;2025-06-18;CLP;6574096;TRANSFERENCIA;
COB-000686;DOC-2024-00815;2025-06-19;CLP;4816160;TRANSFERENCIA;
COB-002102;DOC-2024-00349;2025-06-19;USD;26597.42;TRANSFERENCIA;
COB-002647;DOC-2025-04275;2025-06-19;CLP;14429716;CHEQUE;
COB-002930;DOC-2025-02790;2025-06-19;CLP;4402949;TRANSFERENCIA;
COB-002963;DOC-2025-02405;2025-06-19;USD;11416.85;TRANSFERENCIA;
COB-003156;DOC-2025-03663;2025-06-19;CLP;2434170;TRANSFERENCIA;
COB-003185;DOC-2025-03194;2025-06-19;CLP;3137810;TRANSFERENCIA;
COB-003236;DOC-2025-02539;2025-06-19;CLP;9852549;TRANSFERENCIA;
COB-003353;DOC-2025-03420;2025-06-19;CLP;2177427;TRANSFERENCIA;
COB-003578;DOC-2025-02239;2025-06-19;CLP;64784992;FACTORING;FCT-2025-0141
COB-001972;DOC-2024-01615;2025-06-23;CLP;23614754;TRANSFERENCIA;
COB-002536;DOC-2025-02037;2025-06-23;USD;51331.89;TRANSFERENCIA;
COB-002554;DOC-2025-02031;2025-06-23;USD;7715.86;TRANSFERENCIA;
COB-002723;DOC-2025-02255;2025-06-23;USD;16919.87;CHEQUE;
COB-002938;DOC-2025-03978;2025-06-23;CLP;3242390;TRANSFERENCIA;
COB-002945;DOC-2025-04089;2025-06-23;CLP;4640598;TRANSFERENCIA;
COB-002968;DOC-2025-03207;2025-06-23;CLP;16526204;TRANSFERENCIA;
COB-002994;DOC-2025-04002;2025-06-23;CLP;4661184;CHEQUE;
COB-003026;DOC-2025-03362;2025-06-23;CLP;6544758;TRANSFERENCIA;
COB-003093;DOC-2025-02727;2025-06-23;CLP;3191284;TRANSFERENCIA;
COB-003109;DOC-2025-02822;2025-06-23;CLP;10566588;TRANSFERENCIA;
COB-003132;DOC-2025-02385;2025-06-23;USD;26438.12;TRANSFERENCIA;
COB-003165;DOC-2025-03033;2025-06-23;CLP;4765174;TRANSFERENCIA;
COB-003170;DOC-2025-03394;2025-06-23;CLP;5127103;TRANSFERENCIA;
COB-003174;DOC-2025-03556;2025-06-23;CLP;4419617;TRANSFERENCIA;
COB-003182;DOC-2025-04066;2025-06-23;CLP;8920735;TRANSFERENCIA;
COB-003211;DOC-2025-02906;2025-06-23;CLP;2557393;CHEQUE;
COB-003228;DOC-2025-03837;2025-06-23;CLP;11931287;TRANSFERENCIA;
COB-003322;DOC-2025-03620;2025-06-23;CLP;2436005;TRANSFERENCIA;
COB-003325;DOC-2025-04166;2025-06-23;CLP;11464058;TRANSFERENCIA;
COB-003398;DOC-2025-03172;2025-06-23;CLP;1679596;CHEQUE;
COB-003482;DOC-2025-02263;2025-06-23;USD;7680.45;FACTORING;FCT-2025-0137
COB-003502;DOC-2025-04000;2025-06-23;CLP;26073788;TRANSFERENCIA;
COB-003529;DOC-2025-02486;2025-06-23;USD;173803.53;FACTORING;FCT-2025-0139
COB-003613;DOC-2025-02210;2025-06-23;USD;14010.98;FACTORING;FCT-2025-0143
COB-004296;DOC-2023-91485;2025-06-23;CLP;6071910;TRANSFERENCIA;
COB-002557;DOC-2025-03950;2025-06-24;CLP;15210660;COMPENSACION;
COB-003063;DOC-2025-02955;2025-06-24;CLP;1037213;COMPENSACION;
COB-003135;DOC-2025-03288;2025-06-24;CLP;5686434;TRANSFERENCIA;
COB-003136;DOC-2025-03407;2025-06-24;CLP;18169043;TRANSFERENCIA;
COB-003275;DOC-2025-02394;2025-06-24;USD;26942.14;TRANSFERENCIA;
COB-003381;DOC-2025-03448;2025-06-24;CLP;5587640;TRANSFERENCIA;
COB-000449;DOC-2024-01400;2025-06-25;CLP;895701;CHEQUE;
COB-001367;DOC-2024-00514;2025-06-25;CLP;7939303;TRANSFERENCIA;
COB-001460;DOC-2024-01304;2025-06-25;CLP;13924736;TRANSFERENCIA;
COB-002736;DOC-2025-03154;2025-06-25;CLP;977370;TRANSFERENCIA;
COB-002907;DOC-2025-03769;2025-06-25;CLP;706082;TRANSFERENCIA;
COB-003022;DOC-2025-03021;2025-06-25;CLP;10206143;TRANSFERENCIA;
COB-003187;DOC-2025-03279;2025-06-25;CLP;1969513;TRANSFERENCIA;
COB-002127;DOC-2024-01508;2025-06-26;CLP;2134753;COMPENSACION;
COB-002604;DOC-2025-02426;2025-06-26;USD;52991.74;TRANSFERENCIA;
COB-002622;DOC-2025-02265;2025-06-26;USD;51857.82;TRANSFERENCIA;
COB-002788;DOC-2025-02179;2025-06-26;USD;41914.43;TRANSFERENCIA;
COB-003122;DOC-2025-03821;2025-06-26;CLP;7590469;TRANSFERENCIA;
COB-003172;DOC-2025-03460;2025-06-26;CLP;9543032;TRANSFERENCIA;
COB-003266;DOC-2025-03363;2025-06-26;CLP;2807603;CHEQUE;
COB-003292;DOC-2025-02672;2025-06-26;CLP;2840379;CHEQUE;
COB-003340;DOC-2025-03961;2025-06-26;CLP;5897572;TRANSFERENCIA;
COB-001885;DOC-2024-01369;2025-06-27;CLP;2291177;TRANSFERENCIA;
COB-002152;DOC-2024-01519;2025-06-27;CLP;4914394;TRANSFERENCIA;
COB-002760;DOC-2025-03538;2025-06-27;CLP;11520160;TRANSFERENCIA;
COB-002980;DOC-2025-03833;2025-06-27;CLP;5696805;TRANSFERENCIA;
COB-003243;DOC-2025-03917;2025-06-27;CLP;6144604;TRANSFERENCIA;
COB-003338;DOC-2025-03373;2025-06-27;CLP;5776477;TRANSFERENCIA;
COB-003347;DOC-2025-02804;2025-06-27;CLP;14255188;TRANSFERENCIA;
COB-001974;DOC-2024-01730;2025-06-30;CLP;4526515;TRANSFERENCIA;
COB-002158;DOC-2024-01205;2025-06-30;CLP;2335029;TRANSFERENCIA;
COB-002484;DOC-2025-03455;2025-06-30;CLP;2670278;TRANSFERENCIA;
COB-002726;DOC-2025-02294;2025-06-30;USD;8975.04;TRANSFERENCIA;FCT-2025-0097
COB-002744;DOC-2025-03313;2025-06-30;CLP;3742503;TRANSFERENCIA;
COB-002750;DOC-2025-04046;2025-06-30;CLP;6893475;TRANSFERENCIA;
COB-002791;DOC-2025-02356;2025-06-30;USD;13995.48;CHEQUE;
COB-002874;DOC-2025-02506;2025-06-30;USD;7704.43;TRANSFERENCIA;FCT-2025-0109
COB-002900;DOC-2025-02141;2025-06-30;CLP;6456602;TRANSFERENCIA;
COB-002944;DOC-2025-02463;2025-06-30;USD;52431.45;TRANSFERENCIA;
COB-002988;DOC-2025-03014;2025-06-30;CLP;6872653;COMPENSACION;
COB-003099;DOC-2025-02120;2025-06-30;USD;184321.05;TRANSFERENCIA;
COB-003140;DOC-2025-02195;2025-06-30;USD;100038.6;TRANSFERENCIA;
COB-003143;DOC-2025-03430;2025-06-30;CLP;4989654;TRANSFERENCIA;
COB-003145;DOC-2025-04296;2025-06-30;CLP;7719148;TRANSFERENCIA;
COB-003150;DOC-2025-02040;2025-06-30;USD;321669.88;TRANSFERENCIA;
COB-003166;DOC-2025-03048;2025-06-30;CLP;661296;TRANSFERENCIA;
COB-003216;DOC-2025-03153;2025-06-30;CLP;11454701;TRANSFERENCIA;
COB-003217;DOC-2025-03377;2025-06-30;CLP;11524663;TRANSFERENCIA;
COB-003227;DOC-2025-03750;2025-06-30;CLP;16171709;TRANSFERENCIA;
COB-003230;DOC-2025-03879;2025-06-30;CLP;4500954;TRANSFERENCIA;
COB-003298;DOC-2025-03690;2025-06-30;CLP;2661558;TRANSFERENCIA;
COB-003303;DOC-2025-04026;2025-06-30;CLP;6225831;TRANSFERENCIA;
COB-003308;DOC-2025-02476;2025-06-30;USD;112813.75;TRANSFERENCIA;
COB-003318;DOC-2025-02785;2025-06-30;CLP;6752465;TRANSFERENCIA;
COB-003320;DOC-2025-03133;2025-06-30;CLP;5367006;TRANSFERENCIA;
COB-003342;DOC-2025-04032;2025-06-30;CLP;2679073;COMPENSACION;
COB-003354;DOC-2025-03735;2025-06-30;CLP;11868854;TRANSFERENCIA;
COB-003385;DOC-2025-04241;2025-06-30;CLP;39002374;TRANSFERENCIA;
COB-003392;DOC-2025-03400;2025-06-30;CLP;4930946;TRANSFERENCIA;
COB-003408;DOC-2025-03732;2025-06-30;CLP;1719902;TRANSFERENCIA;
COB-003440;DOC-2025-03241;2025-06-30;CLP;4486195;TRANSFERENCIA;
COB-003461;DOC-2025-02895;2025-06-30;CLP;7199180;TRANSFERENCIA;
COB-003612;DOC-2025-02201;2025-06-30;USD;73669.03;FACTORING;FCT-2025-0142
COB-004273;DOC-2025-97219;2025-06-30;CLP;8382327;COMPENSACION;
COB-004311;DOC-2025-92918;2025-06-30;CLP;3012755;COMPENSACION;
COB-001077;DOC-2024-01260;2025-07-01;CLP;3686116;TRANSFERENCIA;
COB-002288;DOC-2024-00697;2025-07-01;CLP;7660466;TRANSFERENCIA;
COB-002629;DOC-2025-02699;2025-07-01;CLP;5365416;TRANSFERENCIA;
COB-003128;DOC-2025-04194;2025-07-01;CLP;3053873;TRANSFERENCIA;
COB-003179;DOC-2025-03992;2025-07-01;CLP;6316064;TRANSFERENCIA;
COB-003248;DOC-2025-02411;2025-07-01;USD;6251.99;TRANSFERENCIA;
COB-003293;DOC-2025-02932;2025-07-01;CLP;1638734;TRANSFERENCIA;
COB-003331;DOC-2025-02571;2025-07-01;CLP;3419020;TRANSFERENCIA;
COB-002596;DOC-2025-02361;2025-07-02;USD;30390.37;TRANSFERENCIA;
COB-002893;DOC-2025-02115;2025-07-02;CLP;69189132;TRANSFERENCIA;
COB-003146;DOC-2025-02194;2025-07-02;USD;18206.25;TRANSFERENCIA;
COB-003160;DOC-2025-02322;2025-07-02;USD;5229.97;TRANSFERENCIA;FCT-2025-0117
COB-003184;DOC-2025-04334;2025-07-02;CLP;9793925;TRANSFERENCIA;
COB-003204;DOC-2025-03356;2025-07-02;CLP;3947039;TRANSFERENCIA;
COB-003242;DOC-2025-03797;2025-07-02;CLP;1559163;TRANSFERENCIA;
COB-003618;DOC-2025-02346;2025-07-02;USD;17742.37;FACTORING;FCT-2025-0145
COB-002637;DOC-2025-03588;2025-07-03;CLP;1256059;TRANSFERENCIA;
COB-002641;DOC-2025-04245;2025-07-03;CLP;12415263;CHEQUE;
COB-002748;DOC-2025-03834;2025-07-03;CLP;10792300;CHEQUE;
COB-002958;DOC-2025-02198;2025-07-03;USD;16554.54;TRANSFERENCIA;
COB-003045;DOC-2025-04102;2025-07-03;CLP;73582053;CHEQUE;
COB-003198;DOC-2025-04351;2025-07-03;CLP;4655146;CHEQUE;
COB-003234;DOC-2025-04237;2025-07-03;CLP;51926251;TRANSFERENCIA;
COB-003458;DOC-2025-02612;2025-07-03;CLP;7668707;TRANSFERENCIA;
COB-003488;DOC-2025-02754;2025-07-03;CLP;7843636;TRANSFERENCIA;
COB-003552;DOC-2025-03900;2025-07-03;CLP;3977583;TRANSFERENCIA;
COB-001868;DOC-2024-01008;2025-07-04;CLP;760251;TRANSFERENCIA;
COB-002727;DOC-2025-02407;2025-07-04;USD;12729.93;TRANSFERENCIA;
COB-002881;DOC-2025-03910;2025-07-04;CLP;4151376;TRANSFERENCIA;
COB-003107;DOC-2025-02695;2025-07-04;CLP;3452586;TRANSFERENCIA;
COB-003188;DOC-2025-03532;2025-07-04;CLP;24334161;CHEQUE;
COB-003663;DOC-2025-02452;2025-07-04;USD;28096.3;FACTORING;FCT-2025-0147
COB-000844;DOC-2024-01915;2025-07-07;CLP;9282375;TRANSFERENCIA;
COB-001260;DOC-2024-00787;2025-07-07;CLP;4372230;TRANSFERENCIA;
COB-001889;DOC-2024-01497;2025-07-07;CLP;2019956;TRANSFERENCIA;
COB-002116;DOC-2024-01147;2025-07-07;CLP;4988010;TRANSFERENCIA;
COB-002510;DOC-2025-03337;2025-07-07;CLP;6311436;TRANSFERENCIA;
COB-002555;DOC-2025-03151;2025-07-07;CLP;12028969;TRANSFERENCIA;
COB-002793;DOC-2025-02418;2025-07-07;USD;16377.55;CHEQUE;
COB-002816;DOC-2025-03893;2025-07-07;CLP;8172063;TRANSFERENCIA;
COB-002872;DOC-2025-02282;2025-07-07;USD;77800.22;CHEQUE;
COB-002920;DOC-2025-02148;2025-07-07;USD;9108.24;TRANSFERENCIA;
COB-002987;DOC-2025-02680;2025-07-07;CLP;525417;TRANSFERENCIA;
COB-003082;DOC-2025-03773;2025-07-07;CLP;14908451;TRANSFERENCIA;
COB-003125;DOC-2025-03928;2025-07-07;CLP;2820907;TRANSFERENCIA;
COB-003158;DOC-2025-02130;2025-07-07;USD;12973.81;TRANSFERENCIA;
COB-003175;DOC-2025-03556;2025-07-07;CLP;3424903;TRANSFERENCIA;
COB-003210;DOC-2025-02753;2025-07-07;CLP;4628567;TRANSFERENCIA;
COB-003238;DOC-2025-03517;2025-07-07;CLP;12832069;TRANSFERENCIA;
COB-003321;DOC-2025-03381;2025-07-07;CLP;6049798;TRANSFERENCIA;
COB-003366;DOC-2025-03145;2025-07-07;CLP;5934226;TRANSFERENCIA;
COB-003465;DOC-2025-03916;2025-07-07;CLP;13473821;TRANSFERENCIA;
COB-003520;DOC-2025-03227;2025-07-07;CLP;7089758;TRANSFERENCIA;
COB-003532;DOC-2025-02690;2025-07-07;CLP;5897865;TRANSFERENCIA;
COB-003708;DOC-2025-03302;2025-07-07;CLP;10846703;TRANSFERENCIA;
COB-002143;DOC-2024-00849;2025-07-08;CLP;4474006;TRANSFERENCIA;
COB-002560;DOC-2025-02454;2025-07-08;USD;18313.04;TRANSFERENCIA;
COB-002871;DOC-2025-02236;2025-07-08;USD;5157.33;TRANSFERENCIA;FCT-2025-0108
COB-002903;DOC-2025-02881;2025-07-08;CLP;7632407;TRANSFERENCIA;
COB-003167;DOC-2025-03048;2025-07-08;CLP;375816;TRANSFERENCIA;
COB-003200;DOC-2025-02273;2025-07-08;USD;160864.86;TRANSFERENCIA;
COB-003247;DOC-2025-02328;2025-07-08;USD;7819.22;TRANSFERENCIA;FCT-2025-0119
COB-003283;DOC-2025-03780;2025-07-08;CLP;1194475;TRANSFERENCIA;
COB-003309;DOC-2025-03495;2025-07-08;CLP;3515716;CHEQUE;
COB-003616;DOC-2025-02270;2025-07-08;USD;8122.02;FACTORING;FCT-2025-0144
COB-000904;DOC-2024-00954;2025-07-09;CLP;1336801;TRANSFERENCIA;
COB-002537;DOC-2025-02037;2025-07-09;USD;92509.19;TRANSFERENCIA;
COB-002632;DOC-2025-03108;2025-07-09;CLP;891501;TRANSFERENCIA;
COB-002822;DOC-2025-04249;2025-07-09;CLP;2147179;TRANSFERENCIA;
COB-002866;DOC-2025-02062;2025-07-09;CLP;60117832;TRANSFERENCIA;
COB-003171;DOC-2025-03396;2025-07-09;CLP;14446326;TRANSFERENCIA;
COB-003348;DOC-2025-02904;2025-07-09;CLP;7650427;TRANSFERENCIA;
COB-003393;DOC-2025-03623;2025-07-09;CLP;2715129;COMPENSACION;
COB-003690;DOC-2025-02123;2025-07-09;USD;43150.94;FACTORING;FCT-2025-0149
COB-001788;DOC-2024-00576;2025-07-10;CLP;8015544;TRANSFERENCIA;
COB-003190;DOC-2025-03873;2025-07-10;CLP;1101793;TRANSFERENCIA;
COB-003656;DOC-2025-02308;2025-07-10;USD;66718.8;FACTORING;FCT-2025-0146
COB-002716;DOC-2025-02122;2025-07-11;USD;19922.1;TRANSFERENCIA;
COB-002812;DOC-2025-03832;2025-07-11;CLP;1014138;TRANSFERENCIA;
COB-003168;DOC-2025-03107;2025-07-11;CLP;8407363;TRANSFERENCIA;
COB-003254;DOC-2025-03179;2025-07-11;CLP;4759791;TRANSFERENCIA;
COB-003304;DOC-2025-04185;2025-07-11;CLP;5045999;TRANSFERENCIA;
COB-003472;DOC-2025-02606;2025-07-11;CLP;2219107;TRANSFERENCIA;
COB-003551;DOC-2025-03885;2025-07-11;CLP;3917966;CHEQUE;
COB-002401;DOC-2024-00994;2025-07-14;CLP;6914048;TRANSFERENCIA;
COB-002502;DOC-2025-02627;2025-07-14;CLP;17858578;TRANSFERENCIA;
COB-002574;DOC-2025-03275;2025-07-14;CLP;5362004;TRANSFERENCIA;
COB-002635;DOC-2025-03447;2025-07-14;CLP;5050275;TRANSFERENCIA;
COB-002677;DOC-2025-02441;2025-07-14;USD;4115.03;TRANSFERENCIA;FCT-2025-0093
COB-002737;DOC-2025-03154;2025-07-14;CLP;977370;TRANSFERENCIA;
COB-002940;DOC-2025-02237;2025-07-14;USD;54657.64;TRANSFERENCIA;
COB-002990;DOC-2025-03831;2025-07-14;CLP;9740027;TRANSFERENCIA;
COB-003047;DOC-2025-04193;2025-07-14;CLP;3829296;TRANSFERENCIA;
COB-003081;DOC-2025-02783;2025-07-14;CLP;1800515;TRANSFERENCIA;
COB-003096;DOC-2025-03196;2025-07-14;CLP;9014361;CHEQUE;
COB-003100;DOC-2025-02153;2025-07-14;USD;7845.32;TRANSFERENCIA;
COB-003138;DOC-2025-03973;2025-07-14;CLP;1823103;TRANSFERENCIA;
COB-003139;DOC-2025-02165;2025-07-14;USD;38855.92;TRANSFERENCIA;
COB-003147;DOC-2025-03659;2025-07-14;CLP;1843635;TRANSFERENCIA;
COB-003203;DOC-2025-03332;2025-07-14;CLP;2035889;TRANSFERENCIA;
COB-003208;DOC-2025-02466;2025-07-14;USD;5015.4;TRANSFERENCIA;FCT-2025-0118
COB-003252;DOC-2025-03073;2025-07-14;CLP;15726433;TRANSFERENCIA;
COB-003278;DOC-2025-02656;2025-07-14;CLP;16495429;TRANSFERENCIA;
COB-003305;DOC-2025-04218;2025-07-14;CLP;8320780;TRANSFERENCIA;
COB-003341;DOC-2025-04029;2025-07-14;CLP;13913541;TRANSFERENCIA;
COB-003384;DOC-2025-03875;2025-07-14;CLP;3384224;TRANSFERENCIA;
COB-003394;DOC-2025-03871;2025-07-14;CLP;14063730;TRANSFERENCIA;
COB-003462;DOC-2025-02961;2025-07-14;CLP;6221764;TRANSFERENCIA;
COB-003492;DOC-2025-02877;2025-07-14;CLP;5760704;TRANSFERENCIA;
COB-003547;DOC-2025-03829;2025-07-14;CLP;1313199;TRANSFERENCIA;
COB-003593;DOC-2025-03273;2025-07-14;CLP;7835970;COMPENSACION;
COB-003685;DOC-2025-02073;2025-07-14;USD;158358.52;FACTORING;FCT-2025-0148
COB-002399;DOC-2024-00859;2025-07-15;CLP;3895619;TRANSFERENCIA;
COB-002708;DOC-2025-02639;2025-07-15;CLP;2681229;TRANSFERENCIA;
COB-003043;DOC-2025-03590;2025-07-15;CLP;1093641;TRANSFERENCIA;
COB-003209;DOC-2025-02662;2025-07-15;CLP;3044197;TRANSFERENCIA;
COB-003212;DOC-2025-02937;2025-07-15;CLP;2086467;TRANSFERENCIA;
COB-003287;DOC-2025-02111;2025-07-15;USD;7303.59;TRANSFERENCIA;FCT-2025-0122
COB-003358;DOC-2025-02428;2025-07-15;USD;200992.8;TRANSFERENCIA;
COB-003419;DOC-2025-02685;2025-07-15;CLP;6991394;TRANSFERENCIA;
COB-003505;DOC-2025-04254;2025-07-15;CLP;1570020;TRANSFERENCIA;
COB-002302;DOC-2024-00393;2025-07-17;CLP;12672310;TRANSFERENCIA;
COB-002667;DOC-2025-03024;2025-07-17;CLP;5916128;TRANSFERENCIA;
COB-002762;DOC-2025-04060;2025-07-17;CLP;7646220;TRANSFERENCIA;
COB-002865;DOC-2025-02035;2025-07-17;USD;4500;TRANSFERENCIA;
COB-002934;DOC-2025-03882;2025-07-17;CLP;1972833;TRANSFERENCIA;
COB-003206;DOC-2025-02304;2025-07-17;USD;9256.04;TRANSFERENCIA;
COB-003225;DOC-2025-03693;2025-07-17;CLP;4322815;TRANSFERENCIA;
COB-003302;DOC-2025-03840;2025-07-17;CLP;2693091;TRANSFERENCIA;
COB-003400;DOC-2025-03233;2025-07-17;CLP;2861999;TRANSFERENCIA;
COB-003424;DOC-2025-03335;2025-07-17;CLP;2423853;TRANSFERENCIA;
COB-003434;DOC-2025-02393;2025-07-17;USD;87739.46;COMPENSACION;
COB-003441;DOC-2025-03241;2025-07-17;CLP;2717435;TRANSFERENCIA;
COB-003536;DOC-2025-03724;2025-07-17;CLP;6902397;TRANSFERENCIA;
COB-003563;DOC-2025-03086;2025-07-17;CLP;8665457;TRANSFERENCIA;
COB-003130;DOC-2025-04234;2025-07-18;CLP;12164501;TRANSFERENCIA;
COB-003281;DOC-2025-03633;2025-07-18;CLP;556774;TRANSFERENCIA;
COB-003307;DOC-2025-02318;2025-07-18;USD;64318.98;TRANSFERENCIA;
COB-003345;DOC-2025-04059;2025-07-18;CLP;8188062;TRANSFERENCIA;
COB-003378;DOC-2025-02830;2025-07-18;CLP;4245782;TRANSFERENCIA;
COB-003396;DOC-2025-04118;2025-07-18;CLP;6116492;TRANSFERENCIA;
COB-003435;DOC-2025-02703;2025-07-18;CLP;15123940;TRANSFERENCIA;
COB-003499;DOC-2025-03856;2025-07-18;CLP;5393506;TRANSFERENCIA;
COB-002633;DOC-2025-03108;2025-07-21;CLP;803992;CHEQUE;
COB-002910;DOC-2025-02460;2025-07-21;CLP;8895887;TRANSFERENCIA;
COB-002912;DOC-2025-03094;2025-07-21;CLP;14658989;TRANSFERENCIA;
COB-002939;DOC-2025-03978;2025-07-21;CLP;3242390;CHEQUE;
COB-002946;DOC-2025-02567;2025-07-21;CLP;8861120;TRANSFERENCIA;
COB-002962;DOC-2025-02396;2025-07-21;USD;17540.28;TRANSFERENCIA;FCT-2025-0111
COB-003176;DOC-2025-03658;2025-07-21;CLP;19145031;TRANSFERENCIA;
COB-003387;DOC-2025-04355;2025-07-21;CLP;17909455;TRANSFERENCIA;
COB-003412;DOC-2025-04094;2025-07-21;CLP;25093977;TRANSFERENCIA;
COB-003510;DOC-2025-03969;2025-07-21;CLP;3284573;TRANSFERENCIA;
COB-003670;DOC-2025-02559;2025-07-21;CLP;2191093;TRANSFERENCIA;
COB-003704;DOC-2025-02125;2025-07-21;USD;42619.83;FACTORING;FCT-2025-0150
COB-003717;DOC-2025-03446;2025-07-21;CLP;2377292;TRANSFERENCIA;
COB-003003;DOC-2025-02374;2025-07-22;USD;9273.48;TRANSFERENCIA;
COB-003050;DOC-2025-02583;2025-07-22;CLP;7398004;TRANSFERENCIA;
COB-003077;DOC-2025-03580;2025-07-22;CLP;3621406;TRANSFERENCIA;
COB-003587;DOC-2025-02619;2025-07-22;CLP;3342221;TRANSFERENCIA;
COB-002194;DOC-2024-00554;2025-07-23;CLP;1634140;TRANSFERENCIA;
COB-002836;DOC-2025-02445;2025-07-23;USD;42000.0;TRANSFERENCIA;FCT-2025-0105
COB-002970;DOC-2025-03253;2025-07-23;CLP;1491970;TRANSFERENCIA;
COB-003120;DOC-2025-03528;2025-07-23;CLP;1984653;TRANSFERENCIA;
COB-003421;DOC-2025-02858;2025-07-23;CLP;2274900;COMPENSACION;
COB-003485;DOC-2025-02533;2025-07-23;CLP;2316196;TRANSFERENCIA;
COB-001545;DOC-2024-00665;2025-07-24;CLP;5258731;TRANSFERENCIA;
COB-002764;DOC-2025-02912;2025-07-24;CLP;6925950;TRANSFERENCIA;
COB-002941;DOC-2025-02237;2025-07-24;USD;98664.24;TRANSFERENCIA;
COB-003017;DOC-2025-02556;2025-07-24;CLP;8604647;TRANSFERENCIA;
COB-003084;DOC-2025-04269;2025-07-24;CLP;47965006;TRANSFERENCIA;
COB-003119;DOC-2025-03506;2025-07-24;CLP;4199736;TRANSFERENCIA;
COB-003256;DOC-2025-03437;2025-07-24;CLP;3021916;TRANSFERENCIA;
COB-003288;DOC-2025-02276;2025-07-24;USD;41698.12;TRANSFERENCIA;
COB-003294;DOC-2025-02932;2025-07-24;CLP;1853744;CHEQUE;
COB-002648;DOC-2025-04275;2025-07-25;CLP;10244697;TRANSFERENCIA;
COB-002704;DOC-2025-03728;2025-07-25;CLP;5158489;TRANSFERENCIA;
COB-002724;DOC-2025-02255;2025-07-25;USD;22446.2;TRANSFERENCIA;
COB-002960;DOC-2025-02379;2025-07-25;USD;78078.73;TRANSFERENCIA;
COB-003027;DOC-2025-03395;2025-07-25;CLP;3972734;TRANSFERENCIA;
COB-000585;DOC-2024-01126;2025-07-28;CLP;5161833;TRANSFERENCIA;
COB-000687;DOC-2024-00815;2025-07-28;CLP;6205847;TRANSFERENCIA;
COB-001869;DOC-2024-01008;2025-07-28;CLP;635388;TRANSFERENCIA;
COB-002868;DOC-2025-02092;2025-07-28;USD;9087.59;TRANSFERENCIA;FCT-2025-0107
COB-002923;DOC-2025-02223;2025-07-28;USD;18756.95;TRANSFERENCIA;FCT-2025-0110
COB-003041;DOC-2025-02951;2025-07-28;CLP;3089097;CHEQUE;
COB-003089;DOC-2025-02425;2025-07-28;USD;11963.64;TRANSFERENCIA;
COB-003163;DOC-2025-02750;2025-07-28;CLP;6445258;TRANSFERENCIA;
COB-003191;DOC-2025-03873;2025-07-28;CLP;1814378;TRANSFERENCIA;
COB-003367;DOC-2025-03145;2025-07-28;CLP;3454422;CHEQUE;
COB-003395;DOC-2025-04038;2025-07-28;CLP;7653361;TRANSFERENCIA;
COB-003491;DOC-2025-02857;2025-07-28;CLP;4744442;CHEQUE;
COB-003524;DOC-2025-02845;2025-07-28;CLP;42276380;TRANSFERENCIA;
COB-003572;DOC-2025-04058;2025-07-28;CLP;6180461;TRANSFERENCIA;
COB-003594;DOC-2025-03648;2025-07-28;CLP;8283520;TRANSFERENCIA;
COB-003676;DOC-2025-03757;2025-07-28;CLP;14692296;TRANSFERENCIA;
COB-002191;DOC-2024-00486;2025-07-29;CLP;1020881;TRANSFERENCIA;
COB-002909;DOC-2025-02460;2025-07-29;CLP;8895887;TRANSFERENCIA;
COB-002964;DOC-2025-02405;2025-07-29;USD;20023.87;TRANSFERENCIA;
COB-003101;DOC-2025-02234;2025-07-29;CLP;9527420;TRANSFERENCIA;
COB-003313;DOC-2025-04211;2025-07-29;CLP;8096427;CHEQUE;
COB-003324;DOC-2025-03848;2025-07-29;CLP;6602500;CHEQUE;
COB-003335;DOC-2025-03237;2025-07-29;CLP;3380248;TRANSFERENCIA;
COB-003380;DOC-2025-03315;2025-07-29;CLP;1419671;TRANSFERENCIA;
COB-003428;DOC-2025-03660;2025-07-29;CLP;4188799;TRANSFERENCIA;
COB-003498;DOC-2025-03545;2025-07-29;CLP;6068692;TRANSFERENCIA;
COB-003559;DOC-2025-03749;2025-07-29;CLP;3798399;TRANSFERENCIA;
COB-000847;DOC-2024-00634;2025-07-30;CLP;9307552;TRANSFERENCIA;
COB-002479;DOC-2025-02935;2025-07-30;CLP;2679242;TRANSFERENCIA;
COB-002790;DOC-2025-02315;2025-07-30;USD;20181.07;TRANSFERENCIA;FCT-2025-0103
COB-002794;DOC-2025-02418;2025-07-30;USD;19084.39;TRANSFERENCIA;
COB-002950;DOC-2025-02885;2025-07-30;CLP;12956290;TRANSFERENCIA;
COB-003197;DOC-2025-03722;2025-07-30;CLP;6267384;TRANSFERENCIA;
COB-003326;DOC-2025-04244;2025-07-30;CLP;25601878;TRANSFERENCIA;
COB-003459;DOC-2025-02679;2025-07-30;CLP;889938;TRANSFERENCIA;
COB-003646;DOC-2025-04345;2025-07-30;CLP;6655005;TRANSFERENCIA;
COB-003726;DOC-2025-02487;2025-07-30;USD;73517.72;FACTORING;FCT-2025-0151
COB-003773;DOC-2025-02124;2025-07-30;USD;37212.17;FACTORING;FCT-2025-0152
COB-002792;DOC-2025-02356;2025-07-31;USD;21526.92;TRANSFERENCIA;
COB-003157;DOC-2025-02091;2025-07-31;USD;227961.85;TRANSFERENCIA;
COB-003363;DOC-2025-03734;2025-07-31;CLP;4503955;TRANSFERENCIA;
COB-003407;DOC-2025-03482;2025-07-31;CLP;5830706;TRANSFERENCIA;
COB-003463;DOC-2025-02961;2025-07-31;CLP;3356127;TRANSFERENCIA;
COB-003474;DOC-2025-03462;2025-07-31;CLP;3219207;TRANSFERENCIA;
COB-003518;DOC-2025-02996;2025-07-31;CLP;2249051;TRANSFERENCIA;
COB-002757;DOC-2025-02784;2025-08-01;CLP;2533393;TRANSFERENCIA;
COB-002839;DOC-2025-03125;2025-08-01;CLP;8984899;TRANSFERENCIA;
COB-003297;DOC-2025-03592;2025-08-01;CLP;5782578;TRANSFERENCIA;
COB-001296;DOC-2024-01024;2025-08-04;CLP;4849160;TRANSFERENCIA;
COB-001940;DOC-2024-00453;2025-08-04;CLP;1685314;TRANSFERENCIA;
COB-002546;DOC-2025-03452;2025-08-04;CLP;5032987;TRANSFERENCIA;
COB-002613;DOC-2025-03463;2025-08-04;CLP;8693783;TRANSFERENCIA;
COB-002772;DOC-2025-02443;2025-08-04;USD;11982.28;TRANSFERENCIA;FCT-2025-0100
COB-002951;DOC-2025-03170;2025-08-04;CLP;18031450;TRANSFERENCIA;
COB-003005;DOC-2025-02503;2025-08-04;USD;29582.57;TRANSFERENCIA;
COB-003072;DOC-2025-04215;2025-08-04;CLP;2038513;TRANSFERENCIA;
COB-003098;DOC-2025-02119;2025-08-04;CLP;49176774;TRANSFERENCIA;
COB-003323;DOC-2025-03620;2025-08-04;CLP;2648255;TRANSFERENCIA;
COB-003339;DOC-2025-03616;2025-08-04;CLP;12864877;TRANSFERENCIA;
COB-003399;DOC-2025-03172;2025-08-04;CLP;2387143;TRANSFERENCIA;
COB-003418;DOC-2025-02277;2025-08-04;USD;5168.44;TRANSFERENCIA;FCT-2025-0133
COB-003422;DOC-2025-02917;2025-08-04;CLP;2616422;TRANSFERENCIA;
COB-003455;DOC-2025-02259;2025-08-04;USD;29734.27;TRANSFERENCIA;
COB-003469;DOC-2025-04323;2025-08-04;CLP;21504705;TRANSFERENCIA;
COB-003624;DOC-2025-02549;2025-08-04;CLP;4183831;TRANSFERENCIA;
COB-003677;DOC-2025-03765;2025-08-04;CLP;3314073;TRANSFERENCIA;
COB-003700;DOC-2025-04113;2025-08-04;CLP;3276752;TRANSFERENCIA;
COB-003826;DOC-2025-02343;2025-08-04;USD;22255.74;FACTORING;FCT-2025-0156
COB-001727;DOC-2024-01847;2025-08-05;CLP;10877325;TRANSFERENCIA;
COB-002797;DOC-2025-02641;2025-08-05;CLP;3274817;TRANSFERENCIA;
COB-002813;DOC-2025-03832;2025-08-05;CLP;1014138;TRANSFERENCIA;
COB-002931;DOC-2025-02900;2025-08-05;CLP;3508447;TRANSFERENCIA;
COB-003310;DOC-2025-03495;2025-08-05;CLP;4201567;TRANSFERENCIA;
COB-003391;DOC-2025-02331;2025-08-05;USD;43639.82;TRANSFERENCIA;
COB-003416;DOC-2025-02212;2025-08-05;USD;6995.94;TRANSFERENCIA;FCT-2025-0132
COB-003503;DOC-2025-04074;2025-08-05;CLP;15082329;TRANSFERENCIA;
COB-003651;DOC-2025-02977;2025-08-05;CLP;1759430;TRANSFERENCIA;
COB-001553;DOC-2024-01145;2025-08-06;CLP;10731785;TRANSFERENCIA;
COB-003067;DOC-2025-03605;2025-08-06;CLP;23466289;TRANSFERENCIA;
COB-003083;DOC-2025-04189;2025-08-06;CLP;4928452;TRANSFERENCIA;
COB-003336;DOC-2025-03322;2025-08-06;CLP;5387047;CHEQUE;
COB-003377;DOC-2025-02671;2025-08-06;CLP;2842513;TRANSFERENCIA;
COB-003457;DOC-2025-02449;2025-08-06;USD;54568.98;TRANSFERENCIA;
COB-003816;DOC-2025-02287;2025-08-06;USD;185721.49;FACTORING;FCT-2025-0155
COB-002894;DOC-2025-02314;2025-08-07;USD;65914.53;TRANSFERENCIA;
COB-003161;DOC-2025-02415;2025-08-07;USD;4518.04;CHEQUE;
COB-003199;DOC-2025-04351;2025-08-07;CLP;2837619;TRANSFERENCIA;
COB-003284;DOC-2025-03780;2025-08-07;CLP;1724519;TRANSFERENCIA;
COB-003386;DOC-2025-04291;2025-08-07;CLP;114134346;TRANSFERENCIA;
COB-003504;DOC-2025-04132;2025-08-07;CLP;38420432;TRANSFERENCIA;
COB-003569;DOC-2025-02349;2025-08-07;USD;19482.42;COMPENSACION;
COB-003777;DOC-2025-02362;2025-08-07;USD;40386.82;FACTORING;FCT-2025-0153
COB-004280;DOC-2025-94869;2025-08-07;CLP;8366533;COMPENSACION;
COB-003004;DOC-2025-02475;2025-08-08;USD;100820.65;CHEQUE;
COB-003036;DOC-2025-04023;2025-08-08;CLP;31298439;TRANSFERENCIA;
COB-003049;DOC-2025-02423;2025-08-08;USD;48396.06;TRANSFERENCIA;
COB-003097;DOC-2025-03896;2025-08-08;CLP;14216672;TRANSFERENCIA;
COB-003478;DOC-2025-03959;2025-08-08;CLP;890897;COMPENSACION;
COB-003516;DOC-2025-02930;2025-08-08;CLP;2709998;CHEQUE;
COB-003795;DOC-2025-02168;2025-08-08;USD;36468.92;FACTORING;FCT-2025-0154
COB-002524;DOC-2025-03515;2025-08-11;CLP;13779460;TRANSFERENCIA;
COB-002533;DOC-2025-03991;2025-08-11;CLP;21332647;CHEQUE;
COB-002575;DOC-2025-03275;2025-08-11;CLP;5334422;TRANSFERENCIA;
COB-002602;DOC-2025-02279;2025-08-11;USD;7464.73;TRANSFERENCIA;
COB-002860;DOC-2025-03191;2025-08-11;CLP;24865873;TRANSFERENCIA;
COB-003001;DOC-2025-02338;2025-08-11;USD;17552.55;TRANSFERENCIA;
COB-003023;DOC-2025-03021;2025-08-11;CLP;5565994;TRANSFERENCIA;
COB-003180;DOC-2025-03992;2025-08-11;CLP;4881643;TRANSFERENCIA;
COB-003196;DOC-2025-03542;2025-08-11;CLP;5205529;TRANSFERENCIA;
COB-003231;DOC-2025-03994;2025-08-11;CLP;16150116;TRANSFERENCIA;
COB-003250;DOC-2025-02916;2025-08-11;CLP;1844596;TRANSFERENCIA;
COB-003279;DOC-2025-02656;2025-08-11;CLP;15260935;TRANSFERENCIA;
COB-003350;DOC-2025-03004;2025-08-11;CLP;26487633;TRANSFERENCIA;
COB-003361;DOC-2025-02655;2025-08-11;CLP;7710606;TRANSFERENCIA;
COB-003489;DOC-2025-02851;2025-08-11;CLP;2234261;TRANSFERENCIA;
COB-003564;DOC-2025-04019;2025-08-11;CLP;13486750;TRANSFERENCIA;
COB-003592;DOC-2025-02650;2025-08-11;CLP;1396786;TRANSFERENCIA;
COB-003598;DOC-2025-02861;2025-08-11;CLP;4264983;TRANSFERENCIA;
COB-003665;DOC-2025-04307;2025-08-11;CLP;1797422;COMPENSACION;
COB-002209;DOC-2024-00662;2025-08-12;CLP;5180118;TRANSFERENCIA;
COB-002959;DOC-2025-02198;2025-08-12;USD;9560.81;TRANSFERENCIA;
COB-003104;DOC-2025-02513;2025-08-12;USD;18967.0;TRANSFERENCIA;
COB-003141;DOC-2025-03109;2025-08-12;CLP;28536957;COMPENSACION;
COB-003403;DOC-2025-02172;2025-08-12;USD;40416.12;TRANSFERENCIA;
COB-003409;DOC-2025-03732;2025-08-12;CLP;2040156;CHEQUE;
COB-003549;DOC-2025-03881;2025-08-12;CLP;2194314;TRANSFERENCIA;
COB-003554;DOC-2025-04270;2025-08-12;CLP;6420555;TRANSFERENCIA;
COB-003631;DOC-2025-03032;2025-08-12;CLP;1056908;TRANSFERENCIA;
COB-003659;DOC-2025-02816;2025-08-12;CLP;14817011;TRANSFERENCIA;
COB-003729;DOC-2025-03603;2025-08-12;CLP;6908915;TRANSFERENCIA;
COB-001020;DOC-2024-01121;2025-08-13;CLP;8567564;TRANSFERENCIA;
COB-001902;DOC-2024-00629;2025-08-13;CLP;2252873;TRANSFERENCIA;
COB-003480;DOC-2025-03308;2025-08-13;CLP;4263639;TRANSFERENCIA;
COB-003537;DOC-2025-02216;2025-08-13;USD;122080.28;CHEQUE;
COB-000450;DOC-2024-01400;2025-08-14;CLP;895701;TRANSFERENCIA;
COB-003144;DOC-2025-03430;2025-08-14;CLP;3529032;COMPENSACION;
COB-003343;DOC-2025-04032;2025-08-14;CLP;2679073;TRANSFERENCIA;
COB-003379;DOC-2025-02925;2025-08-14;CLP;2317074;TRANSFERENCIA;
COB-003562;DOC-2025-02312;2025-08-14;USD;34668.29;TRANSFERENCIA;
COB-003850;DOC-2025-02507;2025-08-14;USD;91599.44;FACTORING;FCT-2025-0157
COB-004277;DOC-2023-92754;2025-08-14;CLP;8851984;COMPENSACION;
COB-002598;DOC-2025-03085;2025-08-18;CLP;2048386;TRANSFERENCIA;
COB-002758;DOC-2025-02784;2025-08-18;CLP;2533393;TRANSFERENCIA;
COB-002828;DOC-2025-03553;2025-08-18;CLP;3801174;TRANSFERENCIA;
COB-002857;DOC-2025-04295;2025-08-18;CLP;34683664;TRANSFERENCIA;
COB-002952;DOC-2025-03287;2025-08-18;CLP;2198342;TRANSFERENCIA;
COB-003052;DOC-2025-03615;2025-08-18;CLP;9843337;TRANSFERENCIA;
COB-003112;DOC-2025-02949;2025-08-18;CLP;3364299;TRANSFERENCIA;
COB-003162;DOC-2025-02415;2025-08-18;USD;5072.47;TRANSFERENCIA;
COB-003272;DOC-2025-02197;2025-08-18;USD;90873.86;TRANSFERENCIA;
COB-003300;DOC-2025-03807;2025-08-18;CLP;3604149;CHEQUE;
COB-003306;DOC-2025-04261;2025-08-18;CLP;14103724;TRANSFERENCIA;
COB-003312;DOC-2025-03789;2025-08-18;CLP;2501914;TRANSFERENCIA;
COB-003388;DOC-2025-02041;2025-08-18;USD;29893.16;TRANSFERENCIA;
COB-003439;DOC-2025-03130;2025-08-18;CLP;9369715;TRANSFERENCIA;
COB-003481;DOC-2025-02042;2025-08-18;USD;40873.07;CHEQUE;
COB-003497;DOC-2025-03219;2025-08-18;CLP;5812350;TRANSFERENCIA;
COB-003570;DOC-2025-02349;2025-08-18;USD;13059.19;TRANSFERENCIA;
COB-003639;DOC-2025-03678;2025-08-18;CLP;2901100;TRANSFERENCIA;
COB-003652;DOC-2025-02977;2025-08-18;CLP;990333;CHEQUE;
COB-003890;DOC-2025-02456;2025-08-18;USD;69591.19;FACTORING;FCT-2025-0159
COB-003898;DOC-2025-03945;2025-08-18;CLP;6289401;TRANSFERENCIA;
COB-003919;DOC-2025-02167;2025-08-18;USD;35203.66;FACTORING;FCT-2025-0161
COB-001078;DOC-2024-01260;2025-08-19;CLP;3686116;TRANSFERENCIA;
COB-002650;DOC-2025-02709;2025-08-19;CLP;1095539;TRANSFERENCIA;
COB-003002;DOC-2025-02338;2025-08-19;USD;14894.48;CHEQUE;
COB-003460;DOC-2025-02679;2025-08-19;CLP;1309368;TRANSFERENCIA;
COB-003477;DOC-2025-03646;2025-08-19;CLP;7449133;TRANSFERENCIA;
COB-003506;DOC-2025-04254;2025-08-19;CLP;2739733;TRANSFERENCIA;
COB-003548;DOC-2025-03829;2025-08-19;CLP;1845431;COMPENSACION;
COB-003697;DOC-2025-02555;2025-08-19;CLP;1865426;TRANSFERENCIA;
COB-003718;DOC-2025-03743;2025-08-19;CLP;13645337;TRANSFERENCIA;
COB-002452;DOC-2025-03708;2025-08-20;CLP;10651665;CHEQUE;
COB-002711;DOC-2025-03361;2025-08-20;CLP;8735197;TRANSFERENCIA;
COB-002738;DOC-2025-03154;2025-08-20;CLP;977370;TRANSFERENCIA;
COB-003634;DOC-2025-03229;2025-08-20;CLP;10578015;TRANSFERENCIA;
COB-003683;DOC-2025-04232;2025-08-20;CLP;16782794;TRANSFERENCIA;
COB-002971;DOC-2025-03408;2025-08-21;CLP;741506;TRANSFERENCIA;
COB-002993;DOC-2025-03050;2025-08-21;CLP;6191109;TRANSFERENCIA;
COB-003038;DOC-2025-02296;2025-08-21;USD;84973.08;CHEQUE;
COB-003346;DOC-2025-02767;2025-08-21;CLP;9764751;TRANSFERENCIA;
COB-003486;DOC-2025-02533;2025-08-21;CLP;2084963;TRANSFERENCIA;
COB-003645;DOC-2025-04310;2025-08-21;CLP;24582699;TRANSFERENCIA;
COB-003866;DOC-2025-02183;2025-08-21;USD;28122.43;FACTORING;FCT-2025-0158
COB-001789;DOC-2024-00576;2025-08-22;CLP;5394424;TRANSFERENCIA;
COB-002195;DOC-2024-00554;2025-08-22;CLP;2413138;TRANSFERENCIA;
COB-002885;DOC-2025-02493;2025-08-22;USD;25433.03;TRANSFERENCIA;
COB-003543;DOC-2025-03203;2025-08-22;CLP;3910737;TRANSFERENCIA;
COB-003595;DOC-2025-03696;2025-08-22;CLP;4767852;TRANSFERENCIA;
COB-003629;DOC-2025-02901;2025-08-22;CLP;1313976;TRANSFERENCIA;
COB-002192;DOC-2024-00486;2025-08-25;CLP;1020881;CHEQUE;
COB-002501;DOC-2025-03741;2025-08-25;CLP;2388537;TRANSFERENCIA;
COB-002731;DOC-2025-02874;2025-08-25;CLP;416066;CHEQUE;
COB-003105;DOC-2025-02513;2025-08-25;USD;26559.18;TRANSFERENCIA;
COB-003154;DOC-2025-03345;2025-08-25;CLP;15321344;TRANSFERENCIA;
COB-003164;DOC-2025-02750;2025-08-25;CLP;8239285;CHEQUE;
COB-003271;DOC-2025-04205;2025-08-25;CLP;116380739;TRANSFERENCIA;
COB-003282;DOC-2025-03633;2025-08-25;CLP;556774;TRANSFERENCIA;
COB-003420;DOC-2025-02818;2025-08-25;CLP;7645129;TRANSFERENCIA;
COB-003426;DOC-2025-03619;2025-08-25;CLP;2411813;CHEQUE;
COB-003467;DOC-2025-04306;2025-08-25;CLP;11144389;TRANSFERENCIA;
COB-003487;DOC-2025-02542;2025-08-25;CLP;9350069;TRANSFERENCIA;
COB-003519;DOC-2025-02996;2025-08-25;CLP;2920266;TRANSFERENCIA;
COB-003561;DOC-2025-04284;2025-08-25;CLP;8180299;TRANSFERENCIA;
COB-003567;DOC-2025-02307;2025-08-25;USD;29911.25;TRANSFERENCIA;
COB-003573;DOC-2025-04058;2025-08-25;CLP;4998442;TRANSFERENCIA;
COB-003583;DOC-2025-04031;2025-08-25;CLP;30074925;TRANSFERENCIA;
COB-003588;DOC-2025-03607;2025-08-25;CLP;15955286;TRANSFERENCIA;
COB-003644;DOC-2025-04228;2025-08-25;CLP;22075241;CHEQUE;
COB-003692;DOC-2025-03388;2025-08-25;CLP;6136980;TRANSFERENCIA;
COB-003707;DOC-2025-02942;2025-08-25;CLP;8976034;TRANSFERENCIA;
COB-003714;DOC-2025-04008;2025-08-25;CLP;41014015;TRANSFERENCIA;
COB-003730;DOC-2025-03645;2025-08-25;CLP;12261043;TRANSFERENCIA;
COB-003804;DOC-2025-02683;2025-08-25;CLP;2859017;TRANSFERENCIA;
COB-003142;DOC-2025-03109;2025-08-26;CLP;36750667;TRANSFERENCIA;
COB-003666;DOC-2025-04307;2025-08-26;CLP;3114580;CHEQUE;
COB-002855;DOC-2025-03144;2025-08-27;CLP;14997420;CHEQUE;
COB-003258;DOC-2025-03601;2025-08-27;CLP;5361521;TRANSFERENCIA;
COB-003261;DOC-2025-02438;2025-08-27;USD;5240.06;TRANSFERENCIA;FCT-2025-0120
COB-003466;DOC-2025-04135;2025-08-27;CLP;13812497;TRANSFERENCIA;
COB-003625;DOC-2025-02599;2025-08-27;CLP;11768171;TRANSFERENCIA;
COB-001080;DOC-2024-01575;2025-08-28;CLP;3079239;TRANSFERENCIA;
COB-002297;DOC-2024-00678;2025-08-28;CLP;9024676;TRANSFERENCIA;
COB-002543;DOC-2025-03905;2025-08-28;CLP;12762155;TRANSFERENCIA;
COB-003337;DOC-2025-03322;2025-08-28;CLP;8176911;TRANSFERENCIA;
COB-003370;DOC-2025-02053;2025-08-28;USD;34474.03;CHEQUE;
COB-003456;DOC-2025-02259;2025-08-28;USD;28576.7;TRANSFERENCIA;
COB-003945;DOC-2025-02629;2025-08-28;CLP;8929216;TRANSFERENCIA;
COB-002223;DOC-2024-01775;2025-08-29;CLP;8284791;TRANSFERENCIA;
COB-002258;DOC-2024-01164;2025-08-29;CLP;2616125;COMPENSACION;
COB-002800;DOC-2025-02749;2025-08-29;CLP;9053277;TRANSFERENCIA;
COB-003365;DOC-2025-02047;2025-08-29;USD;4652.58;TRANSFERENCIA;FCT-2025-0128
COB-003614;DOC-2025-02210;2025-08-29;USD;1556.78;TRANSFERENCIA;FCT-2025-0143
COB-003678;DOC-2025-03765;2025-08-29;CLP;2686126;TRANSFERENCIA;
COB-003701;DOC-2025-04113;2025-08-29;CLP;3556182;TRANSFERENCIA;
COB-000905;DOC-2024-00954;2025-09-01;CLP;1336801;TRANSFERENCIA;
COB-002651;DOC-2025-02709;2025-09-01;CLP;1370003;TRANSFERENCIA;
COB-002713;DOC-2025-04119;2025-09-01;CLP;14168721;TRANSFERENCIA;
COB-002853;DOC-2025-03011;2025-09-01;CLP;5618305;CHEQUE;
COB-002957;DOC-2025-02163;2025-09-01;USD;147428.45;TRANSFERENCIA;
COB-002972;DOC-2025-03408;2025-09-01;CLP;871251;TRANSFERENCIA;
COB-003042;DOC-2025-02951;2025-09-01;CLP;4038016;TRANSFERENCIA;
COB-003121;DOC-2025-03725;2025-09-01;CLP;6825986;TRANSFERENCIA;
COB-003251;DOC-2025-02916;2025-09-01;CLP;1771795;TRANSFERENCIA;
COB-003273;DOC-2025-02313;2025-09-01;CLP;10480335;TRANSFERENCIA;
COB-003317;DOC-2025-02363;2025-09-01;USD;7730.0;TRANSFERENCIA;FCT-2025-0125
COB-003334;DOC-2025-03008;2025-09-01;CLP;5921326;TRANSFERENCIA;
COB-003402;DOC-2025-02088;2025-09-01;USD;15729.83;TRANSFERENCIA;
COB-003451;DOC-2025-02078;2025-09-01;USD;10902.9;TRANSFERENCIA;
COB-003507;DOC-2025-04335;2025-09-01;CLP;7440027;TRANSFERENCIA;
COB-003555;DOC-2025-04270;2025-09-01;CLP;5328025;TRANSFERENCIA;
COB-003615;DOC-2025-02256;2025-09-01;USD;54018.22;TRANSFERENCIA;
COB-003733;DOC-2025-03360;2025-09-01;CLP;5961842;TRANSFERENCIA;
COB-003755;DOC-2025-03399;2025-09-01;CLP;12352271;TRANSFERENCIA;
COB-003918;DOC-2025-02110;2025-09-01;USD;20289.18;FACTORING;FCT-2025-0160
COB-003952;DOC-2025-02345;2025-09-01;USD;114608.03;FACTORING;FCT-2025-0164
COB-002603;DOC-2025-02279;2025-09-02;USD;8299.94;TRANSFERENCIA;
COB-003479;DOC-2025-02242;2025-09-02;USD;31896.39;TRANSFERENCIA;
COB-003568;DOC-2025-02307;2025-09-02;USD;47887.16;TRANSFERENCIA;
COB-003603;DOC-2025-03498;2025-09-02;CLP;2393582;CHEQUE;
COB-003649;DOC-2025-02831;2025-09-02;CLP;3900742;CHEQUE;
COB-003673;DOC-2025-03129;2025-09-02;CLP;31504630;TRANSFERENCIA;
COB-003735;DOC-2025-03822;2025-09-02;CLP;1324538;TRANSFERENCIA;
COB-002345;DOC-2024-01912;2025-09-03;CLP;6743995;TRANSFERENCIA;
COB-002814;DOC-2025-03832;2025-09-03;CLP;1014138;TRANSFERENCIA;
COB-003538;DOC-2025-02238;2025-09-03;USD;420000;TRANSFERENCIA;
COB-003545;DOC-2025-03572;2025-09-03;CLP;3733231;TRANSFERENCIA;
COB-003571;DOC-2025-02593;2025-09-03;CLP;9058141;CHEQUE;
COB-003727;DOC-2025-03289;2025-09-03;CLP;3421583;TRANSFERENCIA;
COB-003765;DOC-2025-02622;2025-09-03;CLP;4062733;TRANSFERENCIA;
COB-003820;DOC-2025-03470;2025-09-03;CLP;8746922;TRANSFERENCIA;
COB-003885;DOC-2025-04199;2025-09-03;CLP;12890707;TRANSFERENCIA;
COB-001297;DOC-2024-01024;2025-09-04;CLP;3144442;CHEQUE;
COB-003059;DOC-2025-02673;2025-09-04;CLP;12333459;CHEQUE;
COB-003218;DOC-2025-03397;2025-09-04;CLP;9784654;TRANSFERENCIA;
COB-003453;DOC-2025-02081;2025-09-04;USD;15790.93;CHEQUE;
COB-003674;DOC-2025-03578;2025-09-04;CLP;9441449;TRANSFERENCIA;
COB-003739;DOC-2025-04086;2025-09-04;CLP;31684576;TRANSFERENCIA;
COB-003581;DOC-2025-02700;2025-09-05;CLP;23842692;CHEQUE;
COB-003623;DOC-2025-02490;2025-09-05;CLP;25277529;COMPENSACION;
COB-003831;DOC-2025-03218;2025-09-05;CLP;1352896;TRANSFERENCIA;
COB-003951;DOC-2025-02319;2025-09-05;USD;248044.25;FACTORING;FCT-2025-0163
COB-001437;DOC-2024-00477;2025-09-08;CLP;7225546;COMPENSACION;
COB-002780;DOC-2025-02522;2025-09-08;CLP;13898068;TRANSFERENCIA;
COB-002911;DOC-2025-02474;2025-09-08;USD;4500;TRANSFERENCIA;
COB-002928;DOC-2025-02734;2025-09-08;CLP;3137204;TRANSFERENCIA;
COB-002932;DOC-2025-02900;2025-09-08;CLP;5174148;TRANSFERENCIA;
COB-003173;DOC-2025-03485;2025-09-08;CLP;7151060;COMPENSACION;
COB-003448;DOC-2025-02316;2025-09-08;USD;79883.07;TRANSFERENCIA;
COB-003495;DOC-2025-03134;2025-09-08;CLP;2338210;TRANSFERENCIA;
COB-003609;DOC-2025-02136;2025-09-08;USD;22056.93;TRANSFERENCIA;
COB-003611;DOC-2025-02196;2025-09-08;USD;99048.12;TRANSFERENCIA;
COB-003637;DOC-2025-03514;2025-09-08;CLP;3655373;CHEQUE;
COB-003712;DOC-2025-03473;2025-09-08;CLP;3050655;TRANSFERENCIA;
COB-003748;DOC-2025-02814;2025-09-08;CLP;5981404;CHEQUE;
COB-003749;DOC-2025-02891;2025-09-08;CLP;13654040;TRANSFERENCIA;
COB-003751;DOC-2025-03093;2025-09-08;CLP;3157433;TRANSFERENCIA;
COB-003782;DOC-2025-03264;2025-09-08;CLP;69946116;TRANSFERENCIA;
COB-003853;DOC-2025-02657;2025-09-08;CLP;2496550;TRANSFERENCIA;
COB-003863;DOC-2025-04144;2025-09-08;CLP;7601304;TRANSFERENCIA;
COB-003883;DOC-2025-02957;2025-09-08;CLP;15142563;TRANSFERENCIA;
COB-003942;DOC-2025-02397;2025-09-08;CLP;11504615;FACTORING;FCT-2025-0162
COB-004282;DOC-2025-98344;2025-09-08;CLP;6636162;TRANSFERENCIA;
COB-003333;DOC-2025-02819;2025-09-09;CLP;9219556;TRANSFERENCIA;
COB-003382;DOC-2025-03720;2025-09-09;CLP;4230064;TRANSFERENCIA;
COB-003476;DOC-2025-04210;2025-09-09;CLP;67188170;TRANSFERENCIA;
COB-003643;DOC-2025-04152;2025-09-09;CLP;5974049;TRANSFERENCIA;
COB-002547;DOC-2025-03452;2025-09-10;CLP;7237022;TRANSFERENCIA;
COB-002901;DOC-2025-02164;2025-09-10;CLP;39929286;TRANSFERENCIA;
COB-003277;DOC-2025-02566;2025-09-10;CLP;5084336;TRANSFERENCIA;
COB-003375;DOC-2025-02367;2025-09-10;USD;68430.42;TRANSFERENCIA;
COB-003533;DOC-2025-03339;2025-09-10;CLP;50375432;CHEQUE;
COB-003558;DOC-2025-02981;2025-09-10;CLP;5586988;TRANSFERENCIA;
COB-003667;DOC-2025-04326;2025-09-10;CLP;11584542;TRANSFERENCIA;
COB-003875;DOC-2025-04347;2025-09-10;CLP;9451040;TRANSFERENCIA;
COB-001831;DOC-2024-01224;2025-09-11;CLP;1016118;TRANSFERENCIA;
COB-002714;DOC-2025-04119;2025-09-11;CLP;15755622;TRANSFERENCIA;
COB-003133;DOC-2025-02616;2025-09-11;CLP;5306575;TRANSFERENCIA;
COB-003232;DOC-2025-03994;2025-09-11;CLP;24820425;TRANSFERENCIA;
COB-003359;DOC-2025-02585;2025-09-11;CLP;1986826;TRANSFERENCIA;
COB-003376;DOC-2025-02448;2025-09-11;USD;16535.87;TRANSFERENCIA;
COB-003397;DOC-2025-04118;2025-09-11;CLP;6116492;TRANSFERENCIA;
COB-003454;DOC-2025-02244;2025-09-11;USD;248698.09;TRANSFERENCIA;
COB-003560;DOC-2025-03749;2025-09-11;CLP;2714429;TRANSFERENCIA;
COB-003681;DOC-2025-04200;2025-09-11;CLP;488834;TRANSFERENCIA;
COB-003747;DOC-2025-02766;2025-09-11;CLP;1257084;TRANSFERENCIA;
COB-003344;DOC-2025-04032;2025-09-12;CLP;2679073;TRANSFERENCIA;
COB-003468;DOC-2025-04306;2025-09-12;CLP;18629023;TRANSFERENCIA;
COB-003590;DOC-2025-03813;2025-09-12;CLP;5083824;TRANSFERENCIA;
COB-003661;DOC-2025-03842;2025-09-12;CLP;2577515;TRANSFERENCIA;
COB-003713;DOC-2025-03859;2025-09-12;CLP;4317083;TRANSFERENCIA;
COB-003723;DOC-2025-03392;2025-09-12;CLP;17500944;TRANSFERENCIA;
COB-003873;DOC-2025-03974;2025-09-12;CLP;5360069;CHEQUE;
COB-002193;DOC-2024-00486;2025-09-15;CLP;1020881;CHEQUE;
COB-002392;DOC-2024-01255;2025-09-15;CLP;9385611;TRANSFERENCIA;
COB-002886;DOC-2025-02493;2025-09-15;USD;19091.73;TRANSFERENCIA;
COB-002953;DOC-2025-03287;2025-09-15;CLP;2198342;TRANSFERENCIA;
COB-003094;DOC-2025-03826;2025-09-15;CLP;6962540;TRANSFERENCIA;
COB-003244;DOC-2025-04289;2025-09-15;CLP;16164316;TRANSFERENCIA;
COB-003483;DOC-2025-02263;2025-09-15;USD;853.38;TRANSFERENCIA;FCT-2025-0137
COB-003490;DOC-2025-02851;2025-09-15;CLP;2187366;COMPENSACION;
COB-003640;DOC-2025-03678;2025-09-15;CLP;3244198;TRANSFERENCIA;
COB-003669;DOC-2025-02442;2025-09-15;USD;89040.21;TRANSFERENCIA;
COB-003671;DOC-2025-03087;2025-09-15;CLP;3371389;TRANSFERENCIA;
COB-003684;DOC-2025-04292;2025-09-15;CLP;30924307;TRANSFERENCIA;
COB-003702;DOC-2025-02080;2025-09-15;USD;10712.76;TRANSFERENCIA;
COB-003736;DOC-2025-03822;2025-09-15;CLP;1361913;TRANSFERENCIA;
COB-003761;DOC-2025-02351;2025-09-15;USD;4223.27;CHEQUE;
COB-003785;DOC-2025-03501;2025-09-15;CLP;9207787;TRANSFERENCIA;
COB-003788;DOC-2025-03972;2025-09-15;CLP;1703185;TRANSFERENCIA;
COB-003869;DOC-2025-03309;2025-09-15;CLP;5364124;TRANSFERENCIA;
COB-003876;DOC-2025-02523;2025-09-15;CLP;1023713;TRANSFERENCIA;
COB-003966;DOC-2025-02206;2025-09-15;USD;25450.37;FACTORING;FCT-2025-0165
COB-004005;DOC-2025-02352;2025-09-15;USD;98965.5;FACTORING;FCT-2025-0167
COB-002880;DOC-2025-03796;2025-09-16;CLP;3622575;TRANSFERENCIA;
COB-003410;DOC-2025-04267;2025-09-16;CLP;8899184;TRANSFERENCIA;
COB-003542;DOC-2025-02447;2025-09-16;USD;11728.67;TRANSFERENCIA;
COB-003566;DOC-2025-02152;2025-09-16;USD;33917.0;TRANSFERENCIA;
COB-003576;DOC-2025-04314;2025-09-16;CLP;44292435;TRANSFERENCIA;
COB-003968;DOC-2025-02211;2025-09-16;USD;13654.34;FACTORING;FCT-2025-0166
COB-004063;DOC-2025-02067;2025-09-16;USD;39905.34;FACTORING;FCT-2025-0171
COB-002175;DOC-2024-01658;2025-09-17;CLP;2239067;TRANSFERENCIA;
COB-002528;DOC-2025-03742;2025-09-17;CLP;6820410;TRANSFERENCIA;
COB-003530;DOC-2025-02486;2025-09-17;USD;19311.5;TRANSFERENCIA;FCT-2025-0139
COB-003695;DOC-2025-04020;2025-09-17;CLP;5498522;TRANSFERENCIA;
COB-003779;DOC-2025-02424;2025-09-17;USD;112120.44;TRANSFERENCIA;
COB-003783;DOC-2025-03331;2025-09-17;CLP;1784122;TRANSFERENCIA;
COB-002453;DOC-2025-03708;2025-09-22;CLP;8475619;TRANSFERENCIA;
COB-002532;DOC-2025-03944;2025-09-22;CLP;9781880;CHEQUE;
COB-002689;DOC-2025-03836;2025-09-22;CLP;10007135;COMPENSACION;
COB-002796;DOC-2025-02625;2025-09-22;CLP;5307852;TRANSFERENCIA;
COB-002854;DOC-2025-03011;2025-09-22;CLP;5865689;TRANSFERENCIA;
COB-002917;DOC-2025-03947;2025-09-22;CLP;13015197;TRANSFERENCIA;
COB-003024;DOC-2025-03025;2025-09-22;CLP;2629904;TRANSFERENCIA;
COB-003235;DOC-2025-04268;2025-09-22;CLP;11373053;TRANSFERENCIA;
COB-003239;DOC-2025-03699;2025-09-22;CLP;2572545;TRANSFERENCIA;
COB-003274;DOC-2025-02313;2025-09-22;CLP;11287951;TRANSFERENCIA;
COB-003330;DOC-2025-02453;2025-09-22;USD;2845.02;TRANSFERENCIA;FCT-2025-0126
COB-003372;DOC-2025-02285;2025-09-22;USD;11129.69;TRANSFERENCIA;FCT-2025-0129
COB-003401;DOC-2025-04114;2025-09-22;CLP;28782772;TRANSFERENCIA;
COB-003471;DOC-2025-02375;2025-09-22;USD;94969.68;TRANSFERENCIA;
COB-003508;DOC-2025-04335;2025-09-22;CLP;5764519;TRANSFERENCIA;
COB-003513;DOC-2025-02309;2025-09-22;USD;2402.68;TRANSFERENCIA;FCT-2025-0138
COB-003514;DOC-2025-02321;2025-09-22;USD;9590.85;TRANSFERENCIA;
COB-003517;DOC-2025-02930;2025-09-22;CLP;3126405;TRANSFERENCIA;
COB-003525;DOC-2025-03552;2025-09-22;CLP;32495696;TRANSFERENCIA;
COB-003534;DOC-2025-03507;2025-09-22;CLP;1353304;CHEQUE;
COB-003541;DOC-2025-02434;2025-09-22;USD;11360.21;TRANSFERENCIA;
COB-003550;DOC-2025-03881;2025-09-22;CLP;1248889;TRANSFERENCIA;
COB-003557;DOC-2025-02931;2025-09-22;CLP;2730706;TRANSFERENCIA;
COB-003591;DOC-2025-02117;2025-09-22;USD;159400.5;TRANSFERENCIA;
COB-003628;DOC-2025-02740;2025-09-22;CLP;3854951;TRANSFERENCIA;
COB-003668;DOC-2025-02350;2025-09-22;USD;24072.77;TRANSFERENCIA;
COB-003698;DOC-2025-02555;2025-09-22;CLP;1865426;TRANSFERENCIA;
COB-003766;DOC-2025-03425;2025-09-22;CLP;4026402;TRANSFERENCIA;
COB-003805;DOC-2025-02820;2025-09-22;CLP;631267;CHEQUE;
COB-003828;DOC-2025-02946;2025-09-22;CLP;3776912;TRANSFERENCIA;
COB-003851;DOC-2025-02551;2025-09-22;CLP;3232648;TRANSFERENCIA;
COB-003854;DOC-2025-02657;2025-09-22;CLP;2211434;TRANSFERENCIA;
COB-003860;DOC-2025-03269;2025-09-22;CLP;45274671;TRANSFERENCIA;
COB-003895;DOC-2025-02962;2025-09-22;CLP;4111223;TRANSFERENCIA;
COB-003910;DOC-2025-04011;2025-09-22;CLP;72864145;TRANSFERENCIA;
COB-003963;DOC-2025-04240;2025-09-22;CLP;12548016;TRANSFERENCIA;
COB-004027;DOC-2025-02193;2025-09-22;USD;94914.36;FACTORING;FCT-2025-0168
COB-004065;DOC-2025-02137;2025-09-22;USD;17814.92;FACTORING;FCT-2025-0172
COB-003553;DOC-2025-04101;2025-09-23;CLP;13657936;TRANSFERENCIA;
COB-003586;DOC-2025-02494;2025-09-23;USD;29369.73;TRANSFERENCIA;
COB-003630;DOC-2025-02901;2025-09-23;CLP;2364186;TRANSFERENCIA;
COB-003711;DOC-2025-02451;2025-09-23;USD;35654.88;TRANSFERENCIA;
COB-003724;DOC-2025-03899;2025-09-23;CLP;9633303;CHEQUE;
COB-003812;DOC-2025-04164;2025-09-23;CLP;6264982;TRANSFERENCIA;
COB-003511;DOC-2025-02061;2025-09-24;USD;48488.72;TRANSFERENCIA;
COB-003531;DOC-2025-02653;2025-09-24;CLP;9361028;TRANSFERENCIA;
COB-003757;DOC-2025-04012;2025-09-24;CLP;62860162;TRANSFERENCIA;
COB-003818;DOC-2025-03411;2025-09-24;CLP;4890146;CHEQUE;
COB-003819;DOC-2025-03444;2025-09-24;CLP;6213428;COMPENSACION;
COB-003880;DOC-2025-03403;2025-09-24;CLP;866034;TRANSFERENCIA;
COB-003894;DOC-2025-02724;2025-09-24;CLP;6385445;TRANSFERENCIA;
COB-004047;DOC-2025-02305;2025-09-24;USD;136231.33;FACTORING;FCT-2025-0170
COB-003580;DOC-2025-02299;2025-09-25;USD;306397.03;TRANSFERENCIA;
COB-003821;DOC-2025-03499;2025-09-25;CLP;1433929;CHEQUE;
COB-003355;DOC-2025-03987;2025-09-26;CLP;26539422;TRANSFERENCIA;
COB-003617;DOC-2025-02330;2025-09-26;USD;51434.25;TRANSFERENCIA;
COB-003686;DOC-2025-02073;2025-09-26;USD;17595.39;TRANSFERENCIA;FCT-2025-0148
COB-003719;DOC-2025-02850;2025-09-26;CLP;2941594;TRANSFERENCIA;
COB-003907;DOC-2025-02803;2025-09-26;CLP;6096575;TRANSFERENCIA;
COB-004076;DOC-2025-02358;2025-09-26;USD;27940.2;FACTORING;FCT-2025-0173
COB-001079;DOC-2024-01260;2025-09-29;CLP;3686116;TRANSFERENCIA;
COB-002200;DOC-2024-01520;2025-09-29;CLP;487759;COMPENSACION;
COB-002522;DOC-2025-03466;2025-09-29;CLP;3008582;TRANSFERENCIA;
COB-002683;DOC-2025-03477;2025-09-29;CLP;1438195;TRANSFERENCIA;
COB-002696;DOC-2025-02768;2025-09-29;CLP;11765271;TRANSFERENCIA;
COB-002701;DOC-2025-03819;2025-09-29;CLP;3729698;CHEQUE;
COB-002929;DOC-2025-02734;2025-09-29;CLP;3137204;TRANSFERENCIA;
COB-003110;DOC-2025-02889;2025-09-29;CLP;6504962;TRANSFERENCIA;
COB-003245;DOC-2025-02286;2025-09-29;USD;9051.18;TRANSFERENCIA;
COB-003450;DOC-2025-02070;2025-09-29;USD;10355.72;TRANSFERENCIA;FCT-2025-0136
COB-003585;DOC-2025-02344;2025-09-29;USD;15324.15;TRANSFERENCIA;
COB-003605;DOC-2025-03146;2025-09-29;CLP;11734596;TRANSFERENCIA;
COB-003636;DOC-2025-03467;2025-09-29;CLP;9607219;TRANSFERENCIA;
COB-003762;DOC-2025-02351;2025-09-29;USD;6624.93;TRANSFERENCIA;
COB-003774;DOC-2025-02124;2025-09-29;USD;4134.69;TRANSFERENCIA;FCT-2025-0152
COB-003794;DOC-2025-04021;2025-09-29;CLP;63069240;TRANSFERENCIA;
COB-003845;DOC-2025-04304;2025-09-29;CLP;11990898;TRANSFERENCIA;
COB-003896;DOC-2025-02975;2025-09-29;CLP;4852483;TRANSFERENCIA;
COB-003982;DOC-2025-03070;2025-09-29;CLP;1581943;TRANSFERENCIA;
COB-004042;DOC-2025-02026;2025-09-29;USD;45052.49;FACTORING;FCT-2025-0169
COB-004082;DOC-2025-02317;2025-09-29;USD;12137.45;FACTORING;FCT-2025-0175
COB-002902;DOC-2025-02164;2025-09-30;CLP;31296521;TRANSFERENCIA;
COB-003464;DOC-2025-03216;2025-09-30;CLP;7441090;TRANSFERENCIA;
COB-003705;DOC-2025-02125;2025-09-30;USD;4735.54;TRANSFERENCIA;FCT-2025-0150
COB-003770;DOC-2025-04264;2025-09-30;CLP;6472058;TRANSFERENCIA;
COB-003926;DOC-2025-03779;2025-09-30;CLP;4851426;TRANSFERENCIA;
COB-002989;DOC-2025-03113;2025-10-01;CLP;3989063;TRANSFERENCIA;
COB-003193;DOC-2025-02104;2025-10-01;USD;81162.04;TRANSFERENCIA;
COB-003220;DOC-2025-03543;2025-10-01;CLP;779226;CHEQUE;
COB-003390;DOC-2025-02250;2025-10-01;USD;9068.04;TRANSFERENCIA;FCT-2025-0130
COB-003427;DOC-2025-03619;2025-10-01;CLP;2043380;CHEQUE;
COB-003589;DOC-2025-03744;2025-10-01;CLP;11071660;TRANSFERENCIA;
COB-003641;DOC-2025-03942;2025-10-01;CLP;2414962;TRANSFERENCIA;
COB-003653;DOC-2025-03323;2025-10-01;CLP;9117519;TRANSFERENCIA;
COB-003662;DOC-2025-03842;2025-10-01;CLP;4078426;TRANSFERENCIA;
COB-003790;DOC-2025-04282;2025-10-01;CLP;27587394;TRANSFERENCIA;
COB-003836;DOC-2025-02646;2025-10-01;CLP;6438406;TRANSFERENCIA;
COB-002858;DOC-2025-02251;2025-10-02;USD;11561.08;TRANSFERENCIA;
COB-003351;DOC-2025-03121;2025-10-02;CLP;415729;TRANSFERENCIA;
COB-003383;DOC-2025-03720;2025-10-02;CLP;4981262;TRANSFERENCIA;
COB-003823;DOC-2025-03541;2025-10-02;CLP;4878965;TRANSFERENCIA;
COB-003881;DOC-2025-04180;2025-10-02;CLP;31875207;TRANSFERENCIA;
COB-001853;DOC-2024-01436;2025-10-03;CLP;4586270;TRANSFERENCIA;
COB-002740;DOC-2025-03310;2025-10-03;CLP;7431539;TRANSFERENCIA;
COB-002802;DOC-2025-03035;2025-10-03;CLP;796518;TRANSFERENCIA;
COB-003604;DOC-2025-03498;2025-10-03;CLP;4208701;TRANSFERENCIA;
COB-003620;DOC-2025-02364;2025-10-03;USD;69492.81;TRANSFERENCIA;
COB-003786;DOC-2025-03752;2025-10-03;CLP;5116625;TRANSFERENCIA;
COB-003798;DOC-2025-03234;2025-10-03;CLP;14447052;TRANSFERENCIA;
COB-003837;DOC-2025-03639;2025-10-03;CLP;10997159;COMPENSACION;
COB-003856;DOC-2025-02838;2025-10-03;CLP;13382941;COMPENSACION;
COB-003884;DOC-2025-03480;2025-10-03;CLP;5665521;TRANSFERENCIA;
COB-004079;DOC-2025-02076;2025-10-03;USD;18146.52;FACTORING;FCT-2025-0174
COB-002181;DOC-2024-00595;2025-10-06;CLP;27090803;TRANSFERENCIA;
COB-002690;DOC-2025-03923;2025-10-06;CLP;4410241;TRANSFERENCIA;
COB-003051;DOC-2025-02769;2025-10-06;CLP;7440501;TRANSFERENCIA;
COB-003205;DOC-2025-02145;2025-10-06;USD;85373.39;TRANSFERENCIA;
COB-003452;DOC-2025-02078;2025-10-06;USD;6737.02;CHEQUE;
COB-003577;DOC-2025-04314;2025-10-06;CLP;28548453;TRANSFERENCIA;
COB-003579;DOC-2025-02239;2025-10-06;CLP;7198332;TRANSFERENCIA;FCT-2025-0141
COB-003607;DOC-2025-02090;2025-10-06;USD;71102.43;TRANSFERENCIA;
COB-003647;DOC-2025-02967;2025-10-06;CLP;2469572;TRANSFERENCIA;
COB-003687;DOC-2025-02357;2025-10-06;USD;90390.96;TRANSFERENCIA;
COB-003691;DOC-2025-02123;2025-10-06;USD;4794.55;TRANSFERENCIA;FCT-2025-0149
COB-003728;DOC-2025-03340;2025-10-06;CLP;5428410;TRANSFERENCIA;
COB-003743;DOC-2025-02269;2025-10-06;USD;60682.45;TRANSFERENCIA;
COB-003769;DOC-2025-04145;2025-10-06;CLP;38763863;TRANSFERENCIA;
COB-003789;DOC-2025-03972;2025-10-06;CLP;948322;TRANSFERENCIA;
COB-003796;DOC-2025-02168;2025-10-06;USD;4052.1;TRANSFERENCIA;FCT-2025-0154
COB-003800;DOC-2025-04076;2025-10-06;CLP;26345788;TRANSFERENCIA;
COB-003808;DOC-2025-03138;2025-10-06;CLP;7351037;TRANSFERENCIA;
COB-003861;DOC-2025-03851;2025-10-06;CLP;6786302;TRANSFERENCIA;
COB-003872;DOC-2025-03524;2025-10-06;CLP;877344;TRANSFERENCIA;
COB-003912;DOC-2025-02590;2025-10-06;CLP;11646218;TRANSFERENCIA;
COB-003954;DOC-2025-02668;2025-10-06;CLP;7891174;TRANSFERENCIA;
COB-003986;DOC-2025-02892;2025-10-06;CLP;3732253;TRANSFERENCIA;
COB-001976;DOC-2024-00039;2025-10-07;USD;7781.59;TRANSFERENCIA;
COB-002625;DOC-2025-02545;2025-10-07;CLP;1847611;CHEQUE;
COB-002845;DOC-2025-03790;2025-10-07;CLP;2677635;TRANSFERENCIA;
COB-003369;DOC-2025-02033;2025-10-07;CLP;58285651;TRANSFERENCIA;
COB-003496;DOC-2025-03134;2025-10-07;CLP;2005265;TRANSFERENCIA;
COB-003574;DOC-2025-04084;2025-10-07;CLP;1060598;TRANSFERENCIA;
COB-003655;DOC-2025-02232;2025-10-07;USD;14363.99;TRANSFERENCIA;
COB-003758;DOC-2025-04012;2025-10-07;CLP;51197682;TRANSFERENCIA;
COB-003916;DOC-2025-04281;2025-10-07;CLP;11158035;TRANSFERENCIA;
COB-002684;DOC-2025-03477;2025-10-08;CLP;1070668;CHEQUE;
COB-002878;DOC-2025-03604;2025-10-08;CLP;9264853;TRANSFERENCIA;
COB-003443;DOC-2025-03689;2025-10-08;CLP;5907571;TRANSFERENCIA;
COB-003632;DOC-2025-03041;2025-10-08;CLP;2228830;TRANSFERENCIA;
COB-003672;DOC-2025-03087;2025-10-08;CLP;4851707;TRANSFERENCIA;
COB-003756;DOC-2025-03500;2025-10-08;CLP;3505918;TRANSFERENCIA;
COB-003960;DOC-2025-03344;2025-10-08;CLP;8191615;TRANSFERENCIA;
COB-002954;DOC-2025-03287;2025-10-09;CLP;2198342;TRANSFERENCIA;
COB-003151;DOC-2025-03217;2025-10-09;CLP;7576550;TRANSFERENCIA;
COB-003535;DOC-2025-03507;2025-10-09;CLP;1700720;TRANSFERENCIA;
COB-003540;DOC-2025-02388;2025-10-09;USD;6783.6;TRANSFERENCIA;FCT-2025-0140
COB-003622;DOC-2025-02446;2025-10-09;USD;52530.83;TRANSFERENCIA;
COB-003809;DOC-2025-03327;2025-10-09;CLP;16873188;TRANSFERENCIA;
COB-003923;DOC-2025-02839;2025-10-09;CLP;1566965;TRANSFERENCIA;
COB-003957;DOC-2025-03030;2025-10-09;CLP;1946534;TRANSFERENCIA;
COB-004133;DOC-2025-02435;2025-10-09;USD;34539.17;FACTORING;FCT-2025-0178
COB-003414;DOC-2025-02044;2025-10-10;USD;3657.32;TRANSFERENCIA;FCT-2025-0131
COB-003862;DOC-2025-03970;2025-10-10;CLP;6419321;TRANSFERENCIA;
COB-003899;DOC-2025-04146;2025-10-10;CLP;10805056;TRANSFERENCIA;
COB-004014;DOC-2025-03386;2025-10-10;CLP;20090636;TRANSFERENCIA;
COB-002176;DOC-2024-01658;2025-10-13;CLP;4137390;TRANSFERENCIA;
COB-003368;DOC-2025-03760;2025-10-13;CLP;24910294;TRANSFERENCIA;
COB-003544;DOC-2025-03366;2025-10-13;CLP;5694966;TRANSFERENCIA;
COB-003608;DOC-2025-02113;2025-10-13;USD;44952.47;COMPENSACION;
COB-003679;DOC-2025-04013;2025-10-13;CLP;2356430;TRANSFERENCIA;
COB-003784;DOC-2025-03497;2025-10-13;CLP;3173672;TRANSFERENCIA;
COB-003829;DOC-2025-03062;2025-10-13;CLP;2238131;TRANSFERENCIA;
COB-003868;DOC-2025-02538;2025-10-13;CLP;2089508;TRANSFERENCIA;
COB-003940;DOC-2025-04348;2025-10-13;CLP;3163921;TRANSFERENCIA;
COB-003978;DOC-2025-04309;2025-10-13;CLP;3477162;TRANSFERENCIA;
COB-004010;DOC-2025-03976;2025-10-13;CLP;50116691;TRANSFERENCIA;
COB-004059;DOC-2025-02950;2025-10-13;CLP;7134747;CHEQUE;
COB-004097;DOC-2025-03884;2025-10-13;CLP;10900243;TRANSFERENCIA;
COB-004117;DOC-2025-02334;2025-10-13;USD;34574.39;FACTORING;FCT-2025-0176
COB-004159;DOC-2025-02473;2025-10-13;USD;14657.68;FACTORING;FCT-2025-0180
COB-004161;DOC-2025-02051;2025-10-13;USD;43924.76;FACTORING;FCT-2025-0181
COB-000235;DOC-2024-00509;2025-10-14;CLP;940692;TRANSFERENCIA;
COB-002470;DOC-2025-02808;2025-10-14;CLP;6198267;TRANSFERENCIA;
COB-002570;DOC-2025-03083;2025-10-14;CLP;232440;TRANSFERENCIA;
COB-002745;DOC-2025-03624;2025-10-14;CLP;3044096;TRANSFERENCIA;
COB-002974;DOC-2025-03549;2025-10-14;CLP;4549067;TRANSFERENCIA;
COB-003493;DOC-2025-02956;2025-10-14;CLP;4436202;TRANSFERENCIA;
COB-003740;DOC-2025-04086;2025-10-14;CLP;26256750;TRANSFERENCIA;
COB-003897;DOC-2025-03321;2025-10-14;CLP;12060175;CHEQUE;
COB-003913;DOC-2025-03162;2025-10-14;CLP;18399926;TRANSFERENCIA;
COB-003914;DOC-2025-03625;2025-10-14;CLP;1011519;TRANSFERENCIA;
COB-001438;DOC-2024-00477;2025-10-15;CLP;8877971;CHEQUE;
COB-003528;DOC-2025-02129;2025-10-15;USD;35525.55;TRANSFERENCIA;
COB-003696;DOC-2025-04020;2025-10-15;CLP;4874908;TRANSFERENCIA;
COB-003721;DOC-2025-02298;2025-10-15;USD;92228.23;TRANSFERENCIA;
COB-003725;DOC-2025-04183;2025-10-15;CLP;13343058;TRANSFERENCIA;
COB-003947;DOC-2025-02787;2025-10-15;CLP;5241756;TRANSFERENCIA;
COB-003949;DOC-2025-03598;2025-10-15;CLP;3526565;TRANSFERENCIA;
COB-004033;DOC-2025-03098;2025-10-15;CLP;5066662;TRANSFERENCIA;
COB-004034;DOC-2025-03245;2025-10-15;CLP;3906532;COMPENSACION;
COB-004130;DOC-2025-02184;2025-10-15;USD;64265.93;FACTORING;FCT-2025-0177
COB-004290;DOC-2024-90542;2025-10-15;CLP;6083374;COMPENSACION;
COB-003619;DOC-2025-02346;2025-10-16;USD;1971.37;TRANSFERENCIA;FCT-2025-0145
COB-003638;DOC-2025-03548;2025-10-16;CLP;3524419;TRANSFERENCIA;
COB-003654;DOC-2025-04238;2025-10-16;CLP;9251719;TRANSFERENCIA;
COB-003706;DOC-2025-02940;2025-10-16;CLP;11809998;TRANSFERENCIA;
COB-004055;DOC-2025-04017;2025-10-16;CLP;10990784;TRANSFERENCIA;
COB-004162;DOC-2025-02243;2025-10-16;USD;14371.3;FACTORING;FCT-2025-0182
COB-004168;DOC-2025-02291;2025-10-16;USD;64938.55;FACTORING;FCT-2025-0184
COB-002042;DOC-2024-00661;2025-10-17;CLP;3560455;TRANSFERENCIA;
COB-003149;DOC-2025-04340;2025-10-17;CLP;187113375;TRANSFERENCIA;
COB-003565;DOC-2025-02052;2025-10-17;USD;60294.56;TRANSFERENCIA;
COB-003744;DOC-2025-02269;2025-10-17;USD;44095.58;TRANSFERENCIA;
COB-003806;DOC-2025-02820;2025-10-17;CLP;631267;TRANSFERENCIA;
COB-004164;DOC-2025-02371;2025-10-17;USD;119677.36;FACTORING;FCT-2025-0183
COB-004190;DOC-2025-02682;2025-10-17;CLP;16055637;TRANSFERENCIA;
COB-000828;DOC-2024-00917;2025-10-20;CLP;2311963;TRANSFERENCIA;
COB-002732;DOC-2025-02874;2025-10-20;CLP;416066;TRANSFERENCIA;
COB-003360;DOC-2025-02589;2025-10-20;CLP;5144826;TRANSFERENCIA;
COB-003373;DOC-2025-02342;2025-10-20;USD;52241.54;TRANSFERENCIA;
COB-003515;DOC-2025-02321;2025-10-20;USD;6792.01;TRANSFERENCIA;
COB-003610;DOC-2025-02136;2025-10-20;USD;21150.94;TRANSFERENCIA;
COB-003648;DOC-2025-02967;2025-10-20;CLP;3239292;TRANSFERENCIA;
COB-003703;DOC-2025-02080;2025-10-20;USD;6968.68;TRANSFERENCIA;
COB-003767;DOC-2025-03425;2025-10-20;CLP;6499845;TRANSFERENCIA;
COB-003799;DOC-2025-03597;2025-10-20;CLP;10337773;TRANSFERENCIA;
COB-003817;DOC-2025-03351;2025-10-20;CLP;4142527;TRANSFERENCIA;
COB-003909;DOC-2025-03951;2025-10-20;CLP;13098380;TRANSFERENCIA;
COB-003939;DOC-2025-02333;2025-10-20;USD;16958.83;TRANSFERENCIA;
COB-003944;DOC-2025-02535;2025-10-20;CLP;7650017;TRANSFERENCIA;
COB-003955;DOC-2025-02752;2025-10-20;CLP;7857101;TRANSFERENCIA;
COB-003961;DOC-2025-03472;2025-10-20;CLP;2939876;TRANSFERENCIA;
COB-003964;DOC-2025-04257;2025-10-20;CLP;21636974;TRANSFERENCIA;
COB-003971;DOC-2025-03906;2025-10-20;CLP;6255136;TRANSFERENCIA;
COB-003975;DOC-2025-03996;2025-10-20;CLP;1474870;TRANSFERENCIA;
COB-003984;DOC-2025-03171;2025-10-20;CLP;5090668;TRANSFERENCIA;
COB-003995;DOC-2025-03692;2025-10-20;CLP;3713857;TRANSFERENCIA;
COB-002947;DOC-2025-03069;2025-10-21;CLP;10781881;TRANSFERENCIA;
COB-003222;DOC-2025-03591;2025-10-21;CLP;8461483;TRANSFERENCIA;
COB-003263;DOC-2025-02638;2025-10-21;CLP;3950559;CHEQUE;
COB-003423;DOC-2025-03116;2025-10-21;CLP;4164881;TRANSFERENCIA;
COB-003813;DOC-2025-04164;2025-10-21;CLP;10595634;TRANSFERENCIA;
COB-003840;DOC-2025-03476;2025-10-21;CLP;4059358;TRANSFERENCIA;
COB-003893;DOC-2025-02688;2025-10-21;CLP;9430912;TRANSFERENCIA;
COB-003315;DOC-2025-02337;2025-10-22;USD;4582.95;TRANSFERENCIA;FCT-2025-0124
COB-003689;DOC-2025-02979;2025-10-22;CLP;2598145;COMPENSACION;
COB-003928;DOC-2025-03798;2025-10-22;CLP;2021745;TRANSFERENCIA;
COB-003969;DOC-2025-02980;2025-10-22;CLP;4294108;TRANSFERENCIA;
COB-003979;DOC-2025-04309;2025-10-22;CLP;2765921;TRANSFERENCIA;
COB-003983;DOC-2025-03070;2025-10-22;CLP;1899431;TRANSFERENCIA;
COB-004143;DOC-2025-02227;2025-10-22;USD;95136.44;FACTORING;FCT-2025-0179
COB-003430;DOC-2025-03845;2025-10-23;CLP;369291;TRANSFERENCIA;
COB-003447;DOC-2025-02246;2025-10-23;USD;15396.45;TRANSFERENCIA;FCT-2025-0135
COB-003526;DOC-2025-03552;2025-10-23;CLP;56137197;TRANSFERENCIA;
COB-003635;DOC-2025-03449;2025-10-23;CLP;2153633;CHEQUE;
COB-003859;DOC-2025-03211;2025-10-23;CLP;2078796;TRANSFERENCIA;
COB-003937;DOC-2025-02765;2025-10-23;CLP;4622435;TRANSFERENCIA;
COB-004196;DOC-2025-03064;2025-10-23;CLP;21981487;TRANSFERENCIA;
COB-002981;DOC-2025-03920;2025-10-24;CLP;4409664;COMPENSACION;
COB-003357;DOC-2025-02095;2025-10-24;USD;27939.05;TRANSFERENCIA;FCT-2025-0127
COB-003722;DOC-2025-03071;2025-10-24;CLP;10528707;TRANSFERENCIA;
COB-003958;DOC-2025-03030;2025-10-24;CLP;2851852;TRANSFERENCIA;
COB-004043;DOC-2025-02945;2025-10-24;CLP;845616;TRANSFERENCIA;
COB-004271;DOC-2023-97636;2025-10-24;CLP;6104891;COMPENSACION;
COB-001778;DOC-2024-01507;2025-10-27;CLP;3063180;TRANSFERENCIA;
COB-002691;DOC-2025-03923;2025-10-27;CLP;4410241;TRANSFERENCIA;
COB-003201;DOC-2025-02572;2025-10-27;CLP;6925451;TRANSFERENCIA;
COB-003328;DOC-2025-02082;2025-10-27;USD;22341.56;TRANSFERENCIA;
COB-003523;DOC-2025-02844;2025-10-27;CLP;16219727;TRANSFERENCIA;
COB-003546;DOC-2025-03719;2025-10-27;CLP;3079152;TRANSFERENCIA;
COB-003731;DOC-2025-03175;2025-10-27;CLP;2395399;TRANSFERENCIA;
COB-003741;DOC-2025-04137;2025-10-27;CLP;16718583;COMPENSACION;
COB-003742;DOC-2025-04271;2025-10-27;CLP;9188094;TRANSFERENCIA;
COB-003750;DOC-2025-02907;2025-10-27;CLP;2247652;TRANSFERENCIA;
COB-003801;DOC-2025-02464;2025-10-27;CLP;9942261;TRANSFERENCIA;
COB-003834;DOC-2025-02303;2025-10-27;USD;48404.05;COMPENSACION;
COB-003857;DOC-2025-02884;2025-10-27;CLP;5791419;TRANSFERENCIA;
COB-003877;DOC-2025-02523;2025-10-27;CLP;1548069;TRANSFERENCIA;
COB-003922;DOC-2025-02582;2025-10-27;CLP;1573526;TRANSFERENCIA;
COB-003941;DOC-2025-04348;2025-10-27;CLP;3418809;TRANSFERENCIA;
COB-003959;DOC-2025-03297;2025-10-27;CLP;4502747;TRANSFERENCIA;
COB-004071;DOC-2025-03666;2025-10-27;CLP;2050041;TRANSFERENCIA;
COB-004072;DOC-2025-03687;2025-10-27;CLP;2565400;TRANSFERENCIA;
COB-004098;DOC-2025-04035;2025-10-27;CLP;10832260;TRANSFERENCIA;
COB-004298;DOC-2025-91527;2025-10-27;CLP;432274;COMPENSACION;
COB-003061;DOC-2025-02843;2025-10-28;CLP;23988434;TRANSFERENCIA;
COB-003285;DOC-2025-02057;2025-10-28;USD;115910.26;TRANSFERENCIA;
COB-003374;DOC-2025-02342;2025-10-28;USD;34607.47;TRANSFERENCIA;
COB-003556;DOC-2025-02611;2025-10-28;CLP;29372952;TRANSFERENCIA;
COB-003601;DOC-2025-03095;2025-10-28;CLP;2222968;TRANSFERENCIA;
COB-003734;DOC-2025-03487;2025-10-28;CLP;31476350;CHEQUE;
COB-004084;DOC-2025-02547;2025-10-28;CLP;15014943;TRANSFERENCIA;
COB-004093;DOC-2025-03677;2025-10-28;CLP;13802417;CHEQUE;
COB-001833;DOC-2024-01224;2025-10-29;CLP;1016118;COMPENSACION;
COB-002571;DOC-2025-03083;2025-10-29;CLP;232440;TRANSFERENCIA;
COB-003221;DOC-2025-03543;2025-10-29;CLP;552145;TRANSFERENCIA;
COB-003715;DOC-2025-02272;2025-10-29;CLP;35975115;TRANSFERENCIA;
COB-003078;DOC-2025-03810;2025-10-30;CLP;3642992;TRANSFERENCIA;
COB-003660;DOC-2025-02992;2025-10-30;CLP;11102591;TRANSFERENCIA;
COB-003710;DOC-2025-04322;2025-10-30;CLP;14935034;TRANSFERENCIA;
COB-003825;DOC-2025-04110;2025-10-30;CLP;9577523;TRANSFERENCIA;
COB-003976;DOC-2025-03996;2025-10-30;CLP;1273320;TRANSFERENCIA;
COB-003980;DOC-2025-02707;2025-10-30;CLP;3292967;CHEQUE;
COB-004038;DOC-2025-04010;2025-10-30;CLP;7515315;TRANSFERENCIA;
COB-001955;DOC-2024-00459;2025-11-03;CLP;5127876;TRANSFERENCIA;
COB-002593;DOC-2025-02023;2025-11-03;USD;1870.21;TRANSFERENCIA;
COB-003262;DOC-2025-02591;2025-11-03;CLP;10490712;TRANSFERENCIA;
COB-003606;DOC-2025-03146;2025-11-03;CLP;8102558;CHEQUE;
COB-003682;DOC-2025-04200;2025-11-03;CLP;488834;TRANSFERENCIA;
COB-003737;DOC-2025-04071;2025-11-03;CLP;14180117;TRANSFERENCIA;
COB-003778;DOC-2025-02365;2025-11-03;USD;22100.09;TRANSFERENCIA;
COB-003780;DOC-2025-02905;2025-11-03;CLP;6438547;TRANSFERENCIA;
COB-003920;DOC-2025-02167;2025-11-03;USD;3911.52;TRANSFERENCIA;FCT-2025-0161
COB-003924;DOC-2025-02839;2025-11-03;CLP;2824260;TRANSFERENCIA;
COB-003948;DOC-2025-04178;2025-11-03;CLP;5252385;TRANSFERENCIA;
COB-003965;DOC-2025-04286;2025-11-03;CLP;30592557;TRANSFERENCIA;
COB-003977;DOC-2025-04187;2025-11-03;CLP;27730647;TRANSFERENCIA;
COB-003985;DOC-2025-02524;2025-11-03;CLP;3069979;TRANSFERENCIA;
COB-003993;DOC-2025-03082;2025-11-03;CLP;6446293;TRANSFERENCIA;
COB-003999;DOC-2025-04235;2025-11-03;CLP;9308920;TRANSFERENCIA;
COB-004008;DOC-2025-03644;2025-11-03;CLP;9804066;TRANSFERENCIA;
COB-004015;DOC-2025-03443;2025-11-03;CLP;1951259;TRANSFERENCIA;
COB-004046;DOC-2025-04227;2025-11-03;CLP;13133217;TRANSFERENCIA;
COB-004052;DOC-2025-03365;2025-11-03;CLP;19418263;COMPENSACION;
COB-004194;DOC-2025-02166;2025-11-03;CLP;39278205;FACTORING;FCT-2025-0185
COB-004203;DOC-2025-02202;2025-11-03;USD;52543.21;FACTORING;FCT-2025-0186
COB-003650;DOC-2025-02896;2025-11-04;CLP;5309547;TRANSFERENCIA;
COB-003763;DOC-2025-02399;2025-11-04;USD;111117.58;TRANSFERENCIA;
COB-003870;DOC-2025-03370;2025-11-04;CLP;2051176;TRANSFERENCIA;
COB-003901;DOC-2025-04171;2025-11-04;CLP;5401114;TRANSFERENCIA;
COB-003927;DOC-2025-03779;2025-11-04;CLP;5313622;TRANSFERENCIA;
COB-003953;DOC-2025-02345;2025-11-04;USD;12734.23;TRANSFERENCIA;FCT-2025-0164
COB-004070;DOC-2025-03398;2025-11-04;CLP;14562606;TRANSFERENCIA;
COB-004094;DOC-2025-03703;2025-11-04;CLP;20626859;TRANSFERENCIA;
COB-004128;DOC-2025-03330;2025-11-04;CLP;5454128;TRANSFERENCIA;
COB-001725;DOC-2024-01354;2025-11-05;CLP;2699902;TRANSFERENCIA;
COB-001832;DOC-2024-01224;2025-11-05;CLP;1016118;TRANSFERENCIA;
COB-003018;DOC-2025-02575;2025-11-05;CLP;807627;TRANSFERENCIA;
COB-003575;DOC-2025-04084;2025-11-05;CLP;1214580;TRANSFERENCIA;
COB-004062;DOC-2025-02525;2025-11-05;CLP;5047187;TRANSFERENCIA;
COB-004197;DOC-2025-03357;2025-11-05;CLP;5468494;TRANSFERENCIA;
COB-004242;DOC-2025-02954;2025-11-05;CLP;1185626;TRANSFERENCIA;
COB-002523;DOC-2025-03466;2025-11-06;CLP;2661462;TRANSFERENCIA;
COB-003240;DOC-2025-03699;2025-11-06;CLP;3249194;TRANSFERENCIA;
COB-003602;DOC-2025-03095;2025-11-06;CLP;1665057;TRANSFERENCIA;
COB-003793;DOC-2025-03222;2025-11-06;CLP;15784079;TRANSFERENCIA;
COB-003822;DOC-2025-03499;2025-11-06;CLP;2520810;TRANSFERENCIA;
COB-004067;DOC-2025-02614;2025-11-06;CLP;16460029;TRANSFERENCIA;
COB-004091;DOC-2025-03450;2025-11-06;CLP;8284076;CHEQUE;
COB-004148;DOC-2025-02743;2025-11-06;CLP;4503905;CHEQUE;
COB-004204;DOC-2025-02188;2025-11-06;USD;18297.11;FACTORING;FCT-2025-0187
COB-002409;DOC-2024-01891;2025-11-07;CLP;3744380;TRANSFERENCIA;
COB-002859;DOC-2025-02251;2025-11-07;USD;7685.65;CHEQUE;
COB-003053;DOC-2025-03739;2025-11-07;CLP;7226816;TRANSFERENCIA;
COB-003752;DOC-2025-03102;2025-11-07;CLP;5736791;TRANSFERENCIA;
COB-003759;DOC-2025-02249;2025-11-07;USD;16919.76;TRANSFERENCIA;
COB-003903;DOC-2025-02340;2025-11-07;USD;61035.1;TRANSFERENCIA;
COB-003987;DOC-2025-04263;2025-11-07;CLP;11107187;TRANSFERENCIA;
COB-004292;DOC-2024-92343;2025-11-07;CLP;1675174;COMPENSACION;
COB-001779;DOC-2024-01507;2025-11-10;CLP;4847859;TRANSFERENCIA;
COB-001790;DOC-2024-00587;2025-11-10;CLP;1814553;TRANSFERENCIA;
COB-002742;DOC-2025-03310;2025-11-10;CLP;7431539;TRANSFERENCIA;
COB-002829;DOC-2025-03661;2025-11-10;CLP;272185;TRANSFERENCIA;
COB-003194;DOC-2025-02162;2025-11-10;USD;16346.77;TRANSFERENCIA;
COB-003445;DOC-2025-02208;2025-11-10;USD;98395.76;TRANSFERENCIA;
COB-003484;DOC-2025-02329;2025-11-10;USD;33609.63;CHEQUE;
COB-003584;DOC-2025-02150;2025-11-10;USD;38785.85;TRANSFERENCIA;
COB-003642;DOC-2025-03984;2025-11-10;CLP;52026137;TRANSFERENCIA;
COB-003657;DOC-2025-02308;2025-11-10;USD;7413.2;TRANSFERENCIA;FCT-2025-0146
COB-003680;DOC-2025-04013;2025-11-10;CLP;3811103;COMPENSACION;
COB-003781;DOC-2025-03180;2025-11-10;CLP;52727503;CHEQUE;
COB-003787;DOC-2025-03816;2025-11-10;CLP;5968673;TRANSFERENCIA;
COB-003838;DOC-2025-03827;2025-11-10;CLP;1305140;TRANSFERENCIA;
COB-003846;DOC-2025-02180;2025-11-10;USD;35500.47;CHEQUE;
COB-003882;DOC-2025-02253;2025-11-10;USD;119452.58;TRANSFERENCIA;
COB-003908;DOC-2025-02803;2025-11-10;CLP;3562681;TRANSFERENCIA;
COB-003911;DOC-2025-02508;2025-11-10;USD;43180.18;TRANSFERENCIA;
COB-003932;DOC-2025-04039;2025-11-10;CLP;5703661;COMPENSACION;
COB-004074;DOC-2025-03853;2025-11-10;CLP;6685155;TRANSFERENCIA;
COB-004090;DOC-2025-03235;2025-11-10;CLP;5360404;TRANSFERENCIA;
COB-004140;DOC-2025-03629;2025-11-10;CLP;5154929;TRANSFERENCIA;
COB-004167;DOC-2025-03284;2025-11-10;CLP;9169900;TRANSFERENCIA;
COB-004217;DOC-2025-02400;2025-11-10;USD;51344.92;FACTORING;FCT-2025-0188
COB-003522;DOC-2025-02534;2025-11-11;CLP;2775850;TRANSFERENCIA;
COB-003582;DOC-2025-03811;2025-11-11;CLP;16058224;TRANSFERENCIA;
COB-003775;DOC-2025-02170;2025-11-11;USD;11184.93;TRANSFERENCIA;
COB-004029;DOC-2025-02383;2025-11-11;USD;20985.92;TRANSFERENCIA;
COB-004032;DOC-2025-03037;2025-11-11;CLP;356225;TRANSFERENCIA;
COB-004060;DOC-2025-03100;2025-11-11;CLP;10853437;TRANSFERENCIA;
COB-004095;DOC-2025-03776;2025-11-11;CLP;3454539;TRANSFERENCIA;
COB-003111;DOC-2025-02889;2025-11-12;CLP;3991335;TRANSFERENCIA;
COB-003709;DOC-2025-03523;2025-11-12;CLP;14336281;TRANSFERENCIA;
COB-003738;DOC-2025-04071;2025-11-12;CLP;17346860;TRANSFERENCIA;
COB-003810;DOC-2025-03640;2025-11-12;CLP;10217522;TRANSFERENCIA;
COB-003946;DOC-2025-02637;2025-11-12;CLP;11809427;TRANSFERENCIA;
COB-004127;DOC-2025-04138;2025-11-12;CLP;48397387;TRANSFERENCIA;
COB-004166;DOC-2025-02684;2025-11-12;CLP;8446402;TRANSFERENCIA;
COB-003494;DOC-2025-02956;2025-11-13;CLP;4986608;TRANSFERENCIA;
COB-003521;DOC-2025-03786;2025-11-13;CLP;4022945;TRANSFERENCIA;
COB-003771;DOC-2025-04311;2025-11-13;CLP;27987071;TRANSFERENCIA;
COB-004105;DOC-2025-03613;2025-11-13;CLP;3566240;CHEQUE;
COB-001450;DOC-2024-01545;2025-11-14;CLP;3888851;TRANSFERENCIA;
COB-002202;DOC-2024-01520;2025-11-14;CLP;487759;TRANSFERENCIA;
COB-003768;DOC-2025-03618;2025-11-14;CLP;7314559;TRANSFERENCIA;
COB-004006;DOC-2025-02485;2025-11-14;CLP;10814122;CHEQUE;
COB-004122;DOC-2025-03333;2025-11-14;CLP;7783681;TRANSFERENCIA;
COB-002201;DOC-2024-01520;2025-11-17;CLP;487759;TRANSFERENCIA;
COB-002759;DOC-2025-02784;2025-11-17;CLP;2533393;TRANSFERENCIA;
COB-003264;DOC-2025-02638;2025-11-17;CLP;2620629;TRANSFERENCIA;
COB-003352;DOC-2025-03121;2025-11-17;CLP;547016;TRANSFERENCIA;
COB-003599;DOC-2025-02941;2025-11-17;CLP;1731595;TRANSFERENCIA;
COB-003803;DOC-2025-02479;2025-11-17;USD;50724.0;TRANSFERENCIA;
COB-003830;DOC-2025-03062;2025-11-17;CLP;2058965;TRANSFERENCIA;
COB-003833;DOC-2025-02143;2025-11-17;USD;26712.72;TRANSFERENCIA;
COB-003874;DOC-2025-04025;2025-11-17;CLP;60772495;TRANSFERENCIA;
COB-003878;DOC-2025-04088;2025-11-17;CLP;23555284;TRANSFERENCIA;
COB-003900;DOC-2025-04146;2025-11-17;CLP;14740822;TRANSFERENCIA;
COB-003938;DOC-2025-02772;2025-11-17;CLP;14509851;TRANSFERENCIA;
COB-003970;DOC-2025-02980;2025-11-17;CLP;2722318;TRANSFERENCIA;
COB-003973;DOC-2025-03695;2025-11-17;CLP;562505;TRANSFERENCIA;
COB-004017;DOC-2025-03585;2025-11-17;CLP;2743376;TRANSFERENCIA;
COB-004018;DOC-2025-04142;2025-11-17;CLP;68599280;TRANSFERENCIA;
COB-004025;DOC-2025-04317;2025-11-17;CLP;7987387;TRANSFERENCIA;
COB-004040;DOC-2025-04350;2025-11-17;CLP;6988055;TRANSFERENCIA;
COB-004068;DOC-2025-02756;2025-11-17;CLP;49553010;TRANSFERENCIA;
COB-004112;DOC-2025-03255;2025-11-17;CLP;915408;COMPENSACION;
COB-004155;DOC-2025-04056;2025-11-17;CLP;8668615;TRANSFERENCIA;
COB-004188;DOC-2025-03897;2025-11-17;CLP;8173036;TRANSFERENCIA;
COB-004214;DOC-2025-03862;2025-11-17;CLP;7034113;TRANSFERENCIA;
COB-001967;DOC-2024-01058;2025-11-18;CLP;10869673;TRANSFERENCIA;
COB-003470;DOC-2025-02158;2025-11-18;CLP;44415442;TRANSFERENCIA;
COB-003621;DOC-2025-02433;2025-11-18;USD;22857.48;CHEQUE;
COB-003934;DOC-2025-04098;2025-11-18;CLP;53668350;TRANSFERENCIA;
COB-004007;DOC-2025-02711;2025-11-18;CLP;5856579;TRANSFERENCIA;
COB-004019;DOC-2025-02063;2025-11-18;USD;25828.81;TRANSFERENCIA;
COB-004077;DOC-2025-03187;2025-11-18;CLP;2109915;TRANSFERENCIA;
COB-004102;DOC-2025-04294;2025-11-18;CLP;7216323;TRANSFERENCIA;
COB-004227;DOC-2025-02439;2025-11-18;USD;52534.63;FACTORING;FCT-2025-0189
COB-003699;DOC-2025-02555;2025-11-19;CLP;1865426;CHEQUE;
COB-003732;DOC-2025-03175;2025-11-19;CLP;3240791;TRANSFERENCIA;
COB-004054;DOC-2025-03843;2025-11-19;CLP;1736565;TRANSFERENCIA;
COB-004144;DOC-2025-02587;2025-11-19;CLP;5742482;TRANSFERENCIA;
COB-003438;DOC-2025-02626;2025-11-20;CLP;9502749;TRANSFERENCIA;
COB-003760;DOC-2025-02249;2025-11-20;USD;17469.96;TRANSFERENCIA;
COB-004147;DOC-2025-02658;2025-11-20;CLP;3905409;TRANSFERENCIA;
COB-004234;DOC-2025-02271;2025-11-20;CLP;131857154;FACTORING;FCT-2025-0190
COB-002437;DOC-2025-03303;2025-11-21;CLP;2693498;TRANSFERENCIA;
COB-002801;DOC-2025-02864;2025-11-21;CLP;4813974;TRANSFERENCIA;
COB-002996;DOC-2025-02661;2025-11-21;CLP;1966637;TRANSFERENCIA;
COB-003152;DOC-2025-03252;2025-11-21;CLP;4132277;TRANSFERENCIA;
COB-003296;DOC-2025-03587;2025-11-21;CLP;4412858;COMPENSACION;
COB-003827;DOC-2025-02343;2025-11-21;USD;2472.86;TRANSFERENCIA;FCT-2025-0156
COB-003855;DOC-2025-02708;2025-11-21;CLP;7535432;COMPENSACION;
COB-004000;DOC-2025-04235;2025-11-21;CLP;10370336;TRANSFERENCIA;
COB-004057;DOC-2025-02469;2025-11-21;USD;17628.85;TRANSFERENCIA;
COB-002410;DOC-2024-01891;2025-11-24;CLP;2121079;TRANSFERENCIA;
COB-002846;DOC-2025-03790;2025-11-24;CLP;2677635;TRANSFERENCIA;
COB-003057;DOC-2025-02570;2025-11-24;CLP;4818890;TRANSFERENCIA;
COB-003425;DOC-2025-03547;2025-11-24;CLP;3496650;TRANSFERENCIA;
COB-003509;DOC-2025-02359;2025-11-24;USD;33449.55;TRANSFERENCIA;
COB-003527;DOC-2025-04354;2025-11-24;CLP;22383438;TRANSFERENCIA;
COB-003807;DOC-2025-02846;2025-11-24;CLP;2209750;TRANSFERENCIA;
COB-003814;DOC-2025-04274;2025-11-24;CLP;24575485;TRANSFERENCIA;
COB-003839;DOC-2025-03827;2025-11-24;CLP;1132520;CHEQUE;
COB-003841;DOC-2025-03476;2025-11-24;CLP;4527783;TRANSFERENCIA;
COB-003887;DOC-2025-02398;2025-11-24;USD;20617.79;TRANSFERENCIA;
COB-003935;DOC-2025-04203;2025-11-24;CLP;37970866;CHEQUE;
COB-003991;DOC-2025-02481;2025-11-24;USD;11907.51;TRANSFERENCIA;
COB-003992;DOC-2025-02883;2025-11-24;CLP;2711947;TRANSFERENCIA;
COB-004012;DOC-2025-02391;2025-11-24;USD;10655.57;TRANSFERENCIA;
COB-004035;DOC-2025-03245;2025-11-24;CLP;3022822;TRANSFERENCIA;
COB-004039;DOC-2025-04104;2025-11-24;CLP;30216299;TRANSFERENCIA;
COB-004053;DOC-2025-03814;2025-11-24;CLP;7725437;TRANSFERENCIA;
COB-004069;DOC-2025-02969;2025-11-24;CLP;1964783;TRANSFERENCIA;
COB-004085;DOC-2025-02705;2025-11-24;CLP;1589634;TRANSFERENCIA;
COB-004088;DOC-2025-03075;2025-11-24;CLP;11522480;CHEQUE;
COB-004089;DOC-2025-03228;2025-11-24;CLP;19177815;COMPENSACION;
COB-004115;DOC-2025-04140;2025-11-24;CLP;6352365;TRANSFERENCIA;
COB-004121;DOC-2025-03143;2025-11-24;CLP;15816310;TRANSFERENCIA;
COB-004134;DOC-2025-04097;2025-11-24;CLP;6104211;TRANSFERENCIA;
COB-004138;DOC-2025-03319;2025-11-24;CLP;3353226;TRANSFERENCIA;
COB-004152;DOC-2025-03402;2025-11-24;CLP;1363177;TRANSFERENCIA;
COB-004154;DOC-2025-03409;2025-11-24;CLP;11062634;TRANSFERENCIA;
COB-004206;DOC-2025-03526;2025-11-24;CLP;2079102;TRANSFERENCIA;
COB-004237;DOC-2025-02231;2025-11-24;USD;38041.6;FACTORING;FCT-2025-0191
COB-003091;DOC-2025-02579;2025-11-25;CLP;2016630;TRANSFERENCIA;
COB-003802;DOC-2025-02464;2025-11-25;CLP;6570006;TRANSFERENCIA;
COB-003917;DOC-2025-02086;2025-11-25;USD;19628.85;CHEQUE;
COB-003997;DOC-2025-03926;2025-11-25;CLP;1102804;TRANSFERENCIA;
COB-004108;DOC-2025-03753;2025-11-25;CLP;3189681;TRANSFERENCIA;
COB-004118;DOC-2025-02764;2025-11-25;CLP;5068561;TRANSFERENCIA;
COB-004123;DOC-2025-03915;2025-11-25;CLP;4676489;TRANSFERENCIA;
COB-003290;DOC-2025-02532;2025-11-26;CLP;5508002;TRANSFERENCIA;
COB-003432;DOC-2025-04109;2025-11-26;CLP;22184410;TRANSFERENCIA;
COB-003473;DOC-2025-02736;2025-11-26;CLP;9063372;TRANSFERENCIA;
COB-003864;DOC-2025-04160;2025-11-26;CLP;14917914;TRANSFERENCIA;
COB-003867;DOC-2025-02183;2025-11-26;USD;3124.71;TRANSFERENCIA;FCT-2025-0158
COB-003889;DOC-2025-02436;2025-11-26;USD;17870.42;TRANSFERENCIA;
COB-003930;DOC-2025-04016;2025-11-26;CLP;36790830;TRANSFERENCIA;
COB-003994;DOC-2025-03406;2025-11-26;CLP;1323118;TRANSFERENCIA;
COB-004020;DOC-2025-02063;2025-11-26;USD;14125.69;TRANSFERENCIA;
COB-004045;DOC-2025-03250;2025-11-26;CLP;9449033;TRANSFERENCIA;
COB-004099;DOC-2025-04091;2025-11-26;CLP;16549967;CHEQUE;
COB-004103;DOC-2025-02268;2025-11-26;USD;31348.02;TRANSFERENCIA;
COB-004106;DOC-2025-03226;2025-11-26;CLP;6560263;TRANSFERENCIA;
COB-004125;DOC-2025-04050;2025-11-26;CLP;8559073;TRANSFERENCIA;
COB-004149;DOC-2025-03126;2025-11-26;CLP;11291252;TRANSFERENCIA;
COB-004210;DOC-2025-02952;2025-11-26;CLP;7682194;CHEQUE;
COB-002541;DOC-2025-03391;2025-11-27;CLP;6112351;TRANSFERENCIA;
COB-003436;DOC-2025-03328;2025-11-27;CLP;8207824;TRANSFERENCIA;
COB-003664;DOC-2025-03354;2025-11-27;CLP;8157511;TRANSFERENCIA;
COB-003915;DOC-2025-04054;2025-11-27;CLP;35227267;CHEQUE;
COB-004031;DOC-2025-02562;2025-11-27;CLP;13696285;TRANSFERENCIA;
COB-004066;DOC-2025-02137;2025-11-27;USD;1979.43;TRANSFERENCIA;FCT-2025-0172
COB-004081;DOC-2025-02264;2025-11-27;USD;20041.52;TRANSFERENCIA;
COB-004116;DOC-2025-04278;2025-11-27;CLP;10984094;TRANSFERENCIA;
COB-004129;DOC-2025-03330;2025-11-27;CLP;3680401;TRANSFERENCIA;
COB-001451;DOC-2024-01545;2025-11-28;CLP;3666296;TRANSFERENCIA;
COB-003475;DOC-2025-03908;2025-11-28;CLP;2990112;TRANSFERENCIA;
COB-003720;DOC-2025-03232;2025-11-28;CLP;14367254;TRANSFERENCIA;
COB-003753;DOC-2025-03102;2025-11-28;CLP;8602719;TRANSFERENCIA;
COB-003858;DOC-2025-03043;2025-11-28;CLP;22094024;TRANSFERENCIA;
COB-003871;DOC-2025-03370;2025-11-28;CLP;2799541;CHEQUE;
COB-003888;DOC-2025-02412;2025-11-28;CLP;65233839;TRANSFERENCIA;
COB-003974;DOC-2025-03695;2025-11-28;CLP;342852;TRANSFERENCIA;
COB-002733;DOC-2025-02874;2025-12-01;CLP;416066;TRANSFERENCIA;
COB-002741;DOC-2025-03310;2025-12-01;CLP;7431539;CHEQUE;
COB-002746;DOC-2025-03624;2025-12-01;CLP;3044096;CHEQUE;
COB-002803;DOC-2025-03035;2025-12-01;CLP;796518;TRANSFERENCIA;
COB-003772;DOC-2025-02112;2025-12-01;USD;14899.64;TRANSFERENCIA;
COB-003891;DOC-2025-02456;2025-12-01;USD;7732.35;TRANSFERENCIA;FCT-2025-0159
COB-003904;DOC-2025-02552;2025-12-01;CLP;5091596;TRANSFERENCIA;
COB-004004;DOC-2025-04130;2025-12-01;CLP;26700067;TRANSFERENCIA;
COB-004011;DOC-2025-04353;2025-12-01;CLP;3600714;TRANSFERENCIA;
COB-004028;DOC-2025-02213;2025-12-01;USD;68982.73;TRANSFERENCIA;
COB-004030;DOC-2025-02383;2025-12-01;USD;36342.63;TRANSFERENCIA;
COB-004083;DOC-2025-02489;2025-12-01;USD;15998.03;TRANSFERENCIA;
COB-004100;DOC-2025-04216;2025-12-01;CLP;85235190;TRANSFERENCIA;
COB-004120;DOC-2025-03105;2025-12-01;CLP;2978209;TRANSFERENCIA;
COB-004180;DOC-2025-03650;2025-12-01;CLP;4275606;TRANSFERENCIA;
COB-004207;DOC-2025-03667;2025-12-01;CLP;1905621;TRANSFERENCIA;
COB-004259;DOC-2025-03698;2025-12-01;CLP;1485710;TRANSFERENCIA;
COB-002674;DOC-2025-02228;2025-12-02;USD;26953.23;TRANSFERENCIA;
COB-003597;DOC-2025-02455;2025-12-02;USD;26734.01;TRANSFERENCIA;
COB-003832;DOC-2025-03652;2025-12-02;CLP;19086679;CHEQUE;
COB-004002;DOC-2025-02209;2025-12-02;USD;22651.47;CHEQUE;
COB-004036;DOC-2025-03911;2025-12-02;CLP;4279514;CHEQUE;
COB-004096;DOC-2025-03795;2025-12-02;CLP;4911263;TRANSFERENCIA;
COB-004257;DOC-2025-02071;2025-12-02;USD;20802.28;FACTORING;FCT-2025-0197
COB-002045;DOC-2024-01483;2025-12-03;CLP;2164142;TRANSFERENCIA;
COB-003267;DOC-2025-03442;2025-12-03;CLP;4233214;TRANSFERENCIA;
COB-003776;DOC-2025-02170;2025-12-03;USD;9963.9;CHEQUE;
COB-003936;DOC-2025-02422;2025-12-03;USD;20562.98;TRANSFERENCIA;
COB-004049;DOC-2025-02774;2025-12-03;CLP;3487020;TRANSFERENCIA;
COB-004192;DOC-2025-03839;2025-12-03;CLP;3561971;CHEQUE;
COB-004216;DOC-2025-04159;2025-12-03;CLP;24200207;TRANSFERENCIA;
COB-003079;DOC-2025-03810;2025-12-04;CLP;2668693;TRANSFERENCIA;
COB-003658;DOC-2025-02510;2025-12-04;CLP;10683496;TRANSFERENCIA;
COB-003716;DOC-2025-02897;2025-12-04;CLP;12412440;TRANSFERENCIA;
COB-003746;DOC-2025-02706;2025-12-04;CLP;3352616;TRANSFERENCIA;
COB-003848;DOC-2025-02417;2025-12-04;USD;1865.06;TRANSFERENCIA;
COB-003943;DOC-2025-02397;2025-12-04;CLP;1278291;TRANSFERENCIA;FCT-2025-0162
COB-004044;DOC-2025-02945;2025-12-04;CLP;1411257;TRANSFERENCIA;
COB-004051;DOC-2025-02811;2025-12-04;CLP;14222760;TRANSFERENCIA;
COB-004139;DOC-2025-03551;2025-12-04;CLP;7456628;TRANSFERENCIA;
COB-004199;DOC-2025-03429;2025-12-04;CLP;6312710;TRANSFERENCIA;
COB-004248;DOC-2025-02327;2025-12-04;USD;46322.05;FACTORING;FCT-2025-0192
COB-002059;DOC-2024-00843;2025-12-05;CLP;7445041;TRANSFERENCIA;
COB-003332;DOC-2025-02770;2025-12-05;CLP;8798069;TRANSFERENCIA;
COB-003693;DOC-2025-03451;2025-12-05;CLP;4502489;TRANSFERENCIA;
COB-003764;DOC-2025-02399;2025-12-05;USD;97240.89;TRANSFERENCIA;
COB-003844;DOC-2025-04136;2025-12-05;CLP;12230536;TRANSFERENCIA;
COB-004104;DOC-2025-02353;2025-12-05;USD;74890.72;TRANSFERENCIA;
COB-004169;DOC-2025-03711;2025-12-05;CLP;15488865;TRANSFERENCIA;
COB-004179;DOC-2025-03505;2025-12-05;CLP;21138741;CHEQUE;
COB-004231;DOC-2025-02667;2025-12-05;CLP;7598244;TRANSFERENCIA;
COB-000236;DOC-2024-00509;2025-12-09;CLP;940692;TRANSFERENCIA;
COB-002830;DOC-2025-03661;2025-12-09;CLP;272185;TRANSFERENCIA;
COB-003362;DOC-2025-02742;2025-12-09;CLP;5967988;CHEQUE;
COB-003626;DOC-2025-02609;2025-12-09;CLP;14967602;TRANSFERENCIA;
COB-003815;DOC-2025-02140;2025-12-09;USD;24073.97;TRANSFERENCIA;
COB-003879;DOC-2025-04088;2025-12-09;CLP;19760891;TRANSFERENCIA;
COB-003902;DOC-2025-04171;2025-12-09;CLP;4592871;TRANSFERENCIA;
COB-003906;DOC-2025-02225;2025-12-09;USD;5209.58;TRANSFERENCIA;
COB-003925;DOC-2025-03387;2025-12-09;CLP;12183891;TRANSFERENCIA;
COB-003929;DOC-2025-03798;2025-12-09;CLP;3664245;TRANSFERENCIA;
COB-003962;DOC-2025-04191;2025-12-09;CLP;44833985;TRANSFERENCIA;
COB-003972;DOC-2025-02965;2025-12-09;CLP;7189510;TRANSFERENCIA;
COB-003981;DOC-2025-02707;2025-12-09;CLP;2698787;CHEQUE;
COB-003988;DOC-2025-02055;2025-12-09;USD;40581.05;TRANSFERENCIA;
COB-003996;DOC-2025-03772;2025-12-09;CLP;5907170;TRANSFERENCIA;
COB-004021;DOC-2025-03072;2025-12-09;CLP;7850701;TRANSFERENCIA;
COB-004023;DOC-2025-03766;2025-12-09;CLP;2705868;TRANSFERENCIA;
COB-004064;DOC-2025-02069;2025-12-09;USD;23269.32;TRANSFERENCIA;
COB-004073;DOC-2025-03754;2025-12-09;CLP;6634643;TRANSFERENCIA;
COB-004109;DOC-2025-03753;2025-12-09;CLP;1719482;COMPENSACION;
COB-004135;DOC-2025-04097;2025-12-09;CLP;6276123;CHEQUE;
COB-004150;DOC-2025-03137;2025-12-09;CLP;13580770;TRANSFERENCIA;
COB-004170;DOC-2025-03148;2025-12-09;CLP;7969441;TRANSFERENCIA;
COB-004176;DOC-2025-03077;2025-12-09;CLP;6153868;TRANSFERENCIA;
COB-004181;DOC-2025-03971;2025-12-09;CLP;3265499;TRANSFERENCIA;
COB-004201;DOC-2025-03880;2025-12-09;CLP;2774013;TRANSFERENCIA;
COB-004224;DOC-2025-02798;2025-12-09;CLP;6157050;TRANSFERENCIA;
COB-004226;DOC-2025-03726;2025-12-09;CLP;7295216;TRANSFERENCIA;
COB-004246;DOC-2025-03416;2025-12-09;CLP;5923227;TRANSFERENCIA;
COB-003956;DOC-2025-02825;2025-12-10;CLP;2073855;TRANSFERENCIA;
COB-004016;DOC-2025-03443;2025-12-10;CLP;1951259;TRANSFERENCIA;
COB-004136;DOC-2025-04260;2025-12-10;CLP;24554799;CHEQUE;
COB-004146;DOC-2025-02651;2025-12-10;CLP;5150206;TRANSFERENCIA;
COB-004156;DOC-2025-04056;2025-12-10;CLP;8836204;CHEQUE;
COB-004187;DOC-2025-02933;2025-12-10;CLP;10090422;TRANSFERENCIA;
COB-004200;DOC-2025-03649;2025-12-10;CLP;3433430;CHEQUE;
COB-004243;DOC-2025-03053;2025-12-10;CLP;2043998;TRANSFERENCIA;
COB-004251;DOC-2025-02022;2025-12-10;CLP;34947108;FACTORING;FCT-2025-0193
COB-004254;DOC-2025-02339;2025-12-10;USD;128592.66;FACTORING;FCT-2025-0195
COB-002572;DOC-2025-03083;2025-12-11;CLP;232440;TRANSFERENCIA;
COB-003843;DOC-2025-02598;2025-12-11;CLP;4843627;TRANSFERENCIA;
COB-004137;DOC-2025-03124;2025-12-11;CLP;4904455;CHEQUE;
COB-004145;DOC-2025-02587;2025-12-11;CLP;4652275;TRANSFERENCIA;
COB-004193;DOC-2025-03933;2025-12-11;CLP;3168042;TRANSFERENCIA;
COB-004195;DOC-2025-02621;2025-12-11;CLP;18370412;TRANSFERENCIA;
COB-004212;DOC-2025-03539;2025-12-11;CLP;3671110;TRANSFERENCIA;
COB-004233;DOC-2025-03878;2025-12-11;CLP;3604208;TRANSFERENCIA;
COB-004250;DOC-2025-03793;2025-12-11;CLP;12674946;TRANSFERENCIA;
COB-004252;DOC-2025-02480;2025-12-11;USD;49129.39;FACTORING;FCT-2025-0194
COB-003600;DOC-2025-02941;2025-12-12;CLP;1716882;TRANSFERENCIA;
COB-004001;DOC-2025-04253;2025-12-12;CLP;12118701;TRANSFERENCIA;
COB-004058;DOC-2025-02469;2025-12-12;USD;10995.96;TRANSFERENCIA;
COB-004107;DOC-2025-03557;2025-12-12;CLP;1555054;TRANSFERENCIA;
COB-004294;DOC-2023-95285;2025-12-12;CLP;478839;TRANSFERENCIA;
COB-002595;DOC-2025-02023;2025-12-15;USD;1870.21;TRANSFERENCIA;
COB-003299;DOC-2025-03733;2025-12-15;CLP;9876035;TRANSFERENCIA;
COB-003745;DOC-2025-02297;2025-12-15;USD;58900.52;TRANSFERENCIA;
COB-003835;DOC-2025-02484;2025-12-15;USD;130717.64;TRANSFERENCIA;
COB-003892;DOC-2025-02520;2025-12-15;CLP;5329799;TRANSFERENCIA;
COB-003905;DOC-2025-04342;2025-12-15;CLP;9909862;TRANSFERENCIA;
COB-003989;DOC-2025-02068;2025-12-15;USD;10679.64;TRANSFERENCIA;
COB-004026;DOC-2025-02083;2025-12-15;USD;59359.08;TRANSFERENCIA;
COB-004048;DOC-2025-02305;2025-12-15;USD;15136.82;TRANSFERENCIA;FCT-2025-0170
COB-004050;DOC-2025-02774;2025-12-15;CLP;2970472;TRANSFERENCIA;
COB-004075;DOC-2025-04121;2025-12-15;CLP;25070089;TRANSFERENCIA;
COB-004078;DOC-2025-03380;2025-12-15;CLP;24045073;TRANSFERENCIA;
COB-004158;DOC-2025-04202;2025-12-15;CLP;15086799;CHEQUE;
COB-004177;DOC-2025-03198;2025-12-15;CLP;5783674;TRANSFERENCIA;
COB-004202;DOC-2025-04165;2025-12-15;CLP;37413198;TRANSFERENCIA;
COB-004229;DOC-2025-03120;2025-12-15;CLP;8370669;TRANSFERENCIA;
COB-004236;DOC-2025-03504;2025-12-15;CLP;6432894;TRANSFERENCIA;
COB-004261;DOC-2025-02093;2025-12-15;USD;66492.85;FACTORING;FCT-2025-0198
COB-004262;DOC-2025-02261;2025-12-15;USD;14850.66;FACTORING;FCT-2025-0199
COB-002804;DOC-2025-03035;2025-12-16;CLP;796518;TRANSFERENCIA;
COB-003268;DOC-2025-03496;2025-12-16;CLP;12771925;TRANSFERENCIA;
COB-003596;DOC-2025-02186;2025-12-16;USD;58482.65;CHEQUE;
COB-003688;DOC-2025-02827;2025-12-16;CLP;2282628;TRANSFERENCIA;
COB-003865;DOC-2025-04160;2025-12-16;CLP;9445380;TRANSFERENCIA;
COB-003967;DOC-2025-02206;2025-12-16;USD;2827.82;TRANSFERENCIA;FCT-2025-0165
COB-004178;DOC-2025-03418;2025-12-16;CLP;3522112;TRANSFERENCIA;
COB-004182;DOC-2025-02131;2025-12-16;USD;47412.86;CHEQUE;
COB-004222;DOC-2025-04033;2025-12-16;CLP;7637718;TRANSFERENCIA;
COB-004260;DOC-2025-03889;2025-12-16;CLP;7715793;TRANSFERENCIA;
COB-003404;DOC-2025-02644;2025-12-17;CLP;18946858;CHEQUE;
COB-003437;DOC-2025-02605;2025-12-17;CLP;1661556;TRANSFERENCIA;
COB-003921;DOC-2025-02284;2025-12-17;USD;165031.94;TRANSFERENCIA;
COB-003950;DOC-2025-02230;2025-12-17;USD;121278.74;TRANSFERENCIA;
COB-004113;DOC-2025-03255;2025-12-17;CLP;1425223;TRANSFERENCIA;
COB-004165;DOC-2025-02516;2025-12-17;CLP;1969577;TRANSFERENCIA;
COB-004174;DOC-2025-02666;2025-12-17;CLP;6711962;TRANSFERENCIA;
COB-004175;DOC-2025-03044;2025-12-17;CLP;6721895;CHEQUE;
COB-004223;DOC-2025-04273;2025-12-17;CLP;5780662;TRANSFERENCIA;
COB-004228;DOC-2025-02718;2025-12-17;CLP;17308592;TRANSFERENCIA;
COB-002060;DOC-2024-00843;2025-12-18;CLP;10595040;TRANSFERENCIA;
COB-003092;DOC-2025-02579;2025-12-18;CLP;1919207;TRANSFERENCIA;
COB-003675;DOC-2025-03700;2025-12-18;CLP;19857018;TRANSFERENCIA;
COB-004009;DOC-2025-03901;2025-12-18;CLP;12735268;TRANSFERENCIA;
COB-004132;DOC-2025-02355;2025-12-18;USD;70648.67;TRANSFERENCIA;
COB-004173;DOC-2025-02408;2025-12-18;USD;91011.41;TRANSFERENCIA;
COB-004205;DOC-2025-03111;2025-12-18;CLP;6478692;TRANSFERENCIA;
COB-004253;DOC-2025-03022;2025-12-18;CLP;7931482;TRANSFERENCIA;
COB-004256;DOC-2025-02427;2025-12-18;USD;84590.56;FACTORING;FCT-2025-0196
COB-003797;DOC-2025-02262;2025-12-19;USD;124188.74;TRANSFERENCIA;
COB-003842;DOC-2025-03582;2025-12-19;CLP;16707088;TRANSFERENCIA;
COB-003990;DOC-2025-02214;2025-12-19;USD;85093.54;TRANSFERENCIA;
COB-004092;DOC-2025-03450;2025-12-19;CLP;6433832;TRANSFERENCIA;
COB-004142;DOC-2025-03982;2025-12-19;CLP;6569154;TRANSFERENCIA;
COB-004171;DOC-2025-04315;2025-12-19;CLP;1208113;TRANSFERENCIA;
COB-004191;DOC-2025-03106;2025-12-19;CLP;1705025;TRANSFERENCIA;
COB-004235;DOC-2025-04305;2025-12-19;CLP;4364953;TRANSFERENCIA;
COB-004239;DOC-2025-02620;2025-12-19;CLP;3781189;TRANSFERENCIA;
COB-002594;DOC-2025-02023;2025-12-22;USD;1870.21;TRANSFERENCIA;
COB-003431;DOC-2025-03845;2025-12-22;CLP;369291;CHEQUE;
COB-003791;DOC-2025-02775;2025-12-22;CLP;14842446;TRANSFERENCIA;
COB-003792;DOC-2025-03188;2025-12-22;CLP;2001692;TRANSFERENCIA;
COB-003811;DOC-2025-03640;2025-12-22;CLP;7765290;TRANSFERENCIA;
COB-003852;DOC-2025-02628;2025-12-22;CLP;3761447;TRANSFERENCIA;
COB-004013;DOC-2025-02391;2025-12-22;USD;12066.95;TRANSFERENCIA;
COB-004056;DOC-2025-04077;2025-12-22;CLP;22069191;TRANSFERENCIA;
COB-004086;DOC-2025-02717;2025-12-22;CLP;7292593;TRANSFERENCIA;
COB-004087;DOC-2025-02879;2025-12-22;CLP;28990931;TRANSFERENCIA;
COB-004126;DOC-2025-04050;2025-12-22;CLP;10621834;TRANSFERENCIA;
COB-004160;DOC-2025-02934;2025-12-22;CLP;1783554;COMPENSACION;
COB-004163;DOC-2025-02243;2025-12-22;USD;1596.81;TRANSFERENCIA;FCT-2025-0182
COB-004183;DOC-2025-03609;2025-12-22;CLP;4105894;TRANSFERENCIA;
COB-004184;DOC-2025-03626;2025-12-22;CLP;3092113;COMPENSACION;
COB-004186;DOC-2025-04018;2025-12-22;CLP;20671718;COMPENSACION;
COB-004208;DOC-2025-03846;2025-12-22;CLP;2671960;TRANSFERENCIA;
COB-004211;DOC-2025-03531;2025-12-22;CLP;2788215;TRANSFERENCIA;
COB-004218;DOC-2025-03005;2025-12-22;CLP;3020845;TRANSFERENCIA;
COB-004220;DOC-2025-03730;2025-12-22;CLP;2072817;TRANSFERENCIA;
COB-004244;DOC-2025-02802;2025-12-22;CLP;12578497;TRANSFERENCIA;
COB-004263;DOC-2025-02151;2025-12-22;USD;43121.05;FACTORING;FCT-2025-0200
COB-004264;DOC-2025-02380;2025-12-22;CLP;120039950;FACTORING;FCT-2025-0201
COB-004265;DOC-2025-02893;2025-12-22;CLP;2022830;TRANSFERENCIA;
COB-004267;DOC-2025-02169;2025-12-22;USD;42031.71;FACTORING;FCT-2025-0202
COB-003411;DOC-2025-02836;2025-12-23;CLP;3470222;TRANSFERENCIA;
COB-003501;DOC-2025-03898;2025-12-23;CLP;3777534;TRANSFERENCIA;
COB-003849;DOC-2025-02417;2025-12-23;USD;1865.06;TRANSFERENCIA;
COB-004022;DOC-2025-03533;2025-12-23;CLP;3127479;TRANSFERENCIA;
COB-004213;DOC-2025-03581;2025-12-23;CLP;5451319;TRANSFERENCIA;
COB-004240;DOC-2025-02710;2025-12-23;CLP;3967154;TRANSFERENCIA;
COB-003847;DOC-2025-02324;2025-12-24;USD;52647.47;TRANSFERENCIA;
COB-004037;DOC-2025-03911;2025-12-24;CLP;5022426;TRANSFERENCIA;
COB-004110;DOC-2025-02577;2025-12-24;CLP;3170635;TRANSFERENCIA;
COB-004245;DOC-2025-02852;2025-12-24;CLP;3122123;TRANSFERENCIA;
COB-004258;DOC-2025-03238;2025-12-24;CLP;8763930;CHEQUE;
COB-004268;DOC-2025-03432;2025-12-24;CLP;3782492;TRANSFERENCIA;
COB-002418;DOC-2025-03204;2025-12-26;CLP;1575821;TRANSFERENCIA;
COB-003319;DOC-2025-03013;2025-12-26;CLP;5270737;CHEQUE;
COB-003627;DOC-2025-02609;2025-12-26;CLP;9968987;TRANSFERENCIA;
COB-003694;DOC-2025-03451;2025-12-26;CLP;7763579;TRANSFERENCIA;
COB-003886;DOC-2025-02290;2025-12-26;USD;26019.28;TRANSFERENCIA;
COB-003998;DOC-2025-03926;2025-12-26;CLP;2003015;TRANSFERENCIA;
COB-004024;DOC-2025-04047;2025-12-26;CLP;2647424;TRANSFERENCIA;
COB-004041;DOC-2025-04350;2025-12-26;CLP;6988055;TRANSFERENCIA;
COB-004119;DOC-2025-02764;2025-12-26;CLP;4079693;TRANSFERENCIA;
COB-004157;DOC-2025-04127;2025-12-26;CLP;5492058;CHEQUE;
COB-004185;DOC-2025-03662;2025-12-26;CLP;1315578;CHEQUE;
COB-004225;DOC-2025-03244;2025-12-26;CLP;2235383;CHEQUE;
COB-004241;DOC-2025-03668;2025-12-26;CLP;556346;TRANSFERENCIA;
COB-004247;DOC-2025-02985;2025-12-26;CLP;1180374;TRANSFERENCIA;
COB-004266;DOC-2025-03067;2025-12-26;CLP;11601016;TRANSFERENCIA;
COB-004270;DOC-2025-02275;2025-12-26;USD;16997.49;FACTORING;FCT-2025-0206
COB-001996;DOC-2024-01505;2025-12-29;CLP;11600202;TRANSFERENCIA;
COB-002335;DOC-2024-01385;2025-12-29;CLP;1075934;TRANSFERENCIA;
COB-003153;DOC-2025-03252;2025-12-29;CLP;2664063;TRANSFERENCIA;
COB-003633;DOC-2025-03197;2025-12-29;CLP;16220876;TRANSFERENCIA;
COB-003754;DOC-2025-03293;2025-12-29;CLP;11589672;TRANSFERENCIA;
COB-003824;DOC-2025-04005;2025-12-29;CLP;32302352;TRANSFERENCIA;
COB-003931;DOC-2025-04016;2025-12-29;CLP;27579182;TRANSFERENCIA;
COB-004003;DOC-2025-02444;2025-12-29;USD;24765.24;TRANSFERENCIA;
COB-004101;DOC-2025-04223;2025-12-29;CLP;14899159;TRANSFERENCIA;
COB-004141;DOC-2025-03918;2025-12-29;CLP;3788444;TRANSFERENCIA;
COB-004189;DOC-2025-02873;2025-12-29;CLP;2905034;TRANSFERENCIA;
COB-004198;DOC-2025-03369;2025-12-29;CLP;3383586;TRANSFERENCIA;
COB-004209;DOC-2025-02461;2025-12-29;USD;97084.75;TRANSFERENCIA;
COB-004215;DOC-2025-04007;2025-12-29;CLP;40255045;TRANSFERENCIA;
COB-004219;DOC-2025-03199;2025-12-29;CLP;5178978;TRANSFERENCIA;
COB-004221;DOC-2025-03433;2025-12-29;CLP;9560347;TRANSFERENCIA;
COB-004230;DOC-2025-02541;2025-12-29;CLP;2300282;TRANSFERENCIA;
COB-003019;DOC-2025-02575;2025-12-30;CLP;807627;COMPENSACION;
COB-003933;DOC-2025-04039;2025-12-30;CLP;5703661;TRANSFERENCIA;
COB-004061;DOC-2025-04356;2025-12-30;CLP;9733556;TRANSFERENCIA;
COB-004080;DOC-2025-02076;2025-12-30;USD;2016.28;TRANSFERENCIA;FCT-2025-0174
COB-004111;DOC-2025-03152;2025-12-30;CLP;24158376;TRANSFERENCIA;
COB-004124;DOC-2025-04042;2025-12-30;CLP;6034750;TRANSFERENCIA;
COB-004151;DOC-2025-03292;2025-12-30;CLP;10817776;TRANSFERENCIA;
COB-004153;DOC-2025-03402;2025-12-30;CLP;1210400;TRANSFERENCIA;
COB-004172;DOC-2025-04315;2025-12-30;CLP;811315;TRANSFERENCIA;
COB-004114;DOC-2025-02292;2025-12-31;USD;45111.01;TRANSFERENCIA;
COB-004131;DOC-2025-04262;2025-12-31;CLP;12196955;COMPENSACION;
COB-004232;DOC-2025-02667;2025-12-31;CLP;4711924;TRANSFERENCIA;
COB-004238;DOC-2025-02580;2025-12-31;CLP;584190;TRANSFERENCIA;
COB-004249;DOC-2025-03034;2025-12-31;CLP;2766901;TRANSFERENCIA;
COB-004255;DOC-2025-03707;2025-12-31;CLP;707264;TRANSFERENCIA;
COB-004269;DOC-2025-02059;2025-12-31;USD;17249.54;FACTORING;FCT-2025-0204
